filename,size,duration,filester url,studio id,tags
sensuallove.26.05.25.kelly.collins.and.leona.mia.goddesses.of.lovemaking.1080p.mp4,4616128571,3020.559,,8be0252c,"69, 8K, Armpit Licking, Blonde, Kissing, Lesbian, Masturbation, Pussy Licking, Rimming, Shaved Pussy"
wowgirls.26.05.22.kira.kyox.the.alluring.huntress.1080p.mp4,5286375836,3454.511,,g4a96c67,"4K, 60 Frames, 8K, Blonde, Blowjob, Cum In Mouth, Handjob, Hardcore, POV, Pussy Licking, Shaved Pussy, Small Tits"
angelslove.26.05.20.liz.ocean.and.polly.yangs.wake.up.call.1080p.mp4,6028146829,3941.058,,53a13f65,"8K, Blonde, Blowjob, Brunette, FFM, Handjob, Hardcore, Kissing, Masturbation, POV, Pussy Licking, Shaved Pussy, Threesome"
ultrafilms.26.05.19.leona.mia.two.candies.1080p.mp4,4187064727,2745.854,,4dfa7603,"8K, Dildo and Toys, Lingerie, Masturbation, Shaved Pussy, Solo, Stockings"
wowgirls.26.05.15.georgia.naughty.afternoon.1080p.mp4,3448626478,2251.529,,e35908d0,"4K, 60 Frames, 8K, Masturbation, Shaved Pussy, Solo"
sensuallove.26.05.15.chelsea.baby.and.kira.kyox.naughty.sweetness.1080p.mp4,4236806043,2777.167,,60609def,"69, 8K, Blonde, Finger Licking, Kissing, Lesbian, Masturbation, Pussy Licking, Shaved Pussy, Small Tits"
ultrafilms.26.05.12.sarah.heizel.her.first.sex.movie.1080p.mp4,3861611412,2535.279,,f6946768,"8K, Blowjob, Brunette, Hardcore, Lingerie, Masturbation, Pussy Licking, Shaved Pussy"
angelslove.26.05.10.chanel.x.and.vixi.rafi.lustful.curiosities.1080p.mp4,4854520580,3176.967,,3c3d294c,"8K, Blowjob, Cum In Mouth, FFM, Hardcore, Kissing, Masturbation, POV, Pussy Licking, Redhead, Shaved Pussy, Small Tits, Threesome"
wowgirls.26.05.08.leona.mia.and.chanel.x.velvet.caress.1080p.mp4,5221886314,3416.784,,yf0dff34,"4K, 60 Frames, 8K, Armpit Licking, Finger Licking, Lesbian, Masturbation, Pussy Licking, Redhead, Shaved Pussy, Small Tits, Stockings"
sensuallove.26.05.05.kelly.collins.and.polly.yangs.thirsty.bodies.1080p.mp4,5124764440,3344.5261,,33cb73ef,"8K, Blonde, Kissing, Lesbian, Lingerie, Masturbation, Outdoors, Pussies Slip 'n' Slide, Pussy Licking, Shaved Pussy"
ultrafilms.26.05.05.bella.spark.princess.of.hotness.1080p.mp4,2427740575,1598.308,,2021197a,"8K, Blonde, Finger Licking, Masturbation, Solo"
angelslove.26.05.01.kelly.collins.and.lexi.montana.stunning.angels.1080p.mp4,6575066327,4308.492,,c80384eb,"69, 8K, Blonde, Blowjob, FFM, Handjob, Hardcore, Kissing, Lingerie, Masturbation, POV, Pussy Licking, Shaved Pussy, Stockings, Threesome"
wowgirls.26.05.01.avrora.meey.naughty.angel.1080p.mp4,2334404318,1529.842,,bc81454e,"4K, 60 Frames, 8K, Blonde, Masturbation, Shaved Pussy, Solo"
ultrafilms.26.04.28.kelly.collins.and.lexi.montana.crave.curiosity.1080p.mp4,4504964722,2959.991,,dfc38995,"8K, Blonde, Kissing, Lesbian, Masturbation, Pussy Licking, Shaved Pussy"
sensuallove.26.04.25.avrora.meey.and.vixi.rafi.discovering.sapphic.1080p.mp4,5164274322,3384.746,,db3d1f49,"69, 8K, Blonde, Brunette, Kissing, Lesbian, Lingerie, Masturbation, POV, Pussy Licking, Shaved Pussy, Small Tits"
wowgirls.26.04.24.nata.ocean.ahead.of.passion.1080p.mp4,5069593222,3320.53,,j7838fc6,"4K, 60 Frames, 8K, Blonde, Blowjob, Finger Licking, Hardcore, Lingerie, Masturbation, POV, Shaved Pussy"
ultrafilms.26.04.21.kinsley.white.tatami.dreams.1080p.mp4,2301508246,1511.4,,eda5360e,"6K, Masturbation, Shaved Pussy, Solo"
angelslove.26.04.20.noi.feja.and.novella.night.slutty.mood.1080p.mp4,4397239223,2886.464,,2a9ee7ea,"8K, Blonde, Blowjob, Creampie, Deepthroat, FFM, Hardcore, Kissing, Lingerie, Masturbation, Pussy Licking, Redhead, Shaved Pussy, Small Tits, Threesome"
wowgirls.26.04.17.diana.heaven.slow.build.up.intensity.1080p.mp4,3114300475,2083.6775,,wf839aae,"4K, 60 Frames, 8K, Blonde, Lingerie, Masturbation, Shaved Pussy, Solo"
sensuallove.26.04.15.kuromi.and.sonya.blaze.divine.feminine.1080p.mp4,2979069108,1956.765,,6873d495,"8K, Kissing, Lesbian, Lingerie, Masturbation, Pussy Licking, Shaved Pussy"
ultrafilms.26.04.14.nikoletta.queen.the.insatiable.beauty.1080p.mp4,4102117058,2714.4053,,1e74f1ed,"8K, Blonde, Blowjob, Dance, Hardcore, Kissing, Lingerie, POV, Pussy Licking, Shaved Pussy, Stockings"
ultrafilms.26.04.11.alice.kiss.sunset.bombshell.1080p.mp4,3586824218,2360.823,,53eb2252,"8K, Big Tits, Finger Licking, Masturbation, Shaved Pussy, Solo, Stockings"
wowgirls.26.04.10.sonya.blaze.and.vixi.rafi.the.tomboys.seduction.1080p.mp4,5198235662,3404.127,,cc878a51,"4K, 60 Frames, 69, 8K, Finger Licking, Lesbian, Lingerie, POV, Pussy Licking, Shaved Pussy, Small Tits"
angelslove.26.04.10.chanel.x.and.kitty.wild.hot.pussies.1080p.mp4,5020492918,3285.549,,a47c5b2c,"8K, Blonde, Blowjob, FFM, Hardcore, Kissing, Lingerie, Masturbation, Pussy Licking, Redhead, Shaved Pussy, Small Tits, Threesome"
ultrafilms.26.04.07.sarah.heizel.pretty.pretty.1080p.mp4,2327042408,1522.764,,fc010b1c,"8K, Brunette, Lingerie, Masturbation, Shaved Pussy, Solo"
wowgirls.26.04.05.kuromi.your.private.sunshine.1080p.mp4,3252395159,2123.53,,z7cf09e9,"4K, 60 Frames, 8K, Masturbation, Shaved Pussy, Solo"
sensuallove.26.04.05.bella.spark.chanel.x.and.kitty.wild.amazing.lovers.1080p.mp4,4753867543,3115.433,,a69d1c8a,"8K, Blonde, FFF+, Kissing, Lesbian, Lingerie, Masturbation, POV, Pussy Licking, Redhead, Rimming, Shaved Pussy, Small Tits, Threesome"
angelslove.26.04.01.cherry.crush.and.nikoletta.queen.real.play.1080p.mp4,4581301593,2998.976,,3d7df435,"8K, Blonde, Blowjob, FFM, Handjob, Hardcore, Kissing, Lingerie, Masturbation, POV, Pussy Licking, Redhead, Shaved Pussy, Small Tits, Threesome"
ultrafilms.26.04.01.bella.spark.cherry.crush.and.leona.mia.playful.lovemaking.1080p.mp4,4844489347,3180.3,,1975993d,"8K, Blonde, FFF+, Kissing, Lesbian, Lingerie, Masturbation, POV, Pussy Licking, Redhead, Shaved Pussy, Small Tits, Threesome"
wowgirls.26.03.30.asandra.dewy.closer.to.assandra.1080p.mp4,3110586672,2031.614,,z77d54a4,"4K, 60 Frames, 8K, Brunette, Finger Licking, Masturbation, Shaved Pussy, Solo"
wowgirls.26.03.27.bella.spark.inspiring.intimacy.1080p.mp4,3863829703,2575.162,,c96f3e8e,"4K, 60 Frames, 8K, Blonde, Blowjob, Creampie, Deepthroat, Footjob, Handjob, Hardcore, Lingerie, Masturbation, POV"
sensuallove.26.03.25.chelsea.baby.and.kelly.collins.bloom.for.me.1080p.mp4,4734261121,3094.16,,1987b29f,"69, 8K, Armpit Licking, Blonde, Foot Fetish, Kissing, Lesbian, Masturbation, Outdoors, POV, Pussy Licking, Shaved Pussy, Small Tits"
ultrafilms.26.03.24.chelsea.baby.exposing.desires.1080p.mp4,2719758574,1786.322,,f55fe938,"6K, Masturbation, Small Tits, Solo"
wowgirls.26.03.20.leona.mia.seducing.agent.1080p.mp4,2876501699,1880.431,,x0cb9e97,"4K, 60 Frames, 6K, Lingerie, Masturbation, Oil and Cream, Outdoors, Shaved Pussy, Solo"
angelslove.26.03.20.chanel.x.and.vanessa.alessia.naughty.geometry.1080p.mp4,4946923238,3235.831,,fc9dd9ff,"69, 8K, Blowjob, Brunette, FFM, Hardcore, Kissing, Lingerie, POV, Pussy Licking, Redhead, Shaved Pussy, Small Tits, Threesome"
ultrafilms.26.03.17.chanel.x.and.noi.feja.unleashing.naughty.1080p.mp4,4485151680,2937.7239,,a3f362f0,"8K, Dildo and Toys, Kissing, Lesbian, Lingerie, Masturbation, Pussy Licking, Redhead, Shaved Pussy, Small Tits"
ultrafilms.26.03.17.chanel.x.and.noi.feja.unleashing.naughty.1080p.mp4,4485151680,2937.7239,,a3f362f0,"8K, Dildo and Toys, Kissing, Lesbian, Lingerie, Masturbation, Pussy Licking, Redhead, Shaved Pussy, Small Tits"
sensuallove.26.03.15.diana.heaven.and.leona.mia.the.tomboys.kiss.1080p.mp4,6189327738,4057.241,,6675df03,"69, 8K, Blonde, Lesbian, Lingerie, Masturbation, POV, Pussy Licking, Shaved Pussy, Stockings"
wowgirls.26.03.13.kira.kyox.and.kuromi.stitched.1080p.mp4,5724360162,3754.477,,v44ed84e,"4K, 60 Frames, 8K, Armpit Licking, Blonde, Fashion Show, Lesbian, Lingerie, Masturbation, Pussy Licking, Shaved Pussy, Small Tits"
angelslove.26.03.10.matty.and.nata.ocean.winning.him.over.1080p.mp4,4993935321,3273.184,,32ae9472,"8K, Blonde, Blowjob, Brunette, Deepthroat, FFM, Handjob, Hardcore, Kissing, Masturbation, Oil and Cream, POV, Pussy Licking, Shaved Pussy, Small Tits, Threesome"
ultrafilms.26.03.10.alecia.fox.and.polly.yangs.long.awaited.love.1080p.mp4,4786997230,3129.052,,b60db581,"6K, Blonde, Finger Licking, Kissing, Lesbian, Lingerie, Masturbation, Pussy Licking, Rimming, Shaved Pussy, Small Tits"
wowgirls.26.03.06.mila.azul.hot.night.1080p.mp4,2052319353,1348.061,,w684380f,"4K, 60 Frames, 8K, Big Tits, Finger Licking, Lingerie, Masturbation, Redhead, Shaved Pussy, Solo, Stockings"
sensuallove.26.03.05.kira.kyox.sonya.blaze.first.date.mp4,5088560427,,,,
ultrafilms.26.03.03.diana.heaven.delicious.fingers.1080p.mp4,2825030849,1849.166,,d8350600,"6K, Blonde, Finger Licking, Masturbation, Outdoors, Shaved Pussy, Solo"
angelslove.26.03.01.novella.night.and.vixi.rafi.naughty.team.1080p.mp4,5858254174,3834.996,,c552825b,"8K, Armpit Licking, Blonde, Blowjob, Cum In Mouth, Deepthroat, FFM, Foot Fetish, Handjob, Hardcore, Kissing, Masturbation, POV, Pussy Licking, Rimming, Shaved Pussy, Small Tits, Threesome"
wowgirls.26.02.27.vanessa.alessia.and.vixi.rafi.lustful.harmony.1080p.mp4,7076322051,4633.293,,xfcec6fa,"4K, 60 Frames, 8K, Blowjob, Deepthroat, FFM, Hardcore, Lingerie, Masturbation, POV, Pussy Licking, Shaved Pussy, Small Tits, Threesome"
sensuallove.26.02.25.chanel.x.and.liz.ocean.turned.on.pussies.1080p.mp4,4619694962,,,8dd2abe8,"8K, Kissing, Lesbian, Lingerie, Masturbation, POV, Pussy Licking, Redhead, Shaved Pussy, Small Tits"
ultrafilms.26.02.23.chanel.x.and.cherry.crush.redhead.crush.1080p.mp4,4163384903,2731.283,,afd40ddb,"8K, Armpit Licking, Kissing, Lesbian, Lingerie, Masturbation, Pussy Licking, Redhead, Rimming, Shaved Pussy, Small Tits"
ultrafilms.26.02.22.leona.mia.happy.hour.1080p.mp4,3231356343,2112.324,,abb33180,"8K, Masturbation, Outdoors, Shaved Pussy, Solo"
wowgirls.26.02.20.georgia.dream.girl.1080p.mp4,3227901214,2108.7761,,vd8abe29,"4K, 60 Frames, 8K, Finger Licking, Masturbation, Shaved Pussy, Solo"
angelslove.26.02.20.cherry.crush.and.vixi.rafi.lustful.friends.1080p.mp4,5267499311,3449.386,,ae8751cd,"69, 8K, Blowjob, Creampie, FFM, Hardcore, Kissing, Lingerie, Masturbation, POV, Pussy Licking, Redhead, Shaved Pussy, Small Tits, Threesome"
ultrafilms.26.02.17.chanel.x.winter.affair.1080p.mp4,4210504053,2761.46,,b88ac759,"8K, Blowjob, Hardcore, Kissing, Lingerie, Masturbation, Pussy Licking, Redhead, Shaved Pussy, Small Tits"
sensuallove.26.02.15.chelsea.baby.and.kira.kyox.very.naughty.neighbor.3.1080p.mp4,5966242657,,,d111d217,"8K, Armpit Licking, Blonde, Kissing, Lesbian, Masturbation, Pussy Licking, Sapphic First, Shaved Pussy, Small Tits"
wowgirls.26.02.13.leona.mia.and.diana.heaven.girly.bedroom.1080p.mp4,4520021455,2965.2551,,i0e7ca81,"4K, 60 Frames, 69, 8K, Lesbian, Masturbation, Pussy Licking, Shaved Pussy"
angelslove.26.02.10.kitty.wild.and.sirena.milano.deviously.delightful.1080p.mp4,5182335534,3396.798,,5183495e,"8K, Blonde, Blowjob, Cum In Mouth, FFM, Finger Licking, Foot Fetish, Hardcore, Kissing, Lingerie, Masturbation, Pussy Licking, Redhead, Rimming, Shaved Pussy, Threesome"
ultrafilms.26.02.10.diana.heaven.intimate.moments.with.diana.1080p.mp4,4319506688,2834.9429,,93e10ece,"8K, Blonde, Masturbation, Pantyhose, Shaved Pussy, Solo"
wowgirls.26.02.09.shania.vegax.sweaty.seductive.1080p.mp4,2710499524,1772.235,,waa9dd65,"4K, 60 Frames, 8K, Masturbation, Redhead, Shaved Pussy, Solo"
wowgirls.26.02.05.vixi.rafi.yoga.with.vixi.1080p.mp4,2416826782,1576.088,,u5bd1092,"4K, 60 Frames, 8K, Outdoors, Shaved Pussy, Small Tits, Softcore, Solo, Sport and Fitness"
sensuallove.26.02.05.bella.spark.and.nikoletta.queen.naughty.break.1080p.mp4,4516704394,,,e2f12b3b,"69, 8K, Blonde, Finger Licking, Kissing, Lesbian, Lingerie, Masturbation, POV, Pussy Licking, Rimming, Shaved Pussy"
ultrafilms.26.02.03.alecia.fox.kelly.collins.and.tiffany.tatum.hot.pussies.only.1080p.mp4,4999276118,3261.1719,,62dd5cd5,"8K, Blonde, FFF+, Kissing, Lesbian, Lingerie, Masturbation, POV, Pussies Slip 'n' Slide, Pussy Licking, Shaved Pussy, Small Tits, Threesome"
angelslove.26.02.01.noi.feja.and.polly.yangs.crazy.passion.to.please.1080p.mp4,6959636729,4557.724,,9938de36,"8K, Blonde, Blowjob, Deepthroat, FFM, Handjob, Hardcore, Kissing, POV, Pussy Licking, Redhead, Shaved Pussy, Threesome"
wowgirls.26.01.30.kitty.wild.wild.lust.1080p.mp4,5664776268,3710.54,,za78905b,"4K, 60 Frames, 8K, Blonde, Blowjob, Handjob, Hardcore, Lingerie, Masturbation, POV, Pussy Licking, Rimming, Shaved Pussy"
ultrafilms.26.01.27.polly.yangs.get.closer.to.polly.1080p.mp4,2402711530,1583.347,,4d34eb20,"6K, Lingerie, Masturbation, Shaved Pussy, Solo"
sensuallove.26.01.25.kelly.collins.and.kinsley.white.tender.lovers.1080p.mp4,4571307806,,,cede7896,"8K, Armpit Licking, Blonde, Finger Licking, Foot Fetish, Kissing, Lesbian, Lingerie, Masturbation, POV, Pussy Licking, Rimming, Shaved Pussy"
wowgirls.26.01.23.kelly.collins.hot.blond.in.the.morning.1080p.mp4,2681392494,1800.707,,x29ab30e,"4K, 60 Frames, 8K, Blonde, Finger Licking, Lingerie, Masturbation, Solo"
ultrafilms.26.01.20.liz.ocean.deep.lust.1080p.mp4,5422993139,3556.173,,b997b9ae,"8K, Blowjob, Handjob, Hardcore, Kissing, Lingerie, Masturbation, POV, Pussy Licking, Shaved Pussy"
angelslove.26.01.20.alecia.fox.and.tiffany.tatum.girls.on.fire.1080p.mp4,5677447007,3712.772,,302fda36,"8K, Blonde, Blowjob, Creampie, Deepthroat, Dildo and Toys, FFM, Handjob, Hardcore, Kissing, Masturbation, POV, Pussy Licking, Rimming, Small Tits, Stockings, Threesome"
ultrafilms.26.01.17.alice.kiss.personal.fun.1080p.mp4,1995780717,1314.356,,8de10faf,"8K, Big Tits, Finger Licking, Masturbation, Shaved Pussy, Solo"
wowgirls.26.01.16.kitty.wild.and.chelsea.baby.lusty.shutter.speed.1080p.mp4,4586030940,3002.678,,gbfeb4e5,"4K, 60 Frames, 8K, Armpit Licking, Blonde, Lesbian, Masturbation, POV, Pussy Licking, Shaved Pussy, Small Tits"
sensuallove.26.01.15.ellie.luna.and.leona.mia.summer.of.lust.1080p.mp4,3651190334,,,865e9a60,"69, 8K, Kissing, Lesbian, Lingerie, Masturbation, POV, Pussy Licking, Shaved Pussy, Stockings"
ultrafilms.26.01.13.cherry.crush.and.sarah.heizel.seducing.curiosity.1080p.mp4,3765401206,2474.547,,0368597a,"69, 6K, Brunette, Kissing, Lesbian, Masturbation, Pussy Licking, Redhead, Shaved Pussy, Small Tits"
angelslove.26.01.10.cherry.crush.and.nikoletta.queen.staying.in.bed.1080p.mp4,4893538714,3211.091,,ed2df0a9,"69, 8K, Blonde, Blowjob, FFM, Hardcore, Kissing, Masturbation, Pussy Licking, Redhead, Rimming, Shaved Pussy, Small Tits, Threesome"
wowgirls.26.01.09.mila.azul.timeless.hotness.1080p.mp4,2295780705,1509.225,,f9c48a4f,"4K, 60 Frames, 6K, Big Tits, Masturbation, Oil and Cream, Redhead, Shaved Pussy, Solo"
ultrafilms.26.01.06.vixi.rafi.next.to.vixi.1080p.mp4,3241071654,2118.154,,9134bf57,"8K, Brunette, Dance, Lingerie, Masturbation, Shaved Pussy, Small Tits, Solo"
sensuallove.26.01.05.chanel.x.and.chelsea.baby.very.naughty.neighbor.2.1080p.mp4,5127819350,,,87d00f3f,"8K, Armpit Licking, Kissing, Lesbian, Lingerie, Pussy Licking, Redhead, Shaved Pussy, Small Tits"
wowgirls.26.01.01.kira.kyox.starlet.photographer.1080p.mp4,7118536683,4668.156,,h254428a,"4K, 60 Frames, 8K, Anal, Blonde, Blowjob, Cum In Mouth, Deepthroat, Handjob, Hardcore, Lingerie, Masturbation, POV, Pussy Licking, Shaved Pussy, Small Tits, Stockings"
angelslove.26.01.01.kelly.collins.and.polly.yangs.getting.ready.leads.to.lust.1080p.mp4,8228913225,5380.079,,bf201d2f,"69, 8K, Blonde, Blowjob, Cum On Face, FFM, Foot Fetish, Hardcore, Kissing, Lingerie, Masturbation, POV, Pussy Licking, Rimming, Shaved Pussy, Threesome"
ultrafilms.25.12.30.elizabeth.t.her.summer.crush.1080p.mp4,2872668438,1899.159,,d6992980,"69, 6K, Blowjob, Brunette, Hardcore, Lingerie, Pussy Licking, Shaved Pussy"
wowgirls.25.12.26.sofilie.horny.bathing.1080p.mp4,2971631162,1946.6329,,f5ed63bb,"4K, 60 Frames, 6K, Bathroom, Hairy Pussy, Masturbation, Oil and Cream, Redhead, Solo"
sensuallove.25.12.25.diana.heaven.sonya.blaze.tiffany.tatum.the.magic.of.enchantment.mp4,4682546663,,,,
ultrafilms.25.12.23.leona.mia.naughty.siesta.1080p.mp4,3577469557,2343.356,,f649ddd9,"8K, Masturbation, Outdoors, Shaved Pussy, Solo"
angelslove.25.12.20.cherry.crush.and.vixi.rafi.hammock.seduction.1080p.mp4,4794900253,3143.907,,58fdd6b1,"8K, Blowjob, Cum On Face, FFM, Handjob, Hardcore, Kissing, Lingerie, Masturbation, Outdoors, POV, Pussy Licking, Redhead, Rimming, Shaved Pussy, Small Tits, Threesome"
wowgirls.25.12.19.nancy.a.leona.mia.and.tiffany.tatum.exquisite.orgasms.1080p.mp4,4545530060,2975.379,,ec07eb29,"4K, 60 Frames, 8K, Blonde, FFF+, Finger Licking, Lesbian, Lingerie, Masturbation, POV, Pussy Licking, Rimming, Shaved Pussy, Small Tits, Threesome"
ultrafilms.25.12.16.alice.kiss.and.vixi.rafi.from.shy.to.naughty.1080p.mp4,3646654836,2380.184,,ec77ac9b,"8K, Big Tits, Brunette, Foot Fetish, Kissing, Lesbian, Masturbation, Pussy Licking, Shaved Pussy, Small Tits"
sensuallove.25.12.15.kira.kyox.and.lily.bella.raw.beautiful.1080p.mp4,5721330689,3750.815,,c2014f84,"8K, Armpit Licking, Blonde, Brunette, Kissing, Lesbian, Lingerie, Masturbation, POV, Pussy Licking, Shaved Pussy, Small Tits"
wowgirls.25.12.12.georgia.secret.pleasures.1080p.mp4,4008914634,2626.304,,x5faa563,"4K, 60 Frames, 8K, Finger Licking, Lingerie, Masturbation, Shaved Pussy, Solo"
angelslove.25.12.10.leya.desantis.and.sirena.milano.double.redhead.seduction.1080p.mp4,4476061472,2932.0261,,6bb1a82b,"6K, Blowjob, FFM, Finger Licking, Hardcore, Kissing, Lingerie, Masturbation, POV, Pussy Licking, Redhead, Shaved Pussy, Threesome"
ultrafilms.25.12.09.kama.oxi.toy.play.1080p.mp4,2477784242,1630.3619,,6e911a9b,"6K, Brunette, Dildo and Toys, Lingerie, Masturbation, Shaved Pussy, Solo"
sensuallove.25.12.05.liz.ocean.and.polly.yangs.lustful.queens.1080p.mp4,3743345550,2454.179,,bfe8ec55,"8K, Kissing, Lesbian, Lingerie, Masturbation, POV, Pussies Slip 'n' Slide, Pussy Licking, Shaved Pussy"
wowgirls.25.12.04.polly.yangs.long-awaited.lovemaking.1080p.mp4,5244524783,,,,
ultrafilms.25.12.02.bella.spark.and.vixi.rafi.seductive.affection.1080p.mp4,3781321680,2471.536,,a6535de4,"8K, Blonde, Brunette, Kissing, Lesbian, Masturbation, Outdoors, Pussies Slip 'n' Slide, Pussy Licking, Shaved Pussy, Small Tits"
wowgirls.25.12.01.megan.murkovski.body.in.lust.1080p.mp4,2532957086,1663.808,,a2ccd62a,"4K, 60 Frames, 8K, Lingerie, Masturbation, Redhead, Shaved Pussy, Solo"
angelslove.25.12.01.cherry.crush.and.kitty.wild.handy.man.1080p.mp4,5103681943,3340.146,,b5e4c6fe,"69, 8K, Blonde, Blowjob, Creampie, FFM, Finger Licking, Hardcore, Kissing, Lingerie, Masturbation, Outdoors, POV, Pussy Licking, Redhead, Shaved Pussy, Small Tits, Threesome"
wowgirls.25.11.28.leona.mia.kelly.collins.diana.heaven.and.chanel.x.insatiable.foursome.1080p.mp4,6079099788,3983.133,,y9b279ae,"4K, 60 Frames, 69, 8K, Armpit Licking, Blonde, FFF+, Group, Lesbian, Masturbation, POV, Pussy Licking, Redhead, Rimming, Shaved Pussy, Small Tits"
ultrafilms.25.11.25.mila.azul.intimate.encounter.1080p.mp4,2272889426,1496.604,,a09e92e7,"8K, Big Tits, Lingerie, Masturbation, Redhead, Shaved Pussy, Solo, Stockings"
sensuallove.25.11.25.chelsea.baby.kira.kyox.and.leona.mia.triple.treat.1080p.mp4,5392321531,3531.542,,d6f5faed,"8K, Armpit Licking, Blonde, FFF+, Finger Licking, Foot Fetish, Kissing, Lesbian, Masturbation, Rimming, Shaved Pussy, Small Tits, Threesome"
wowgirls.25.11.21.tiffany.tatum.fuck.me.tiffany.tatum.1080p.mp4,2240277482,1466.515,,v53b5121,"4K, 60 Frames, 8K, Blonde, Lingerie, Small Tits, Softcore, Solo"
angelslove.25.11.20.liz.ocean.and.polly.yangs.slow.juicing.1080p.mp4,6805885582,4451.362,,ce5a7f62,"8K, Blonde, Deepthroat, FFM, Handjob, Hardcore, Kissing, Lingerie, Masturbation, POV, Pussy Licking, Shaved Pussy, Threesome"
ultrafilms.25.11.18.noi.feja.sultry.eyes.1080p.mp4,4278052019,2813.587,,144bb058,"8K, Blowjob, Handjob, Hardcore, Kissing, Lingerie, Masturbation, POV, Redhead, Shaved Pussy"
wowgirls.25.11.16.polly.yangs.and.kira.kyox.deep.craving.1080p.mp4,4771675994,3123.131,,e49eb750,"4K, 60 Frames, 8K, Blonde, Dildo, Lesbian, Lingerie, Masturbation, POV, Pussy Licking, Shaved Pussy, Small Tits"
sensuallove.25.11.15.chanel.x.and.chelsea.baby.very.naughty.neighbor.1080p.mp4,5480659133,,,6a7b85b9,"69, 8K, Armpit Licking, Kissing, Lesbian, Lingerie, Masturbation, POV, Pussy Licking, Redhead, Shaved Pussy, Small Tits, Sport and Fitness, Stockings"
wowgirls.25.11.12.kira.kyox.her.first.naughty.day.1080p.mp4,3307851477,2147.941,,u6996167,"4K, 60 Frames, 6K, Anal, Blonde, Finger Licking, Masturbation, Outdoors, Shaved Pussy, Small Tits, Solo"
ultrafilms.25.11.11.chanel.x.and.noi.feja.chanels.new.crush.1080p.mp4,4813002960,3132.62,,7a5614de,"8K, Kissing, Lesbian, Masturbation, Outdoors, Pussy Licking, Redhead, Sapphic First, Shaved Pussy, Small Tits"
angelslove.25.11.10.asandra.dewy.and.tiffany.tatum.whispers.of.ecstasy.1080p.mp4,5236652993,3432.8352,,b9738634,"69, 6K, Blonde, Blowjob, Brunette, FFM, Fetish, Hardcore, Kissing, Lingerie, Masturbation, POV, Pussy Licking, Rimming, Shaved Pussy, Small Tits, Threesome"
ultrafilms.25.11.09.diana.heaven.exploring.hands.1080p.mp4,3214943463,2102.321,,21cc1671,"6K, Blonde, Lingerie, Masturbation, Shaved Pussy, Solo"
sensuallove.25.11.05.bella.spark.and.kitty.wild.gazing.into.lust.1080p.mp4,4391190743,2865.51,,1806c79e,"8K, Blonde, Kissing, Lesbian, Lingerie, Masturbation, Outdoors, Pussy Licking, Rimming, Shaved Pussy"
wowgirls.25.11.05.bella.spark.and.chelsea.baby.from.unknown.to.obsession.1080p.mp4,5495358429,3599.616,,g2546729,"4K, 60 Frames, 8K, Armpit Licking, Blonde, Lesbian, Lingerie, Masturbation, Pussy Licking, Shaved Pussy, Small Tits"
ultrafilms.25.11.04.kinsley.white.charming.beauty.1080p.mp4,3198169051,2093.104,,6bccbce5,"8K, Masturbation, Shaved Pussy, Solo"
angelslove.25.11.01.cherry.crush.and.kubera.fortuna.blessed.with.lust.1080p.mp4,5463015686,3585.024,,5f541273,"8K, Blowjob, Brunette, Deepthroat, FFM, Handjob, Hardcore, Kissing, Lingerie, Masturbation, POV, Pussy Licking, Redhead, Shaved Pussy, Small Tits, Threesome"
wowgirls.25.10.31.chelsea.baby.chelseas.real.moments.1080p.mp4,3279463294,2138.655,,e7027a81,"4K, 60 Frames, 6K, Lingerie, Masturbation, Small Tits, Solo"
ultrafilms.25.10.28.alice.kiss.voluptuous.pleasure.1080p.mp4,4199825022,2757.832,,292a3067,"8K, Big Tits, Blowjob, Hardcore, Kissing, Lingerie, Masturbation, POV, Pussy Licking, Shaved Pussy, Stockings"
sensuallove.25.10.25.kelly.collins.kitty.wild.and.lily.bella.threesome.with.a.star.1080p.mp4,5450426371,3564.68,,c4760009,"8K, Armpit Licking, Blonde, Brunette, FFF+, Hairy Pussy, Kissing, Lesbian, Lingerie, Masturbation, POV, Pussy Licking, Shaved Pussy, Threesome"
wowgirls.25.10.24.bella.spark.and.nikoletta.queen.burning.desires.1080p.mp4,3086997885,2017.149,,j68d5987,"4K, 60 Frames, 6K, Blonde, Lesbian, Masturbation, Pussy Licking, Shaved Pussy"
ultrafilms.25.10.21.vixi.rafi.totally.wet.1080p.mp4,3219021470,2111.638,,99bd9dac,"8K, Masturbation, Shaved Pussy, Small Tits, Solo"
angelslove.25.10.20.kitty.wild.and.vixi.rafi.endless.ecstasy.1080p.mp4,7197823652,4716.426,,dae7dc77,"69, 8K, Blonde, Blowjob, Cum In Mouth, FFM, Hardcore, Kissing, Lingerie, Masturbation, POV, Pussy Licking, Rimming, Shaved Pussy, Small Tits, Threesome"
wowgirls.25.10.17.leona.mia.eye.candy.1080p.mp4,2580894182,1686.854,,a936fd87,"4K, 60 Frames, 6K, 8K, Dance, Lingerie, Masturbation, Shaved Pussy"
sensuallove.25.10.15.leona.mia.and.tiffany.tatum.rainkissed.ecstasy.1080p.mp4,3891833976,2541.312,,011479df,"8K, Blonde, Foot Fetish, Kissing, Lesbian, Outdoors, POV, Pussies Slip 'n' Slide, Pussy Licking, Rimming, Shaved Pussy, Small Tits, Stockings"
ultrafilms.25.10.14.freya.mayer.and.kelly.collins.satisfying.cravings.1080p.mp4,5097029073,3339.692,,3de3d5b0,"69, 8K, Blonde, Foot Fetish, Kissing, Lesbian, Masturbation, Pussies Slip 'n' Slide, Pussy Licking"
angelslove.25.10.10.leya.desantis.and.tiffany.tatum.slick.and.naughty.1080p.mp4,5115732192,3353.5781,,f5267a86,"69, 6K, Blonde, Blowjob, Cum In Mouth, FFM, Handjob, Hardcore, Kissing, Lingerie, Masturbation, Oil and Cream, POV, Pussies Slip 'n' Slide, Pussy Licking, Redhead, Shaved Pussy, Small Tits, Threesome"
wowgirls.25.10.10.eva.generosi.tease.and.please.1080p.mp4,4694166295,3090.156,,d41c9a8d,"4K, 60 Frames, 8K, Blowjob, Hardcore, Masturbation, Pussy Licking, Shaved Pussy"
ultrafilms.25.10.07.leona.mia.naughty.hour.1080p.mp4,2539360130,1669.6119,,74f0e7db,"8K, Masturbation, Outdoors, Shaved Pussy, Solo"
sensuallove.25.10.05.nancy.a.and.sonya.blaze.goddesses.passion.1080p.mp4,5053912097,3309.584,,9a0c4147,"8K, Blonde, Kissing, Lesbian, Masturbation, POV, Pussy Licking, Shaved Pussy"
ultrafilms.25.10.04.diana.heaven.get.closer.to.diana.1080p.mp4,3294148760,2154.904,,c2b39ab7,"6K, Blonde, Finger Licking, Lingerie, Masturbation, Shaved Pussy, Solo"
wowgirls.25.10.03.nancy.a.hot.body.1080p.mp4,2471778203,1670.177,,za8be182,"4K, 60 Frames, 6K, Blonde, Masturbation, Oil and Cream, Shaved Pussy, Solo, Sport and Fitness"
angelslove.25.10.01.kubera.fortuna.and.nikoletta.queen.passion.ignites.tension.1080p.mp4,5021422844,3286.694,,6242e81f,"69, 8K, Blonde, Blowjob, Brunette, FFM, Hardcore, Kissing, Lingerie, Masturbation, POV, Pussy Licking, Shaved Pussy, Small Tits, Threesome"
ultrafilms.25.09.30.kubera.fortuna.latin.lust.1080p.mp4,5288658753,3468.664,,53670b49,"69, 8K, Blowjob, Brunette, Creampie, Hardcore, Kissing, Lingerie, Masturbation, POV, Pussy Licking, Shaved Pussy, Small Tits"
wowgirls.25.09.26.leona.mia.and.nikoletta.queen.playful.sapphic.1080p.mp4,4147078604,2699.309,,e709ee2b,"4K, 60 Frames, 69, 8K, Finger Licking, Lesbian, Masturbation, Pussy Licking, Rimming, Shaved Pussy"
sensuallove.25.09.25.alecia.fox.and.sarah.heizel.warmup.play.1080p.mp4,4407483772,2891.986,,9e4750fc,"69, 6K, Blonde, Brunette, Foot Fetish, Kissing, Lesbian, Lingerie, Masturbation, Pussy Licking, Shaved Pussy, Small Tits"
ultrafilms.25.09.23.mila.azul.wet.call.1080p.mp4,2693561893,1767.749,,3c7a7e03,"6K, Big Tits, Lingerie, Masturbation, Shaved Pussy, Solo"
angelslove.25.09.20.alecia.fox.and.kitty.wild.shared.intimacy.1080p.mp4,4764220765,3114.31,,47c34015,"8K, Blonde, Blowjob, Deepthroat, FFM, Hardcore, Masturbation, Pussy Licking, Shaved Pussy, Small Tits, Threesome"
wowgirls.25.09.19.kinsley.white.vacation.vibe.1080p.mp4,3227958728,2108.742,,gafb8c07,"4K, 60 Frames, 8K, Lingerie, Masturbation, Outdoors, Shaved Pussy, Solo"
ultrafilms.25.09.16.bella.spark.kubera.fortuna.and.leona.mia.the.new.girl.1080p.mp4,5878186633,3856.161,,588418c4,"8K, Blonde, FFF+, Kissing, Lesbian, Lingerie, Masturbation, POV, Pussy Licking, Rimming, Sapphic First, Shaved Pussy, Small Tits, Threesome"
sensuallove.25.09.15.kelly.collins.leona.mia.and.tiffany.tatum.lust.in.focus.1080p.mp4,5849734265,,,2384c19f,"8K, Blonde, FFF+, Kissing, Lesbian, Lingerie, Masturbation, Pussy Licking, Shaved Pussy, Threesome"
wowgirls.25.09.12.cherry.crush.red.hot.rendezvous.1080p.mp4,6463378485,4232.774,,a7654b54,"4K, 60 Frames, 8K, Armpit Licking, Blowjob, Cum On Face, Handjob, Hardcore, Lingerie, Masturbation, POV, Pussy Licking, Redhead, Shaved Pussy, Small Tits"
angelslove.25.09.10.lily.blossom.and.milan.cheek.jealous.love.1080p.mp4,4774386529,3126.893,,8b80a9ab,"69, 8K, Blonde, Blowjob, Brunette, Cum In Mouth, Cum On Face, FFM, Handjob, Hardcore, Kissing, Masturbation, POV, Pussy Licking, Rimming, Shaved Pussy, Small Tits, Threesome"
ultrafilms.25.09.09.polly.yangs.delicious.drips.1080p.mp4,3507125085,2274.331,,e665c002,"8K, Finger Licking, Lingerie, Masturbation, Shaved Pussy, Solo"
wowgirls.25.09.05.mila.azul.forever.hot.1080p.mp4,3342169887,2196.558,,afd45dc9,"8K, Big Tits, Finger Licking, Lingerie, Masturbation, Shaved Pussy, Solo"
sensuallove.25.09.05.cherry.crush.and.kitty.wild.wet.dreams.awake.1080p.mp4,5413487640,,,08184c79,"8K, Blonde, Kissing, Lesbian, Lingerie, Masturbation, POV, Pussy Licking, Redhead, Sapphic First, Shaved Pussy, Small Tits"
ultrafilms.25.09.02.vilena.burning.from.within.1080p.mp4,4166661696,2741.444,,0808618e,"8K, Blowjob, Deepthroat, Handjob, Hardcore, Kissing, Lingerie, Masturbation, POV, Pussy Licking, Redhead, Shaved Pussy"
angelslove.25.09.01.leya.desantis.and.miami.playful.trio.1080p.mp4,5272123267,3455.712,,a23b98c0,"69, 8K, Blowjob, FFM, Handjob, Hardcore, Kissing, Lingerie, Masturbation, POV, Pussy Licking, Redhead, Shaved Pussy, Threesome"
wowgirls.25.09.01.cherry.crush.eyes.of.desire.1080p.mp4,3105511386,2035.178,,ad79ceba,"4K, 60 Frames, 8K, Lingerie, Masturbation, Redhead, Shaved Pussy, Small Tits, Solo"
wowgirls.25.08.29.sonya.blaze.liz.ocean.and.dakota.dove.wild.ride.1080p.mp4,5822930861,3808.538,,e2dcb2c6,"4K, 60 Frames, 8K, Blonde, FFF+, Lesbian, Masturbation, POV, Pussy Licking, Rimming, Shaved Pussy, Small Tits, Threesome"
sensuallove.25.08.28.freya.mayer.and.vixi.rafi.thirsty.for.lick.1080p.mp4,5271702750,,,458ac869,"8K, Armpit Licking, Blonde, Brunette, Kissing, Lesbian, POV, Pussy Licking, Shaved Pussy, Small Tits"
ultrafilms.25.08.26.alecia.fox.muse.on.fire.1080p.mp4,2704661639,1777.271,,4c12512a,"8K, Blonde, Lingerie, Masturbation, Small Tits, Solo, Stockings"
ultrafilms.25.08.24.diana.heaven.arousing.dream.1080p.mp4,2909144447,1894.989,,a7351381,"6K, Blonde, Lingerie, Masturbation, Shaved Pussy, Solo"
wowgirls.25.08.22.megan.murkovski.arousing.selfies.1080p.mp4,2657245333,1730.472,,ye467d3a,"4K, 60 Frames, 8K, Masturbation, Outdoors, Redhead, Shaved Pussy, Solo"
sensuallove.25.08.21.fibi.euro.sirena.milano.and.vixi.rafi.secret.lovers.1080p.mp4,5249249680,,,2245891e,"8K, Blonde, Brunette, FFF+, Kissing, Lesbian, Lingerie, Masturbation, POV, Pussy Licking, Redhead, Shaved Pussy, Small Tits, Threesome"
angelslove.25.08.20.kitty.wild.and.vanessa.alessia.naughty.threesome.1080p.mp4,4532274071,2963.301,,618eb265,"69, 8K, Blonde, Blowjob, Deepthroat, FFM, Foot Fetish, Handjob, Hardcore, Kissing, Masturbation, Pussy Licking, Shaved Pussy, Threesome"
ultrafilms.25.08.19.lily.bella.and.vixi.rafi.revealing.true.beauty.1080p.mp4,4119803159,2695.486,,d03934ae,"8K, Brunette, Hairy Pussy, Kissing, Lesbian, POV, Pussy Licking, Shaved Pussy, Small Tits"
wowgirls.25.08.15.eva.generosi.and.asandra.dewy.games.of.lust.1080p.mp4,6152578243,4027.244,,v20426f1,"4K, 60 Frames, 8K, Armpit Licking, Blowjob, Brunette, Deepthroat, FFM, Hardcore, Lingerie, Masturbation, POV, Pussy Licking, Shaved Pussy, Threesome"
sensuallove.25.08.14.kitty.wild.and.sarah.heizel.intimate.indulgences.1080p.mp4,3593023886,,,534f90e0,"8K, Blonde, Brunette, Lesbian, Lingerie, Masturbation, Pussy Licking, Shaved Pussy"
ultrafilms.25.08.12.leona.mia.hot.angel.1080p.mp4,3989021470,2669.58,,c29da720,"8K, Finger Licking, Lingerie, Masturbation, Shaved Pussy, Solo, Stockings"
angelslove.25.08.10.cherry.crush.and.nikoletta.queen.the.nerds.naughty.fantasy.1080p.mp4,6288428386,4120.778,,7542e0fb,"8K, Blonde, Blowjob, FFM, Hardcore, Kissing, Masturbation, POV, Pussy Licking, Redhead, Shaved Pussy, Small Tits, Threesome"
wowgirls.25.08.08.mia.bloom.easy.accessible.1080p.mp4,1784568774,1170.06,,w94def79,"4K, 60 Frames, 6K, Shaved Pussy, Softcore, Solo"
sensuallove.25.08.07.cherry.crush.and.leona.mia.sapphic.seduction.1080p.mp4,5261093917,,,8d13025e,"8K, Armpit Licking, Kissing, Lesbian, Lingerie, Masturbation, Pussy Licking, Redhead, Shaved Pussy, Small Tits"
ultrafilms.25.08.05.alecia.fox.a.sizzling.welcome.back.1080p.mp4,5280532420,3477.265,,4e0f65cc,"8K, Blonde, Blowjob, Cum In Mouth, Deepthroat, Hardcore, Kissing, Masturbation, Pussy Licking, Rimming, Small Tits"
angelslove.25.08.01.kitty.wild.and.vixi.rafi.call.boy.1080p.mp4,5875044177,3852.299,,4c98425b,"8K, Blonde, Blowjob, Brunette, Cum In Mouth, FFM, Finger Licking, Hardcore, Kissing, Lingerie, Masturbation, Pussy Licking, Rimming, Shaved Pussy, Small Tits, Threesome"
wowgirls.25.08.01.alecia.fox.and.cherry.crush.from.shy.to.naughty.1080p.mp4,5674645698,3714.126,,u3101664,"4K, 60 Frames, 69, 8K, Blonde, Lesbian, Masturbation, Pussy Licking, Redhead, Shaved Pussy, Small Tits"
sensuallove.25.07.31.alice.kiss.and.lily.bella.savouring.wetness.1080p.mp4,3801270892,,,df72eecd,"8K, Big Tits, Brunette, Hairy Pussy, Kissing, Lesbian, Masturbation, Pussy Licking, Shaved Pussy"
ultrafilms.25.07.29.freya.mayer.submissive.friend.1080p.mp4,2172418985,1426.886,,8bfdc5a1,"6K, Blonde, Dildo and Toys, Masturbation, Solo"
wowgirls.25.07.25.kitty.wild.fuck.me.kitty.wild.1080p.mp4,3277824637,2132.86,,j3e550e6,"4K, 60 Frames, 8K, Blonde, Fuck Me, Lingerie, Masturbation, Shaved Pussy, Solo"
sensuallove.25.07.24.leona.mia.and.tiffany.tatum.ecstatic.touch.1080p.mp4,6236052354,,,546612ae,"69, 8K, Armpit Licking, Blonde, Foot Fetish, Kissing, Lesbian, Masturbation, POV, Pussy Licking, Shaved Pussy, Small Tits"
ultrafilms.25.07.22.leona.mia.and.miami.new.sapphic.passion.1080p.mp4,3699264340,2418.487,,f4d948cf,"8K, Kissing, Lesbian, Lingerie, Masturbation, Pussy Licking, Shaved Pussy"
angelslove.25.07.20.liz.ocean.and.tiffany.tatum.english.gets.naughty.1080p.mp4,7633379390,4992.327,,264aa187,"8K, Blonde, Blowjob, FFM, Hardcore, Kissing, Masturbation, POV, Pussy Licking, Shaved Pussy, Small Tits, Stockings, Threesome"
ultrafilms.25.07.18.vixi.rafi.intimate.moment.1080p.mp4,3237673559,2127.0151,,0418b944,"8K, Masturbation, Shaved Pussy, Small Tits, Solo"
wowgirls.25.07.18.freya.mayer.sharing.lust.1080p.mp4,5055405915,3317.229,,a3a60dff,"4K, 60 Frames, 6K, Blonde, Blowjob, Handjob, Hardcore, Masturbation, POV, Pussy Licking, Stockings"
sensuallove.25.07.17.alecia.fox.bella.spark.and.leona.mia.three.ways.to.bliss.1080p.mp4,6215029854,,,05a03ebb,"8K, Armpit Licking, Blonde, FFF+, Kissing, Lesbian, Lingerie, Masturbation, POV, Pussy Licking, Rimming, Shaved Pussy, Small Tits, Threesome"
ultrafilms.25.07.14.alice.kiss.amore.grande.1080p.mp4,3460339001,2274.66,,9d75a218,"8K, Big Tits, Dance, Dildo and Toys, Lingerie, Masturbation, Shaved Pussy, Solo"
wowgirls.25.07.11.leona.mia.fuck.me.leona.mia.1080p.mp4,2432219949,1590.98,,h45ddc70,"4K, 60 Frames, 8K, Lingerie, Shaved Pussy, Softcore, Solo"
sensuallove.25.07.10.fibi.euro.and.vixi.rafi.dripping.with.desire.1080p.mp4,4265644897,,,eaac8749,"8K, Blonde, Brunette, Finger Licking, Kissing, Lesbian, Lingerie, Masturbation, Pussy Licking, Shaved Pussy, Small Tits"
angelslove.25.07.10.fibi.euro.and.sirena.milano.horny.eyes.1080p.mp4,5833334039,3820.475,,c13c53f2,"8K, Blonde, Blowjob, FFM, Hardcore, Kissing, Masturbation, POV, Pussy Licking, Redhead, Shaved Pussy, Small Tits, Threesome"
ultrafilms.25.07.08.vixi.rafi.alone.together.1080p.mp4,5270879781,3457.295,,301e4fb3,"8K, Blowjob, Brunette, Handjob, Hardcore, Masturbation, Pussy Licking, Rimming, Shaved Pussy, Small Tits"
wowgirls.25.07.04.leona.mia.lily.bella.and.lily.blossom.licking.all.the.juices.1080p.mp4,4625866208,3020.218,,j67d4b76,"4K, 60 Frames, 8K, Blonde, Brunette, FFF+, Finger Licking, Hairy Pussy, Lesbian, Lingerie, Masturbation, POV, Pussy Licking, Rimming, Shaved Pussy, Threesome"
sensuallove.25.07.03.chanel.x.diana.heaven.and.megan.murkovski.college.skip.1080p.mp4,4913943557,,,7d5e9bf4,"69, 8K, FFF+, Foot Fetish, Kissing, Lesbian, Masturbation, Pussy Licking, Redhead, Rimming, Shaved Pussy, Small Tits, Threesome"
angelslove.25.07.01.megan.murkovski.and.milan.cheek.beaming.with.desire.1080p.mp4,5233261636,3424.359,,0227ebc9,"8K, Blowjob, Brunette, FFM, Handjob, Hardcore, Kissing, Lingerie, Masturbation, POV, Pussy Licking, Redhead, Rimming, Shaved Pussy, Small Tits, Threesome"
ultrafilms.25.07.01.bella.spark.intimacy.with.bella.1080p.mp4,2752328937,1864.098,,0198e9a7,"6K, Blonde, Finger Licking, Masturbation, Shaved Pussy, Solo"
wowgirls.25.06.27.mia.bloom.girl.from.a.dream.1080p.mp4,2729507839,1798.07,,j2fdacec,"4K, 60 Frames, 6K, Blonde, Shaved Pussy, Softcore, Solo"
sensuallove.25.06.26.kelly.collins.and.leona.mia.tender.love.1080p.mp4,5080143331,,,38a2a97d,"8K, Armpit Licking, Blonde, Kissing, Lesbian, Masturbation, POV, Pussies Slip 'n' Slide, Pussy Licking, Shaved Pussy"
ultrafilms.25.06.24.alice.kiss.and.vixi.rafi.big.beauties.1080p.mp4,4480209988,2928.868,,e7abf86f,"69, 8K, Armpit Licking, Big Tits, Brunette, Kissing, Lesbian, Masturbation, Pussy Licking, Shaved Pussy, Small Tits, Sport and Fitness"
angelslove.25.06.20.tiffany.tatum.and.vixi.rafi.stretching.boundaries.1080p.mp4,4586433835,3000.836,,cd82db35,"6K, Blonde, Blowjob, Brunette, FFM, Hardcore, Kissing, Masturbation, POV, Pussy Licking, Shaved Pussy, Small Tits, Threesome"
wowgirls.25.06.20.kitty.wild.hidden.desires.1080p.mp4,5639249843,3684.836,,z7dcff08,"4K, 60 Frames, 8K, Blonde, Blowjob, Deepthroat, Hardcore, Lingerie, Masturbation, POV, Pussy Licking, Rimming, Shaved Pussy"
sensuallove.25.06.19.freya.mayer.and.lily.bella.girls.with.bushes.1080p.mp4,4922091262,,,248d2c90,"8K, Blonde, Brunette, Hairy Pussy, Kissing, Lesbian, Masturbation, POV, Pussy Licking"
ultrafilms.25.06.17.eva.generosi.getting.closer.to.eva.1080p.mp4,3250540953,2127.121,,e285d1ba,"8K, Finger Licking, Lingerie, Masturbation, Shaved Pussy, Solo"
wowgirls.25.06.13.mila.azul.milas.new.wave.1080p.mp4,1991819505,1301.943,,j08721d7,"4K, 60 Frames, 8K, Big Tits, Finger Licking, Masturbation, Redhead, Shaved Pussy, Solo"
sensuallove.25.06.12.kitty.wild.and.vixi.rafi.discovering.lust.1080p.mp4,6273634179,4112.864,,1a6405ac,"8K, Blonde, Finger Licking, Kissing, Lesbian, Lingerie, Masturbation, Pussy Licking, Rimming, Shaved Pussy, Small Tits"
ultrafilms.25.06.10.sirena.milano.ecstatic.bliss.1080p.mp4,4169331251,2745.844,,002a3f84,"69, 6K, Blowjob, Cum In Mouth, Deepthroat, Hardcore, Kissing, Lingerie, Masturbation, Pussy Licking, Redhead, Shaved Pussy"
angelslove.25.06.10.alice.kiss.and.miami.the.naughty.side.of.adorable.angels.1080p.mp4,5188142770,3394.069,,780038ee,"8K, Big Tits, Blowjob, FFM, Hardcore, Kissing, Masturbation, POV, Pussy Licking, Rimming, Shaved Pussy, Threesome"
wowgirls.25.06.06.freya.mayer.and.kelly.collins.long.awaited.kiss.1080p.mp4,5630141501,3677.652,,w0853799,"4K, 60 Frames, 8K, Armpit Licking, Blonde, Finger Licking, Lesbian, Masturbation, POV, Pussy Licking"
sensuallove.25.06.05.asandra.dewy.and.leona.mia.the.taste.of.beautiful.flesh.1080p.mp4,5443636980,,,49b656db,"69, 8K, Brunette, Lesbian, Masturbation, POV, Pussy Licking, Sapphic First, Shaved Pussy"
ultrafilms.25.06.03.leona.mia.desires.in.shade.1080p.mp4,3078036407,2008.5,,38e75ad4,"8K, Masturbation, Outdoors, Shaved Pussy, Solo"
angelslove.25.06.01.kitty.wild.and.nikoletta.queen.their.first.threesome.1080p.mp4,6963461405,4553.504,,df016970,"8K, Blonde, Blowjob, Cum In Mouth, Cum On Face, FFM, Finger Licking, Hardcore, Kissing, Masturbation, POV, Pussy Licking, Shaved Pussy, Threesome"
wowgirls.25.05.30.elizabeth.t.intimate.bathing.1080p.mp4,2531590874,1654.259,,g6046c2c,"4K, 60 Frames, 6K, Bathroom, Brunette, Masturbation, Oil and Cream, Shaved Pussy, Solo"
sensuallove.25.05.29.diana.heaven.and.gracie.sweet.naughty.footage.1080p.mp4,4363719119,,,a18debce,"8K, Blonde, Kissing, Lesbian, Lingerie, Masturbation, Pussies Slip 'n' Slide, Pussy Licking, Shaved Pussy, Small Tits"
ultrafilms.25.05.27.bella.spark.diana.heaven.and.sofilie.sassy.seductresses.1080p.mp4,4481347920,2944.119,,dcfca4d4,"8K, Blonde, FFF+, Fashion Show, Hairy Pussy, Kissing, Lesbian, Lingerie, Masturbation, Pussy Licking, Redhead, Shaved Pussy, Threesome"
wowgirls.25.05.26.diana.heaven.fuck.me.diana.heaven.1080p.mp4,3145636097,2057.427,,faf42f4c,"4K, 60 Frames, 6K, Blonde, Fuck Me, Lingerie, Masturbation, Shaved Pussy, Solo"
ultrafilms.25.05.24.ellie.luna.hot.talent.1080p.mp4,2646308077,1729.167,,ye129e50,"6K, Lingerie, Masturbation, Shaved Pussy, Solo, Stockings"
wowgirls.25.05.23.ariela.donovan.fire.blonde.1080p.mp4,3689149972,2420.24,,z3a3b810,"4K, 60 Frames, 6K, Blonde, Blowjob, Cum In Mouth, Handjob, Hardcore, Masturbation, POV, Pussy Licking, Shaved Pussy"
sensuallove.25.05.22.leona.mia.and.nikoletta.queen.sapphic.delights.1080p.mp4,3663428376,2396.337,,5cd329eb,"69, 8K, Blonde, Kissing, Lesbian, Lingerie, Masturbation, Pussy Licking, Shaved Pussy"
angelslove.25.05.20.christy.ley.and.vixi.rafi.naughty.poses.1080p.mp4,6455434942,4232.955,,2eb09d61,"69, 8K, Armpit Licking, Blowjob, Brunette, Cum In Mouth, Cum On Face, Deepthroat, FFM, Hardcore, Kissing, Lingerie, Masturbation, POV, Pussy Licking, Shaved Pussy, Small Tits, Threesome"
ultrafilms.25.05.19.trixxxie.fox.always.naughty.1080p.mp4,2902089739,1893.994,,7998c03e,"8K, Masturbation, Outdoors, Shaved Pussy, Small Tits, Solo"
wowgirls.25.05.16.mia.bloom.blooming.reflections.1080p.mp4,2172960619,1461.485,,z06cf447,"4K, 60 Frames, 8K, Lingerie, Shaved Pussy, Softcore, Solo, Stockings"
sensuallove.25.05.15.lily.bella.and.lily.blossom.deeply.into.her.1080p.mp4,3872285970,,,0fdc1227,"8K, Blonde, Brunette, Foot Fetish, Hairy Pussy, Kissing, Lesbian, Masturbation, POV, Pussy Licking, Shaved Pussy, Sport and Fitness"
ultrafilms.25.05.13.kelly.collins.petals.of.desire.1080p.mp4,5909494222,3881.194,,65cf488b,"8K, Armpit Licking, Blonde, Blowjob, Hardcore, Kissing, Masturbation, POV, Pussy Licking, Rimming, Stockings"
angelslove.25.05.10.leya.desantis.and.sirena.milano.sharing.lust.1080p.mp4,5469410060,3585.514,,4b5b7f12,"69, 6K, Blowjob, FFM, Hardcore, Kissing, Masturbation, Pussy Licking, Redhead, Shaved Pussy, Threesome"
wowgirls.25.05.09.leona.mia.and.kitty.wild.awakening.lust.1080p.mp4,5480389790,3583.265,,fc13c6f5,"4K, 60 Frames, 69, 8K, Blonde, Lesbian, Masturbation, POV, Pussy Licking, Shaved Pussy, Stockings"
sensuallove.25.05.08.diana.heaven.and.sonya.blaze.lasting.lust.1080p.mp4,3974789026,,,74a9955c,"69, 8K, Blonde, Kissing, Lesbian, Masturbation, Oil and Cream, Pussy Licking, Shaved Pussy"
ultrafilms.25.05.06.leona.mia.wet.dream.1080p.mp4,2415204050,1586.601,,aa7c5089,"8K, Lingerie, Masturbation, Shaved Pussy, Solo"
wowgirls.25.05.02.georgia.wet.fingers.deep.1080p.mp4,3396618932,2230.489,,xe03f969,"4K, 60 Frames, 8K, Finger Licking, Masturbation, Shaved Pussy, Solo, Stockings"
sensuallove.25.05.01.freya.mayer.and.vixi.rafi.morning.ecstasy.1080p.mp4,4079003934,,,7b29181c,"8K, Blonde, Brunette, Kissing, Lesbian, POV, Pussy Licking, Shaved Pussy, Small Tits"
angelslove.25.05.01.asandra.dewy.and.dakota.dove.in.the.passion.of.threes.1080p.mp4,3995463095,2620.896,,c1fd2ae4,"69, 8K, Blonde, Blowjob, Brunette, Cum In Mouth, Cum On Face, FFM, Hardcore, Kissing, Masturbation, POV, Pussy Licking, Shaved Pussy, Threesome"
ultrafilms.25.04.29.gracie.sweet.and.sarah.heizel.naughty.boss.1080p.mp4,3236501244,2121.044,,bbef190e,"69, 8K, Brunette, Lesbian, Lingerie, Masturbation, Pussy Licking, Shaved Pussy, Small Tits"
wowgirls.25.04.25.nikoletta.queen.her.first.act.1080p.mp4,5015274809,3275.511,,z967d860,"4K, 60 Frames, 8K, Blonde, Blowjob, Hardcore, Masturbation, POV, Pussy Licking, Shaved Pussy, Stockings"
sensuallove.25.04.24.kitty.wild.and.nikoletta.queen.sapphic.first.1080p.mp4,4315432494,,,2c2db435,"69, 8K, Blonde, Kissing, Lesbian, Masturbation, POV, Pussy Licking, Sapphic First, Shaved Pussy"
ultrafilms.25.04.22.freya.mayer.naughty.dream.1080p.mp4,2464732663,1649.134,,9c2fadfb,"6K, Blonde, Finger Licking, Lingerie, Masturbation, Pantyhose, Solo"
wowgirls.25.04.21.nikoletta.queen.new.hottie.1080p.mp4,2536292502,1659.548,,c25b7f60,"4K, 60 Frames, 8K, Blonde, Masturbation, Shaved Pussy, Solo"
angelslove.25.04.20.eva.generosi.and.liz.ocean.seductive.accents.1080p.mp4,5954892867,3905.12,,bf6146b6,"8K, Blowjob, Deepthroat, FFM, Hardcore, Kissing, Masturbation, POV, Pussy Licking, Shaved Pussy, Threesome"
wowgirls.25.04.18.leona.mia.heat.wave.1080p.mp4,3017165015,1971.199,,d13077f1,"4K, 60 Frames, 6K, Lingerie, Masturbation, Outdoors, Shaved Pussy, Solo"
sensuallove.25.04.17.eva.blume.and.leona.mia.blissful.bond.1080p.mp4,4526830428,,,87cb2ca4,"69, 8K, Kissing, Lesbian, Lingerie, Masturbation, POV, Pussy Licking, Shaved Pussy, Stockings"
ultrafilms.25.04.15.christy.ley.playful.with.a.big.1080p.mp4,4184792032,2756.981,,e3fa5446,"8K, Blowjob, Brunette, Deepthroat, Handjob, Hardcore, Kissing, Lingerie, POV, Shaved Pussy, Small Tits"
ultrafilms.25.04.12.milkavi.casting.new.girl.1080p.mp4,2546014915,1698.9823,,c05ccaac,"8K, Masturbation, Redhead, Shaved Pussy, Solo"
wowgirls.25.04.11.sonya.blaze.and.kelly.collins.beauty.in.love.1080p.mp4,4190142752,2744.249,,a33c50b6,"4K, 60 Frames, 8K, Blonde, Lesbian, Lingerie, Masturbation, Pussies Slip 'n' Slide, Pussy Licking, Shaved Pussy, Stockings"
angelslove.25.04.10.luna.bbunny.and.vixi.rafi.lust.worship.1080p.mp4,5303317871,3472.918,,55e72462,"8K, Blonde, Blowjob, Brunette, Cum In Mouth, Deepthroat, FFM, Foot Fetish, Hardcore, Kissing, Masturbation, POV, Pussy Licking, Shaved Pussy, Small Tits, Threesome"
sensuallove.25.04.10.dakota.dove.and.lily.bella.naughty.moods.1080p.mp4,4976772374,,,fc7e2597,"69, 8K, Blonde, Brunette, Foot Fetish, Hairy Pussy, Kissing, Lesbian, Lingerie, Masturbation, Pussy Licking, Shaved Pussy, Small Tits"
ultrafilms.25.04.07.vixi.rafi.fuck.me.vixi.rafi.1080p.mp4,2242281670,1482.6539,,360849eb,"8K, Fuck Me, Lingerie, Shaved Pussy, Small Tits, Solo"
wowgirls.25.04.04.kama.oxi.wild.glow.1080p.mp4,2172516811,1452.808,,c4a4bfc1,"4K, 60 Frames, 6K, Brunette, Masturbation, Shaved Pussy, Solo"
sensuallove.25.04.03.kinsley.white.and.nancy.a.lusty.cravings.1080p.mp4,4580764193,,,ab88a326,"69, 8K, Armpit Licking, Blonde, Kissing, Lesbian, POV, Pussy Licking, Shaved Pussy"
ultrafilms.25.04.02.bella.spark.leona.mia.and.liz.ocean.lust.story.1080p.mp4,4301160447,2824.982,,edbc107c,"69, 8K, Blonde, FFF+, Kissing, Lesbian, POV, Pussy Licking, Rimming, Shaved Pussy, Stockings, Threesome"
angelslove.25.04.01.alice.kiss.and.leya.desantis.goddesses.of.lust.1080p.mp4,5146929695,3373.286,,24ad3f60,"69, 8K, Blowjob, Cum In Mouth, Deepthroat, FFM, Hardcore, Kissing, Masturbation, Pussy Licking, Redhead, Shaved Pussy, Threesome"
ultrafilms.25.03.29.miami.private.moment.1080p.mp4,2828587591,1859.415,,26f3a1dc,"8K, Finger Licking, Lingerie, Masturbation, Shaved Pussy, Solo"
wowgirls.25.03.28.dakota.dove.sweet.surrender.1080p.mp4,5170778469,3386.695,,a7f6df5b,"4K, 60 Frames, 8K, Blonde, Blowjob, Deepthroat, Handjob, Hardcore, Lingerie, Masturbation, POV, Pussy Licking, Shaved Pussy"
sensuallove.25.03.27.holly.molly.and.sarah.heizel.surrender.to.lust.1080p.mp4,4376442284,,,c31bdb53,"8K, Brunette, Kissing, Lesbian, Lingerie, Masturbation, Pussy Licking, Redhead, Rimming, Shaved Pussy, Stockings"
wowgirls.25.03.26.sirena.milano.hot.girl.in.cocoon.1080p.mp4,2857977825,1899.949,,x4a58199,"4K, 60 Frames, 6K, Masturbation, Outdoors, Shaved Pussy, Solo, Sport and Fitness"
ultrafilms.25.03.24.chanel.x.delicious.scents.1080p.mp4,2676038226,1748,,2f33c528,"8K, Masturbation, Oil and Cream, Outdoors, Redhead, Shaved Pussy, Small Tits, Solo"
wowgirls.25.03.21.mila.azul.hypnotic.whisper.of.euphoria.1080p.mp4,3846775722,2515.517,,j5fab9e9,"4K, 60 Frames, 8K, Big Tits, Lingerie, Masturbation, Shaved Pussy, Solo"
angelslove.25.03.21.kelly.collins.and.tiffany.tatum.the.nerds.artful.triumph.1080p.mp4,7376088311,4823.834,,16482a2f,"69, 8K, Armpit Licking, Blonde, Blowjob, Cum In Mouth, Deepthroat, FFM, Foot Fetish, Hardcore, Kissing, Lingerie, Masturbation, Pussy Licking, Shaved Pussy, Small Tits, Threesome"
sensuallove.25.03.20.gracie.sweet.and.leona.mia.instant.crush.1080p.mp4,5020536706,,,9eee4389,"69, 8K, Kissing, Lesbian, Lingerie, Masturbation, Pussy Licking, Sapphic First, Shaved Pussy, Small Tits"
ultrafilms.25.03.18.alice.kiss.and.miami.passionate.pursuits.1080p.mp4,3644884734,2392.429,,c85c17a9,"8K, Big Tits, Kissing, Lesbian, Lingerie, Masturbation, Pussy Licking, Shaved Pussy"
wowgirls.25.03.14.leona.mia.and.liz.ocean.urge.to.orgasm.1080p.mp4,3867888615,2533.128,,i4704b4b,"4K, 60 Frames, 8K, Lesbian, Lingerie, Masturbation, Pussies Slip 'n' Slide, Pussy Licking, Shaved Pussy"
sensuallove.25.03.13.luna.bbunny.and.vixi.rafi.cuteness.paradise.1080p.mp4,3504126725,,,50350753,"8K, Blonde, Brunette, Kissing, Lesbian, Lingerie, Masturbation, Pussy Licking, Sapphic First, Shaved Pussy, Small Tits"
ultrafilms.25.03.11.helina.dream.naughty.seductress.1080p.mp4,4504880172,2959.143,,e0e1ed29,"69, 6K, Blowjob, Creampie, Cum In Mouth, Deepthroat, Finger Licking, Handjob, Hardcore, Kissing, Masturbation, POV, Shaved Pussy"
angelslove.25.03.10.dakota.dove.and.liz.ocean.naughty.nights.abroad.1080p.mp4,6638944765,4353.356,,7555ce7a,"69, 8K, Blonde, Blowjob, Deepthroat, FFM, Hardcore, Kissing, Masturbation, POV, Pussy Licking, Shaved Pussy, Small Tits, Threesome"
ultrafilms.25.03.08.sarah.heizel.chasing.the.orgasm.1080p.mp4,3326946134,2224.378,,531a5a9d,"8K, Brunette, Dildo and Toys, Lingerie, Masturbation, Shaved Pussy, Solo"
wowgirls.25.03.07.kinsley.white.i.wet.my.undies.1080p.mp4,3229402272,2175.174,,x714c860,"4K, 60 Frames, 8K, Brunette, Masturbation, Shaved Pussy, Solo"
sensuallove.25.03.06.adelle.unicorn.and.ariela.donovan.sapphic.experiments.1080p.mp4,2568889889,,,d94aeccc,"6K, Brunette, Hairy Pussy, Kissing, Lesbian, Masturbation, Pussy Licking, Shaved Pussy"
ultrafilms.25.03.03.alice.kiss.fuck.me.alice.kiss.1080p.mp4,2802422649,1850.127,,34f95d79,"8K, Big Tits, Finger Licking, Fuck Me, Lingerie, Shaved Pussy, Solo"
angelslove.25.03.01.miami.and.oliva.zlota.pleasing.you.1080p.mp4,4859209329,3179.758,,6467a9e4,"8K, Blowjob, FFM, Hardcore, Kissing, Masturbation, POV, Pussy Licking, Shaved Pussy, Threesome"
wowgirls.25.03.01.liz.ocean.velvet.girl.1080p.mp4,4085903593,2678.501,,c58b8156,"4K, 60 Frames, 8K, Blowjob, Cum In Mouth, Deepthroat, Handjob, Hardcore, Lingerie, POV, Pussy Licking, Shaved Pussy, Stockings"
sensuallove.25.02.27.sonya.blaze.and.tiffany.tatum.a.night.to.remember.1080p.mp4,4815323696,,,9c07981c,"69, 8K, Blonde, Finger Licking, Kissing, Lesbian, Masturbation, Pussy Licking, Shaved Pussy, Small Tits"
ultrafilms.25.02.25.diana.heaven.and.gracie.sweet.new.sapphic.girl.1080p.mp4,4543396678,2989.664,,11478b29,"69, 8K, Blonde, Finger Licking, Kissing, Lesbian, Lingerie, Masturbation, Pussy Licking, Shaved Pussy, Small Tits, Stockings"
wowgirls.25.02.23.eva.blume.get.closer.to.eva.1080p.mp4,2442064485,1598.517,,hc4211e4,"4K, 60 Frames, 8K, Brunette, Lingerie, Masturbation, Shaved Pussy, Solo"
sensuallove.25.02.20.sarah.heizel.and.shania.vegax.naughty.tea.1080p.mp4,4150928688,,,4f44919b,"8K, Brunette, Foot Fetish, Kissing, Lesbian, Masturbation, POV, Pussy Licking, Redhead, Rimming, Shaved Pussy"
angelslove.25.02.20.ariela.donovan.and.jenny.wild.naughty.story.1080p.mp4,5477012324,3598.9,,bca6bf6a,"69, 6K, Blonde, Blowjob, FFM, Handjob, Hardcore, Kissing, Masturbation, POV, Pussy Licking, Shaved Pussy, Small Tits, Threesome"
wowgirls.25.02.19.maya.lusty.curiosity.1080p.mp4,2822545392,1845.5455,,a5b6b6c3,"4K, 60 Frames, 8K, Lingerie, Masturbation, Shaved Pussy, Small Tits, Solo"
ultrafilms.25.02.18.leona.mia.beautiful.lovely.1080p.mp4,3549419703,2396.954,,f22100eb,"8K, Shaved Pussy, Solo"
wowgirls.25.02.14.kinsley.white.and.kelly.collins.summer.love.story.1080p.mp4,4415359707,2897.0361,,b9810bff,"4K, 60 Frames, 8K, Armpit Licking, Blonde, Lesbian, Masturbation, Outdoors, POV, Pussy Licking, Rimming, Shaved Pussy"
sensuallove.25.02.13.ellie.luna.and.leona.mia.green.velvet.1080p.mp4,4148455002,,,03cef24d,"8K, Fetish, Kissing, Lesbian, Lingerie, Masturbation, Pantyhose, Pussy Licking, Shaved Pussy, Stockings"
ultrafilms.25.02.11.eva.generosi.hot.summer.fling.1080p.mp4,4009618381,2639.949,,a27be716,"8K, Blowjob, Creampie, Deepthroat, Hardcore, Kissing, Masturbation, Outdoors, Pussy Licking, Rimming, Shaved Pussy"
angelslove.25.02.10.asandra.dewy.and.elena.vedem.hotly.way.1080p.mp4,5155970579,3376.069,,014756ba,"8K, Blowjob, Brunette, FFM, Foot Fetish, Handjob, Hardcore, Kissing, Lingerie, Masturbation, POV, Pussy Licking, Shaved Pussy, Small Tits, Threesome"
ultrafilms.25.02.08.elizabeth.t.eyes.of.heaven.1080p.mp4,2433015670,1593.19,,b81a913f,"6K, Brunette, Lingerie, Masturbation, Shaved Pussy, Solo"
wowgirls.25.02.08.alice.kiss.passion.anytime.1080p.mp4,4773005071,3132.257,,v5142cc9,"4K, 60 Frames, 8K, Big Tits, Blowjob, Cum On Face, Hardcore, Lingerie, Masturbation, Pussy Licking, Rimming, Shaved Pussy, Sport and Fitness"
wowgirls.25.02.06.georgia.deepening.intimacy.1080p.mp4,2905528001,1906.91,,c50e1c49,"4K, 60 Frames, 8K, Finger Licking, Lingerie, Masturbation, Shaved Pussy, Solo"
sensuallove.25.02.06.chanel.x.and.diana.heaven.girly.intimacy.1080p.mp4,4630226027,,,22a861f3,"8K, Blonde, Kissing, Lesbian, Masturbation, POV, Pussies Slip 'n' Slide, Pussy Licking, Redhead, Rimming, Shaved Pussy, Small Tits"
ultrafilms.25.02.04.vixi.rafi.beautiful.reflections.1080p.mp4,2754113302,1810.277,,54ef71ca,"8K, Finger Licking, Lingerie, Masturbation, Shaved Pussy, Small Tits, Solo"
angelslove.25.02.01.lily.blossom.and.milan.cheek.lust.lesson.1080p.mp4,4805747922,3143.642,,57f67e7f,"69, 8K, Blonde, Blowjob, Brunette, Cum In Mouth, Deepthroat, FFM, Finger Licking, Handjob, Hardcore, Kissing, Lingerie, Masturbation, POV, Pussy Licking, Rimming, Shaved Pussy, Small Tits, Threesome"
wowgirls.25.01.31.mia.bloom.nudes.for.you.1080p.mp4,4343973281,2876.627,,i15bab12,"4K, 60 Frames, 8K, Shaved Pussy, Softcore, Solo"
sensuallove.25.01.30.bella.spark.and.nancy.a.golden.goddesses.1080p.mp4,4424407756,,,22415673,"6K, Blonde, Kissing, Lesbian, Masturbation, POV, Pussy Licking, Rimming, Shaved Pussy"
ultrafilms.25.01.27.eva.generosi.and.sarah.heizel.falling.in.love.1080p.mp4,4093183550,2684.113,,58f1cd97,"69, 8K, Brunette, Kissing, Lesbian, Masturbation, Pussy Licking, Shaved Pussy"
ultrafilms.25.01.25.milan.cheek.flaming.flesh.1080p.mp4,3585991623,2351.04,,b0be1538,"8K, Brunette, Lingerie, Masturbation, Small Tits, Solo, Stockings"
wowgirls.25.01.24.alissa.foxy.sonya.blaze.and.kelly.collins.sultry.eyes.1080p.mp4,5079086297,3309.744,,c438a070,"4K, 60 Frames, 6K, Blonde, FFF+, Finger Licking, Hairy Pussy, Lesbian, Masturbation, Pussy Licking, Rimming, Shaved Pussy, Threesome"
sensuallove.25.01.23.diana.heaven.kelly.collins.and.leona.mia.lusty.lickers.1080p.mp4,4897910610,,,3c1aa81c,"8K, Armpit Licking, Blonde, Kissing, Lesbian, Lingerie, Masturbation, POV, Pussy Licking, Rimming, Shaved Pussy, Stockings, Threesome"
ultrafilms.25.01.20.mila.azul.talented.at.everything.1080p.mp4,2558836965,1694.991,,3df6c66a,"6K, Big Tits, Finger Licking, Lingerie, Masturbation, Shaved Pussy, Solo"
angelslove.25.01.20.jadilica.and.vixi.rafi.lustful.dream.1080p.mp4,4404709853,2884.323,,841a0775,"69, Blowjob, Creampie, Deepthroat, FFM, Hardcore, Kissing, Lingerie, Masturbation, POV, Pussy Licking, RGB Light, Shaved Pussy, Small Tits, Threesome"
wowgirls.25.01.17.elena.vedem.lustful.harmony.1080p.mp4,2252854829,1475.604,,j7f39901,"4K, 60 Frames, 8K, Lingerie, Masturbation, Outdoors, Shaved Pussy, Small Tits, Solo"
sensuallove.25.01.16.leya.desantis.and.lily.bella.rays.of.lust.1080p.mp4,5757308267,3772.395,,f95a564c,"8K, Brunette, Kissing, Lesbian, Masturbation, POV, Pussy Licking, Redhead, Shaved Pussy, Stockings"
ultrafilms.25.01.13.ivi.rein.intense.lovers.1080p.mp4,4385692931,2883.936,,12e2b2a3,"8K, Blonde, Blowjob, Creampie, Hardcore, Masturbation, POV, Pussy Licking, Shaved Pussy, Small Tits"
wowgirls.25.01.10.kelly.collins.queen.gambit.1080p.mp4,5146995805,3372.185,,f2e79dbf,"4K, 60 Frames, 8K, Armpit Licking, Blonde, Blowjob, Deepthroat, Hardcore, Masturbation, POV, Pussy Licking, Rimming"
angelslove.25.01.10.elena.vedem.and.tiffany.tatum.gardener.treats.1080p.mp4,4591716475,3003.917,,95612d16,"69, 8K, Blonde, Blowjob, Creampie, FFM, Hardcore, Kissing, Lingerie, Masturbation, Outdoors, Pussy Licking, Rimming, Shaved Pussy, Small Tits, Threesome"
sensuallove.25.01.09.alice.kiss.and.sarah.heizel.stretch.got.naughty.1080p.mp4,3330917827,,,22ba847c,"8K, Big Tits, Brunette, Kissing, Lesbian, Masturbation, Outdoors, POV, Pussy Licking, Rimming, Shaved Pussy, Sport and Fitness"
wowgirls.25.01.03.evelin.elle.fascinating.eye.contact.1080p.mp4,2417235315,1579.491,,b1314652,"4K, 60 Frames, 6K, Brunette, Lingerie, Masturbation, Shaved Pussy, Small Tits, Solo, Toys"
sensuallove.25.01.02.leona.mia.and.sonya.blaze.unimaginable.beauty.1080p.mp4,5099931209,,,d933de23,"8K, Bathroom, Kissing, Lesbian, Lingerie, Pussy Licking, Shaved Pussy"
angelslove.25.01.01.megan.murkovski.and.milan.cheek.the.perks.of.a.naughty.life.1080p.mp4,4756752160,3119.795,,c0cbced1,"69, 8K, Blowjob, Brunette, Cum In Mouth, FFM, Hardcore, Kissing, Masturbation, POV, Pussy Licking, Redhead, Shaved Pussy, Small Tits, Threesome"
ultrafilms.24.12.31.leona.mia.luxurious.lover.1080p.mp4,3699655760,2473.448,,c786e70b,"8K, Shaved Pussy, Solo"
wowgirls.24.12.27.liz.ocean.and.tiffany.tatum.toys.for.all.1080p.mp4,4665572901,3058.131,,ucfc609f,"4K, 60 Frames, 69, 8K, Blonde, Blowjob, Creampie, Cum In Mouth, FFM, Hardcore, Lingerie, Masturbation, POV, Pussy Licking, Rimming, Shaved Pussy, Small Tits, Threesome, Toys"
sensuallove.24.12.26.chanel.x.and.diana.heaven.intimate.play.1080p.mp4,4049713760,,,4bf9d303,"8K, Blonde, Kissing, Lesbian, Lingerie, Masturbation, Outdoors, POV, Pantyhose, Pussy Licking, Redhead, Shaved Pussy, Small Tits, Sport and Fitness"
ultrafilms.24.12.24.chanel.x.and.sarah.heizel.sapphic.starlets.1080p.mp4,4504802963,2961.187,,5dac359e,"69, 8K, Armpit Licking, Brunette, Foot Fetish, Kissing, Lesbian, Masturbation, POV, Pussy Licking, Redhead, Rimming, Shaved Pussy, Small Tits"
wowgirls.24.12.20.leona.mia.princess.orgasms.1080p.mp4,2471645289,1616.201,,gba4712a,"4K, 60 Frames, 8K, Lingerie, Masturbation, Shaved Pussy, Solo"
angelslove.24.12.20.alice.kiss.and.elena.vedem.naughty.lovers.1080p.mp4,4750000439,3102.497,,b9c15326,"8K, Big Tits, Blowjob, Cum In Mouth, Deepthroat, FFM, Hardcore, Kissing, Lingerie, Masturbation, Pussy Licking, Shaved Pussy, Small Tits, Threesome"
sensuallove.24.12.19.kelly.collins.and.nancy.a.blondes.supreme.1080p.mp4,3998670610,,,3c1de662,"69, 8K, Armpit Licking, Blonde, Kissing, Lesbian, Lingerie, Pussy Licking, Shaved Pussy"
ultrafilms.24.12.17.kinsley.white.hot.dreams.1080p.mp4,2845321143,1907.417,,90ef4453,"8K, Masturbation, Shaved Pussy, Solo"
wowgirls.24.12.13.kelly.collins.and.megan.murkovski.legs.wide.open.3.1080p.mp4,3989506155,2616.109,,jc712eff,"4K, 60 Frames, 69, 8K, Blonde, Lesbian, Lingerie, Masturbation, Pussy Licking, Redhead, Shaved Pussy"
sensuallove.24.12.12.alice.kiss.and.shania.vegax.horny.siesta.1080p.mp4,4384175588,,,c9dcb29d,"69, 8K, Big Tits, Brunette, Kissing, Lesbian, Lingerie, Masturbation, Pussy Licking, Rimming, Sapphic First, Shaved Pussy"
ultrafilms.24.12.10.eliz.benson.surprise.guest.1080p.mp4,4432423437,2969.981,,2e1f56e8,"8K, Big Tits, Blonde, Blowjob, Hardcore, Kissing, Lingerie, POV, Pussy Licking, Shaved Pussy, Stockings"
angelslove.24.12.10.asandra.dewy.and.eva.generosi.intense.joy.1080p.mp4,4460754236,2982.506,,2121a89c,"69, 8K, Blowjob, Brunette, FFM, Hardcore, Kissing, Masturbation, POV, Pussy Licking, Shaved Pussy, Threesome"
wowgirls.24.12.06.alice.kiss.private.room.1080p.mp4,3467594534,2301.4,,x591e1b0,"4K, 60 Frames, 8K, Big Tits, Lingerie, Masturbation, Redhead, Shaved Pussy, Solo"
sensuallove.24.12.05.ellie.luna.and.lily.blossom.hidden.urges.1080p.mp4,4696750875,3141.372,,efad77c7,"69, 8K, Blonde, Foot Fetish, Kissing, Lesbian, Lingerie, Masturbation, POV, Pussy Licking, Rimming, Shaved Pussy"
wowgirls.24.12.04.megan.murkovski.wet.for.you.1080p.mp4,2125944484,1419.774,,hacacdb9,"4K, 60 Frames, 8K, Finger Licking, Lingerie, Masturbation, Redhead, Shaved Pussy, Solo"
ultrafilms.24.12.03.polly.yangs.naughty.siesta.1080p.mp4,3146475831,2061.8071,,1810ad82,"8K, Finger Licking, Masturbation, Shaved Pussy, Solo"
angelslove.24.12.01.liz.ocean.and.milan.cheek.ecstatic.touch.1080p.mp4,5276045185,3517.946,,22188553,"8K, Blowjob, Brunette, FFM, Handjob, Hardcore, Kissing, Masturbation, Oil and Cream, POV, Pussy Licking, Shaved Pussy, Small Tits, Threesome"
wowgirls.24.11.29.leona.mia.kelly.collins.bella.spark.and.diana.heaven.the.magnificent.four.1080p.mp4,5680114268,3816.246,,e1166701,"4K, 60 Frames, 69, 8K, Blonde, FFF+, Finger Licking, Group, Lesbian, Masturbation, Pussy Licking, Shaved Pussy"
sensuallove.24.11.28.evelin.elle.and.kelly.collins.delicious.juices.of.love.1080p.mp4,3463385362,2267.358,,8c31c3fc,"6K, Blonde, Brunette, Exclusive, Kissing, Lesbian, Masturbation, Pussy Licking, Sapphic First, Shaved Pussy, Small Tits"
ultrafilms.24.11.26.kelly.collins.and.kinsley.white.queens.of.lust.1080p.mp4,4531199395,3031.249,,1b45e942,"69, 8K, Blonde, Brunette, Kissing, Lesbian, Masturbation, POV, Pussy Licking, Shaved Pussy"
ultrafilms.24.11.23.elizabeth.t.red.seduction.1080p.mp4,1815487106,1187.329,,y5f183f8,"Lingerie, Masturbation, Shaved Pussy, Solo"
wowgirls.24.11.22.alissa.foxy.fuck.me.alissa.foxy.1080p.mp4,1891625237,1237.275,,c4982d50,"4K, 60 Frames, 6K, Finger Licking, Fuck Me, Hairy Pussy, Lingerie, Softcore, Solo, Stockings"
sensuallove.24.11.21.liz.ocean.and.tiffany.tatum.lustful.friends.1080p.mp4,4074128226,2673.151,,ada488cb,"8K, Blonde, Kissing, Lesbian, Lingerie, Masturbation, POV, Pussies Slip 'n' Slide, Pussy Licking, Rimming, Shaved Pussy, Small Tits"
angelslove.24.11.20.asandra.dewy.and.elena.vedem.fountain.of.lust.1080p.mp4,5076403481,3379.872,,2f989505,"8K, Blowjob, Brunette, Deepthroat, FFM, Handjob, Hardcore, Masturbation, POV, Pussy Licking, Shaved Pussy, Small Tits, Stockings, Threesome"
ultrafilms.24.11.19.chanel.x.and.diana.heaven.heavens.play.1080p.mp4,4801969291,3217.919,,97fc30d2,"69, 8K, Blonde, Exclusive, Kissing, Lesbian, Masturbation, POV, Pussy Licking, Redhead, Rimming, Sapphic First, Shaved Pussy, Small Tits"
wowgirls.24.11.15.asandra.dewy.horny.all.out.1080p.mp4,5473536436,3656.198,,u59d5186,"4K, 60 Frames, 8K, Blowjob, Brunette, Deepthroat, Handjob, Hardcore, Masturbation, POV, Shaved Pussy, Stockings"
sensuallove.24.11.14.diana.heaven.and.leya.desantis.sapphic.passion.1080p.mp4,3967650679,,,ad05b999,"69, 8K, Blonde, Kissing, Lesbian, Lingerie, Pussy Licking, Redhead, Shaved Pussy, Stockings"
ultrafilms.24.11.12.diana.heaven.in.bed.with.diana.1080p.mp4,3650051699,2387.893,,xc8a1f7f,"8K, Blonde, Lingerie, Masturbation, Shaved Pussy, Solo"
angelslove.24.11.10.jadilica.and.vixi.rafi.happy.end.1080p.mp4,5597317921,3735.752,,29111843,"8K, Blowjob, Cum In Mouth, Deepthroat, FFM, Handjob, Hardcore, Lingerie, Masturbation, POV, Pussy Licking, Shaved Pussy, Small Tits, Threesome"
wowgirls.24.11.08.fibi.euro.and.helina.dream.naughty.ladybirds.1080p.mp4,3554329530,2388.242,,z34c3b27,"4K, 60 Frames, 69, 6K, Blonde, Brunette, Lesbian, Lingerie, Masturbation, Pussy Licking, Shaved Pussy, Small Tits"
sensuallove.24.11.07.amelia.riven.bella.spark.and.ivi.rein.great.affection.1080p.mp4,3616562338,2433.045,,34ef4bb1,"8K, Blonde, Brunette, FFF+, Kissing, Lesbian, Lingerie, Masturbation, Pussy Licking, Rimming, Shaved Pussy, Small Tits, Threesome"
ultrafilms.24.11.06.daruma.rai.wild.feline.1080p.mp4,4530038906,3012.837,,7c8dad64,"8K, Blonde, Blowjob, Cum On Face, Deepthroat, Handjob, Hardcore, POV, Shaved Pussy"
wowgirls.24.11.01.lily.blossom.blonde.sweetie.1080p.mp4,4178988551,2823.105,,e66b8442,"4K, 60 Frames, 8K, Blonde, Blowjob, Deepthroat, Hardcore, Lingerie, Masturbation, POV, Pussy Licking, Shaved Pussy"
angelslove.24.11.01.alice.zaffyre.and.vilena.angels.storm.1080p.mp4,4678578722,3105.372,,7879d57b,"8K, Blowjob, Deepthroat, FFM, Handjob, Hardcore, Kissing, Lingerie, Masturbation, POV, Pussy Licking, Redhead, Shaved Pussy, Threesome"
sensuallove.24.10.31.eva.generosi.and.lily.bella.naughty.dream.come.true.1080p.mp4,5501775638,3704.588,,c7fc94e3,"69, 8K, Brunette, Kissing, Lesbian, Lingerie, Masturbation, POV, Pussy Licking, Shaved Pussy, Stockings"
ultrafilms.24.10.30.lily.bella.and.sarah.heizel.new.lovers.1080p.mp4,3604411609,2427.99,,9127089d,"69, 8K, Brunette, Kissing, Lesbian, Masturbation, Pussy Licking, Rimming, Shaved Pussy"
angelslove.24.10.26.bella.spark.and.matty.cock.lovers.1080p.mp4,5352077560,3576.853,,860332cc,"69, 8K, Blonde, Blowjob, Brunette, Deepthroat, FFM, Handjob, Hardcore, Kissing, Lingerie, Masturbation, POV, Pussy Licking, Shaved Pussy, Small Tits, Threesome"
wowgirls.24.10.25.mila.azul.every.inch.of.you.is.hot.1080p.mp4,2860761345,1871.876,,x7965156,"4K, 60 Frames, 6K, Big Tits, Fetish, Finger Licking, Lingerie, Masturbation, Shaved Pussy, Solo"
sensuallove.24.10.24.kinsley.white.and.leona.mia.sensual.geishas.1080p.mp4,3507475135,,,33c7c59c,"Kissing, Lesbian, Masturbation, Pussy Licking, Shaved Pussy"
ultrafilms.24.10.23.ariana.cortez.get.closer.to.ariana.1080p.mp4,2900888046,1931.684,,01cff50e,"6K, Lingerie, Masturbation, Shaved Pussy, Small Tits, Solo"
wowgirls.24.10.19.nancy.a.and.eva.generosi.naughty.starlet.1080p.mp4,5370349096,3587.738,,ec58e98c,"4K, 60 Frames, 69, 8K, Blonde, Lesbian, Lingerie, Masturbation, POV, Pussy Licking, Shaved Pussy"
angelslove.24.10.19.britney.dutch.and.tiffany.tatum.lusciously.hot.1080p.mp4,6948867340,4655.779,,ef74c67a,"69, 8K, Blonde, Blowjob, Brunette, FFM, Hardcore, Kissing, Lingerie, Masturbation, POV, Pussy Licking, Shaved Pussy, Small Tits, Threesome"
ultrafilms.24.10.17.eva.generosi.racy.romance.1080p.mp4,3874557558,2592.359,,b72c52b0,"8K, Blowjob, Hardcore, Oil and Cream, Pussy Licking, Shaved Pussy"
sensuallove.24.10.17.clemence.audiard.and.sarah.heizel.exploring.depth.1080p.mp4,4042981348,,,70ddcdd3,"8K, Brunette, Kissing, Lesbian, Lingerie, Masturbation, Pussies Slip 'n' Slide, Pussy Licking, Redhead, Rimming, Shaved Pussy"
angelslove.24.10.12.fibi.euro.and.helina.dream.blind.tasting.1080p.mp4,5970580150,3981.509,,202bc525,"69, 6K, Blonde, Blowjob, Brunette, FFM, Hardcore, Kissing, Masturbation, POV, Pussy Licking, Shaved Pussy, Small Tits, Threesome"
ultrafilms.24.10.12.evelin.elle.molly.devon.and.sofilie.angels.everywhere.1080p.mp4,3998488229,2669.482,,b6920759,"69, 6K, Bathroom, Blonde, Blowjob, Brunette, Cum In Mouth, Cum On Face, Exclusive, Group, Hardcore, Kissing, Masturbation, POV, Pussy Licking, Redhead, Shaved Pussy, Small Tits"
wowgirls.24.10.12.ellie.luna.and.lilly.mays.love.bites.1080p.mp4,3947418949,2633.677,,g12d1b9f,"4K, 60 Frames, 8K, Finger Licking, Lesbian, Lingerie, Masturbation, Pussy Licking, Redhead, Rimming, Shaved Pussy"
sensuallove.24.10.10.bella.spark.evelin.elle.and.sofilie.girls.with.a.lust.for.lovemaking.1080p.mp4,4920781900,,,65701e31,"69, 8K, Blonde, Brunette, FFF+, Kissing, Lesbian, Lingerie, Masturbation, Pussy Licking, Redhead, Shaved Pussy, Small Tits, Threesome"
ultrafilms.24.10.09.mila.azul.delicious.wetness.1080p.mp4,2286381535,1492.257,,6945fa25,"6K, Big Tits, Masturbation, Redhead, Shaved Pussy, Solo"
wowgirls.24.10.05.leona.mia.endless.beauty.1080p.mp4,2403302636,1569.204,,f70b1d99,"4K, 60 Frames, 6K, Lingerie, Masturbation, Shaved Pussy, Solo"
angelslove.24.10.05.bella.spark.and.ivi.rein.wet.ones.1080p.mp4,4915718558,3282.909,,1d32edfa,"69, 8K, Blonde, Blowjob, Cum In Mouth, FFM, Hardcore, Kissing, Lingerie, Masturbation, Pussy Licking, Shaved Pussy, Small Tits, Squirt, Threesome"
sensuallove.24.10.03.diana.heaven.and.lily.bella.girlfriend.intimacy.1080p.mp4,5645549767,,,9b635c66,"8K, Blonde, Brunette, Kissing, Lesbian, Pussy Licking, Shaved Pussy, Stockings"
ultrafilms.24.10.02.diana.heaven.and.leona.mia.eye.candy.1080p.mp4,6915603282,4521.227,,2183eea5,"8K, Armpit Licking, Blonde, Kissing, Lesbian, Lingerie, Masturbation, Pussy Licking, Shaved Pussy, Stockings"
ultrafilms.24.09.29.eliz.benson.wet.dreams.1080p.mp4,4327919219,2830.931,,f1388cba,"8K, Big Tits, Blonde, Blowjob, Cum In Mouth, Deepthroat, Handjob, Hardcore, Kissing, Masturbation, POV, Shaved Pussy"
wowgirls.24.09.28.vilena.and.lola.red.fiery.red.1080p.mp4,3577749218,2337.808,,j7d3f7f1,"4K, 60 Frames, 8K, Lesbian, Lingerie, Masturbation, Pantyhose, Pussy Licking, Redhead, Shaved Pussy, Small Tits, Stockings"
angelslove.24.09.28.kama.oxi.and.trixxxie.fox.summer.fling.1080p.mp4,4484807021,3005.08,,81e2173f,"69, 8K, Blowjob, Brunette, Cum In Mouth, Deepthroat, FFM, Hardcore, Kissing, Masturbation, POV, Pussy Licking, Shaved Pussy, Small Tits, Threesome"
sensuallove.24.09.26.britney.dutch.and.sarah.heizel.surprised.by.the.affection.1080p.mp4,4037899576,2714.832,,a86c301d,"8K, Brunette, Kissing, Lesbian, Lingerie, Masturbation, Pussy Licking, Rimming, Shaved Pussy"
ultrafilms.24.09.25.evelin.elle.get.closer.to.evelin.1080p.mp4,1392323235,909.89703,,v1f9e43b,"Bathroom, Brunette, Masturbation, Shaved Pussy, Small Tits, Solo"
wowgirls.24.09.21.leya.desantis.high.arousal.1080p.mp4,3866526365,2530.5806,,v1f1db28,"4K, 60 Frames, 8K, Blowjob, Cum On Face, Handjob, Hardcore, Masturbation, POV, Redhead, Shaved Pussy"
angelslove.24.09.21.candie.luciani.and.ivi.rein.spice.girls.1080p.mp4,4561629888,2983.462,,76a546be,"8K, Blonde, Blowjob, Deepthroat, FFM, Hardcore, Kissing, Lingerie, Masturbation, Pussy Licking, Shaved Pussy, Small Tits, Threesome"
sensuallove.24.09.19.eva.generosi.and.liz.ocean.madly.in.love.1080p.mp4,5077973737,,,7d929dea,"8K, Finger Licking, Kissing, Lesbian, Masturbation, POV, Pussy Licking, Shaved Pussy, Stockings"
ultrafilms.24.09.18.eliz.benson.and.era.queen.naughty.experiment.1080p.mp4,4241283788,2785.095,,d51bf59b,"69, 8K, Big Tits, Blonde, Kissing, Lesbian, Lingerie, Masturbation, Pussy Licking, Sapphic First, Shaved Pussy"
ultrafilms.24.09.15.mila.azul.delicious.pussy.2.1080p.mp4,2535556487,1658.16,,cde15269,"8K, Big Tits, Masturbation, Shaved Pussy, Solo"
angelslove.24.09.14.eva.generosi.and.liz.ocean.born.to.love.1080p.mp4,5018168617,3356.006,,38598903,"8K, Blowjob, Cum On Face, FFM, Hardcore, Kissing, Masturbation, POV, Shaved Pussy, Threesome"
wowgirls.24.09.14.amber.charming.beauty.1080p.mp4,2738404340,1787.704,,a563b16f,"4K, 60 Frames, 6K, Masturbation, Oil and Cream, Outdoors, Redhead, Shaved Pussy, Small Tits, Solo"
sensuallove.24.09.12.diana.heaven.and.leya.desantis.intense.fascination.1080p.mp4,4224053010,,,e1b15ea7,"8K, Blonde, Kissing, Lesbian, Lingerie, Masturbation, Pussies Slip 'n' Slide, Pussy Licking, Redhead, Shaved Pussy"
ultrafilms.24.09.11.mia.de.vil.unchained.lifestyle.1080p.mp4,4082431819,2673.058,,ee8fec6c,"69, 8K, Blowjob, Hardcore, Kissing, Masturbation, Pussy Licking, Shaved Pussy"
angelslove.24.09.07.eliz.benson.and.era.queen.blondes.rule.1080p.mp4,5098852995,3407.644,,abc890b5,"8K, Big Tits, Blonde, Blowjob, Deepthroat, FFM, Handjob, Hardcore, Kissing, Lingerie, Masturbation, POV, Pussy Licking, Shaved Pussy, Threesome"
wowgirls.24.09.07.bella.spark.beautiful.awakening.1080p.mp4,4291600453,2808.732,,icd0b8c1,"4K, 60 Frames, 69, 8K, Blonde, Blowjob, Deepthroat, Hardcore, Lingerie, Masturbation, POV, Pussy Licking, Shaved Pussy, Stockings"
sensuallove.24.09.05.alice.zaffyre.amelia.riven.and.bella.spark.very.delicious.pussies.1080p.mp4,4474185571,,,1b0aede1,"8K, Blonde, Brunette, FFF+, Kissing, Lesbian, Lingerie, Masturbation, POV, Pussy Licking, Rimming, Shaved Pussy, Threesome"
ultrafilms.24.09.04.eva.generosi.dream.girl.1080p.mp4,2681107564,1754.4545,,f9a180e4,"8K, Lingerie, Masturbation, Shaved Pussy, Solo"
angelslove.24.08.31.britney.dutch.and.lily.blossom.passion.for.threesomes.1080p.mp4,5620985756,3661.567,,78bc5415,"8K, Blonde, Blowjob, Brunette, Cum In Mouth, FFM, Handjob, Hardcore, Kissing, Masturbation, POV, Pussy Licking, Shaved Pussy, Threesome"
wowgirls.24.08.31.ashby.winter.and.lily.blossom.sensual.deep.1080p.mp4,3676677678,2396.996,,hfb6a9a3,"4K, 60 Frames, 69, 8K, Blonde, Lesbian, Lingerie, Masturbation, Pussy Licking, Rimming, Shaved Pussy"
ultrafilms.24.08.29.lilly.mays.and.lola.red.shades.of.red.1080p.mp4,3384499264,2211.793,,4653074b,"8K, Kissing, Lesbian, Lingerie, Masturbation, Pussy Licking, Redhead, Shaved Pussy, Small Tits, Sport and Fitness, Stockings"
sensuallove.24.08.29.alice.zaffyre.and.vilena.body.lust.1080p.mp4,3851481356,,,16e5afbd,"8K, Kissing, Lesbian, Lingerie, Masturbation, Pussy Licking, Redhead, Rimming, Shaved Pussy"
ultrafilms.24.08.26.milkavi.playful.mood.1080p.mp4,2202321409,1439.126,,720da917,"8K, Masturbation, Redhead, Shaved Pussy, Small Tits, Solo"
wowgirls.24.08.24.leona.mia.and.liz.ocean.mutual.affection.1080p.mp4,5024713519,3284.114,,z09e862b,"4K, 60 Frames, 69, 8K, Lesbian, Lingerie, POV, Pussy Licking, Shaved Pussy"
angelslove.24.08.24.alice.zaffyre.and.bella.spark.softer.than.satin.1080p.mp4,4672623325,3050.21,,0bac5b78,"8K, Bathroom, Blonde, Blowjob, FFM, Hardcore, Kissing, Masturbation, POV, Shaved Pussy, Threesome"
sensuallove.24.08.22.alissa.foxy.evelin.elle.and.kelly.collins.erogenous.subtlety.1080p.mp4,3752567623,,,a9a5ba0f,"69, 6K, Blonde, Brunette, Exclusive, FFF+, Hairy Pussy, Kissing, Lesbian, Masturbation, Pussy Licking, Rimming, Shaved Pussy, Small Tits, Threesome"
ultrafilms.24.08.21.britney.dutch.and.vixi.rafi.infatuated.with.lust.1080p.mp4,5985882265,3914.954,,193dc79a,"69, 8K, Blowjob, Brunette, Cum In Mouth, Deepthroat, FFM, Hardcore, Kissing, Masturbation, Pussy Licking, Shaved Pussy, Small Tits, Threesome"
wowgirls.24.08.17.mila.azul.pure.angel.1080p.mp4,3242008359,2118.6353,,y4407c90,"4K, 60 Frames, Big Tits, Finger Licking, Lingerie, Masturbation, Shaved Pussy, Solo, Stockings"
angelslove.24.08.17.evelin.elle.and.kama.oxi.wide.open.girls.1080p.mp4,3889259070,2541.1245,,ab197ccb,"8K, Blowjob, Brunette, FFM, Handjob, Hardcore, Kissing, Lingerie, Masturbation, POV, Pussy Licking, Shaved Pussy, Small Tits, Threesome"
ultrafilms.24.08.16.leona.mia.the.smell.of.delicious.flesh.1080p.mp4,3169594248,2072.613,,xd7d0cab,"8K, Shaved Pussy, Solo"
sensuallove.24.08.15.ellie.luna.and.eva.blume.gamification.of.lovemaking.1080p.mp4,3714956060,,,7df98693,"69, 8K, Brunette, Kissing, Lesbian, Masturbation, Pussy Licking, Rimming, Shaved Pussy"
wowgirls.24.08.13.eva.blume.hottie.on.the.call.1080p.mp4,2654619602,1736.3197,,gbb8d961,"4K, 60 Frames, 6K, Brunette, Lingerie, Masturbation, Shaved Pussy, Solo"
wowgirls.24.08.10.tiffany.tatum.irresistible.desire.1080p.mp4,4630472743,3025.676,,b76b71a2,"4K, 60 Frames, 8K, Blonde, Blowjob, Deepthroat, Handjob, Hardcore, Lingerie, Masturbation, Pussy Licking, Small Tits"
angelslove.24.08.10.sirena.milano.and.sofilie.ladies.in.red.1080p.mp4,4434985023,2899.104,,3dfcb415,"69, 8K, Blowjob, Deepthroat, FFM, Hairy Pussy, Handjob, Hardcore, Kissing, Masturbation, POV, Pussy Licking, Redhead, Shaved Pussy, Threesome"
ultrafilms.24.08.09.amelia.riven.and.ivi.rein.beautiful.pussies.1080p.mp4,2803706960,1833.3334,,09e4a873,"8K, Blonde, Brunette, Kissing, Lesbian, Lingerie, Masturbation, POV, Pussy Licking, Shaved Pussy, Small Tits"
sensuallove.24.08.08.leona.mia.nancy.a.and.sofilie.pussy.indulgence.1080p.mp4,4692327197,3066.729,,3267589f,"8K, Blonde, Foot Fetish, Kissing, Lesbian, Masturbation, Pussy Licking, Redhead, Rimming, Shaved Pussy, Threesome"
ultrafilms.24.08.03.lilly.mays.intense.sensation.1080p.mp4,4251815691,2781.2646,,3597235a,"8K, Blowjob, Deepthroat, Handjob, Hardcore, Kissing, Lingerie, Masturbation, POV, Pussy Licking, Redhead, Shaved Pussy"
angelslove.24.08.03.eva.generosi.and.laia.hot.eyes.1080p.mp4,4638343003,3031.133,,1d796446,"8K, Blowjob, Brunette, Deepthroat, FFM, Handjob, Hardcore, Kissing, Masturbation, POV, Pussy Licking, Shaved Pussy, Small Tits, Threesome"
wowgirls.24.08.02.diana.heaven.spreading.nudes.1080p.mp4,3586313334,2344.124,,z959cf14,"4K, 60 Frames, 6K, Blonde, Finger Licking, Masturbation, Shaved Pussy, Solo, Sport and Fitness"
sensuallove.24.08.01.amelia.riven.and.evelin.elle.naughty.night.1080p.mp4,4296265661,,,7190a545,"6K, Brunette, Kissing, Lesbian, Masturbation, Pussy Licking, Sapphic First, Shaved Pussy, Small Tits"
wowgirls.24.07.30.sonya.blaze.and.kelly.collins.gone.with.lust.1080p.mp4,4191650307,2740.906,,jb937ba2,"4K, 60 Frames, 6K, Blonde, Finger Licking, Lesbian, Masturbation, Pussy Licking, Shaved Pussy"
wowgirls.24.07.27.ivi.rein.naughty.dance.1080p.mp4,3873782933,2535.363,,zf9aad0f,"4K, 60 Frames, 8K, Blonde, Blowjob, Cum In Mouth, Deepthroat, Handjob, Hardcore, Masturbation, POV, Pussy Licking, Shaved Pussy, Small Tits, Squirt"
angelslove.24.07.27.bella.spark.and.kama.oxi.hot.duo.1080p.mp4,5028285574,3279.725,,61ff343f,"6K, Blonde, Blowjob, Brunette, Deepthroat, FFM, Hardcore, Kissing, Lingerie, Masturbation, POV, Pussy Licking, Shaved Pussy, Threesome"
ultrafilms.24.07.26.bella.spark.and.sarah.heizel.naughty.afternoon.1080p.mp4,3127347164,2045.515,,91a7b5ea,"8K, Blonde, Brunette, Kissing, Lesbian, Masturbation, POV, Pussies Slip 'n' Slide, Pussy Licking, Rimming, Shaved Pussy"
sensuallove.24.07.25.eva.blume.and.lilly.mays.lustful.friendship.1080p.mp4,3899298928,,,42359d96,"8K, Brunette, Kissing, Lesbian, Lingerie, Masturbation, Pussy Licking, Redhead, Shaved Pussy"
ultrafilms.24.07.22.kinsley.white.getaway.in.heaven.1080p.mp4,2162535269,1413.956,,f54bfe65,"6K, Dance, Lingerie, Masturbation, Outdoors, Shaved Pussy, Solo"
wowgirls.24.07.20.leona.mia.beauty.in.full.1080p.mp4,2873718088,1878.448,,b98776b1,"4K, 60 Frames, 8K, Lingerie, Masturbation, Shaved Pussy, Solo"
angelslove.24.07.20.ashby.winter.and.lily.blossom.wet.blondes.1080p.mp4,4649466172,3039.492,,277f940d,"8K, Blonde, Blowjob, FFM, Hardcore, Kissing, Masturbation, POV, Shaved Pussy, Stockings, Threesome"
ultrafilms.24.07.19.alice.zaffyre.horny.lovers.1080p.mp4,3479136524,2276.159,,y798aabe,"8K, Blowjob, Cum In Mouth, Handjob, Hardcore, Kissing, Masturbation, POV, Shaved Pussy"
sensuallove.24.07.18.amelia.riven.and.matty.euphoria.of.a.new.pussy.1080p.mp4,2921128236,,,a4ed4953,"8K, Brunette, Kissing, Lesbian, Masturbation, Pussies Slip 'n' Slide, Pussy Licking, Rimming, Shaved Pussy, Small Tits"
wowgirls.24.07.16.kinsley.white.reflection.of.a.rising.star.1080p.mp4,2187184254,1431.835,,u59684c8,"4K, 60 Frames, 6K, Masturbation, Redhead, Shaved Pussy, Solo"
wowgirls.24.07.13.liz.ocean.and.tiffany.tatum.open.legs.1080p.mp4,4130260433,2700.527,,yb80e0a7,"4K, 60 Frames, 69, 8K, Blonde, Lesbian, Lingerie, Masturbation, Pussy Licking, Shaved Pussy, Small Tits"
angelslove.24.07.13.liz.ocean.and.maya.naughty.heat.1080p.mp4,5321006578,3560.102,,73a296e9,"69, 8K, Blowjob, FFM, Handjob, Hardcore, Kissing, Lingerie, Masturbation, POV, Pussy Licking, Redhead, Shaved Pussy, Small Tits, Threesome"
ultrafilms.24.07.12.sofilie.pink.lure.1080p.mp4,2859333989,1870.669,,x90a04e4,"6K, Finger Licking, Fuck Me, Lingerie, Masturbation, Redhead, Shaved Pussy, Solo, Stockings"
sensuallove.24.07.11.lilly.mays.and.vilena.lustful.redheads.1080p.mp4,3585346446,,,39171f34,"8K, Kissing, Lesbian, Lingerie, Masturbation, Pussies Slip 'n' Slide, Pussy Licking, Redhead, Rimming, Shaved Pussy"
ultrafilms.24.07.08.diana.heaven.kelly.collins.and.sofilie.delicious.sapphic.love.1080p.mp4,4628938808,3025.653,,h2737633,"8K, Bathroom, Blonde, FFF+, Kissing, Lesbian, Masturbation, Pussy Licking, Redhead, Shaved Pussy, Threesome"
wowgirls.24.07.06.mia.bloom.rediscover.hotness.1080p.mp4,3788818098,2477.871,,ve36c263,"4K, 60 Frames, 6K, Bathroom, Blonde, Lingerie, Shaved Pussy, Softcore, Solo"
angelslove.24.07.06.eva.generosi.and.tiffany.tatum.dream.angels.1080p.mp4,6342533110,4137.521,,35c96ed5,"8K, Blonde, Blowjob, Deepthroat, FFM, Handjob, Hardcore, Kissing, Masturbation, POV, Pussy Licking, Shaved Pussy, Small Tits, Threesome"
ultrafilms.24.07.05.mila.azul.infinite.cuteness.1080p.mp4,3012274328,1970.77,,u5e0131a,"8K, Big Tits, Masturbation, Redhead, Shaved Pussy, Solo"
sensuallove.24.07.04.leona.mia.and.sonya.blaze.long.awaited.love.1080p.mp4,5382827274,3518.427,,c4ca69ff,"8K, Kissing, Lesbian, Lingerie, Masturbation, POV, Pussy Licking, Shaved Pussy"
wowgirls.24.07.02.lilly.mays.love.lesson.1080p.mp4,4178582606,2733.035,,wc176692,"4K, 60 Frames, 8K, Blowjob, Hardcore, Lingerie, Pussy Licking, Redhead, Shaved Pussy"
wowgirls.24.06.29.freya.mayer.fuck.me.freya.mayer.1080p.mp4,2314094236,1513.035,,yd7e7b25,"4K, 60 Frames, 6K, Blonde, Fuck Me, Masturbation, Shaved Pussy, Solo"
angelslove.24.06.29.candie.luciani.and.clemence.audiard.menage.a.trois.1080p.mp4,5393087794,3518.92,,45cde313,"8K, Blowjob, Deepthroat, FFM, Handjob, Hardcore, Kissing, Masturbation, POV, Pussy Licking, Redhead, Shaved Pussy, Small Tits, Threesome"
ultrafilms.24.06.28.elizabeth.t.lusty.game.1080p.mp4,2130900758,1396.3798,,v38d7060,"Blowjob, Hardcore, Masturbation, Shaved Pussy"
sensuallove.24.06.27.ellie.luna.and.vilena.delicious.love.juices.1080p.mp4,4196141581,,,05285cea,"69, 8K, Kissing, Lesbian, Lingerie, Masturbation, Pussy Licking, Redhead, Shaved Pussy, Stockings"
ultrafilms.24.06.24.sarah.heizel.sopping.wet.from.shyness.1080p.mp4,2763392947,1806.4899,,i71ae821,"8K, Lingerie, Masturbation, Pantyhose, Shaved Pussy, Solo"
angelslove.24.06.22.lilly.mays.and.vilena.lustful.trio.1080p.mp4,5385324198,3517.135,,82b0e060,"8K, Blowjob, Deepthroat, FFM, Handjob, Hardcore, Kissing, Masturbation, POV, Pussy Licking, Redhead, Shaved Pussy, Threesome"
wowgirls.24.06.22.leona.mia.kinsley.white.kama.oxi.and.peony.jam.too.hot.to.handle.1080p.mp4,5403609908,3531.36,,e53da6f2,"4K, 60 Frames, 8K, Brunette, FFF+, Group, Hairy Pussy, Lesbian, Masturbation, POV, Pantyhose, Pussy Licking, Rimming, Shaved Pussy"
ultrafilms.24.06.21.alice.zaffyre.and.ellie.luna.craving.for.intimacy.1080p.mp4,3916620418,2561.37,,ce5b1210,"8K, Kissing, Lesbian, Masturbation, Pussy Licking, Shaved Pussy"
sensuallove.24.06.20.eva.generosi.and.laia.searing.brunettes.1080p.mp4,3948680786,,,7eaa4ff4,"8K, Brunette, Kissing, Lesbian, Lingerie, Masturbation, POV, Pussy Licking, Rimming, Shaved Pussy, Small Tits"
wowgirls.24.06.18.tiffany.tatum.playful.fantasy.1080p.mp4,2515057775,1645.273,,b89bb631,"4K, 60 Frames, 8K, Blonde, Masturbation, Small Tits, Solo, Stockings"
wowgirls.24.06.15.liz.ocean.falling.in.love.1080p.mp4,4669636213,3054.004,,c5d049ec,"4K, 60 Frames, 8K, Blowjob, Deepthroat, Handjob, Hardcore, Lingerie, Masturbation, POV, Pussy Licking, Shaved Pussy"
angelslove.24.06.15.daruma.rai.and.liz.ocean.lusty.and.intense.1080p.mp4,4770374672,3117.302,,b460e802,"8K, Bathroom, Blonde, Blowjob, Creampie, FFM, Hardcore, Kissing, Masturbation, Pussy Licking, Shaved Pussy, Small Tits, Threesome"
ultrafilms.24.06.14.serina.gomez.interview.with.serina.gomez.1080p.mp4,5862061630,3832.384,,ibbac340,"6K, Interview, Masturbation, Shaved Pussy, Solo"
sensuallove.24.06.13.clemence.audiard.and.ivi.rein.girly.passion.1080p.mp4,3782677079,2467.363,,e0efc9a8,"8K, Blonde, Kissing, Lesbian, Lingerie, Masturbation, Pussy Licking, Redhead, Shaved Pussy, Small Tits"
ultrafilms.24.06.10.lea.guerlin.and.olivia.sparkle.carefree.love.1080p.mp4,5200073515,3401.9353,,a0ba6136,"8K, Blowjob, Brunette, Cum In Mouth, FFM, Handjob, Hardcore, Kissing, Lingerie, Masturbation, POV, Pussy Licking, Shaved Pussy, Small Tits, Threesome"
wowgirls.24.06.08.evelin.elle.and.bella.spark.legs.wide.open.2.1080p.mp4,3825998359,2502.252,,b13411b6,"4K, 60 Frames, 6K, Blonde, Brunette, Finger Licking, Lesbian, Lingerie, Masturbation, Pussy Licking, Shaved Pussy, Small Tits"
angelslove.24.06.08.alice.zaffyre.and.matty.powerful.trio.1080p.mp4,4931496228,3224.88,,731e7c29,"8K, Blowjob, Cum In Mouth, Deepthroat, FFM, Handjob, Hardcore, Kissing, Lingerie, Masturbation, POV, Pussy Licking, Rimming, Shaved Pussy, Small Tits, Threesome"
ultrafilms.24.06.07.alice.zaffyre.wild.grace.1080p.mp4,3748485053,2452.654,,ic3a72dd,"8K, Lingerie, Masturbation, Shaved Pussy, Solo, Stockings"
sensuallove.24.06.06.ellie.luna.and.eva.blume.hot.and.amorous.1080p.mp4,3545629765,,,d2309e34,"8K, Brunette, Kissing, Lesbian, Masturbation, POV, Pussy Licking, Rimming, Shaved Pussy"
wowgirls.24.06.04.lilly.mays.redhead.next.door.1080p.mp4,2857545564,1870.321,,zbd42913,"4K, 60 Frames, 8K, Masturbation, Pantyhose, Redhead, Shaved Pussy, Solo"
ultrafilms.24.06.01.leona.mia.and.sarah.heizel.first.time.with.a.girl.1080p.mp4,4834999378,3160.421,,j0d4fcfc,"8K, Brunette, Kissing, Lesbian, Lingerie, Masturbation, Pussy Licking, Rimming, Sapphic First, Shaved Pussy, Stockings"
angelslove.24.06.01.amalia.davis.and.stacy.cruz.boobs.high.1080p.mp4,4396960921,2875.35,,80e7e1a8,"8K, Big Tits, Blowjob, FFM, Hairy Pussy, Hardcore, Kissing, Lingerie, Masturbation, POV, Pussy Licking, Shaved Pussy, Stockings, Threesome"
wowgirls.24.05.31.vilena.blazing.passion.1080p.mp4,4605865239,3009.7932,,z9fce2d0,"4K, 60 Frames, 8K, Blowjob, Handjob, Hardcore, Lingerie, POV, Pussy Licking, Redhead, Shaved Pussy"
sensuallove.24.05.30.lilly.mays.and.lola.red.hot.fuegos.1080p.mp4,3888950045,,,13c853a4,"69, 8K, Kissing, Lesbian, Masturbation, Pussy Licking, Redhead, Rimming, Sapphic First, Shaved Pussy, Small Tits"
ultrafilms.24.05.27.eva.generosi.fuck.me.eva.generosi.1080p.mp4,2318527027,1515.775,,yd0409ba,"8K, Fuck Me, Lingerie, Shaved Pussy, Solo"
wowgirls.24.05.25.shania.vegax.spanish.passion.1080p.mp4,3172000437,2073.797,,wb48cecc,"4K, 60 Frames, 6K, Bathroom, Brunette, Lingerie, Masturbation, Shaved Pussy, Solo"
angelslove.24.05.25.ashby.winter.and.lily.blossom.pure.lust.1080p.mp4,4273593208,2790.141,,f820944d,"8K, Blonde, Blowjob, Cum In Mouth, Cum On Face, Deepthroat, FFM, Handjob, Hardcore, Kissing, Masturbation, POV, Pussy Licking, Shaved Pussy, Threesome"
ultrafilms.24.05.24.sia.siberia.office.quickie.1080p.mp4,3075688331,2010.755,,i6cb8a0c,"Big Tits, Blowjob, Cum On Face, Hardcore, Masturbation, POV, Pussy Licking, Shaved Pussy"
sensuallove.24.05.23.leona.mia.and.liz.ocean.when.leo.wants.it.so.badly.1080p.mp4,4694651224,,,23681a92,"8K, Kissing, Lesbian, Lingerie, Masturbation, POV, Pussy Licking, Shaved Pussy"
wowgirls.24.05.22.kelly.collins.and.fibi.euro.voice.of.love.1080p.mp4,4117114279,2691.75,,a11620b3,"4K, 60 Frames, 69, 8K, Armpit Licking, Blonde, Lesbian, Masturbation, Pussy Licking, Shaved Pussy, Small Tits"
wowgirls.24.05.18.leona.mia.flame.of.desire.1080p.mp4,2871474335,1874.523,,w73d7fd3,"4K, 60 Frames, 6K, Lingerie, Masturbation, Outdoors, Pantyhose, Shaved Pussy, Solo"
angelslove.24.05.18.clemence.audiard.and.ivi.rein.flaming.eyes.1080p.mp4,4920340601,3216.033,,000e2198,"69, 8K, Blonde, Blowjob, Deepthroat, FFM, Handjob, Hardcore, Kissing, Masturbation, POV, Pussy Licking, Redhead, Shaved Pussy, Small Tits, Threesome"
ultrafilms.24.05.17.diana.heaven.une.femme.fatale.1080p.mp4,4110172727,2687.106,,e894f38c,"8K, Blonde, Lingerie, Masturbation, Shaved Pussy, Solo, Stockings"
sensuallove.24.05.16.diana.heaven.and.olivia.sparkle.equally.hot.1080p.mp4,4384767881,,,21748449,"69, 6K, Blonde, Kissing, Lesbian, Lingerie, Masturbation, Pussy Licking, Shaved Pussy, Small Tits"
ultrafilms.24.05.13.bella.spark.molly.devon.and.nancy.a.the.passionate.blondes.1080p.mp4,3575579616,2338.667,,z02029ad,"6K, Blonde, FFF+, Kissing, Lesbian, Lingerie, Masturbation, Pussy Licking, Rimming, Shaved Pussy, Threesome"
wowgirls.24.05.11.nancy.a.flames.of.passion.1080p.mp4,3143280019,2057.566,,wadfd606,"4K, 60 Frames, 69, 6K, Blonde, Blowjob, Creampie, Deepthroat, Hardcore, Masturbation, Pussy Licking, Shaved Pussy"
angelslove.24.05.11.kama.oxi.and.sirena.milano.a.life.of.adventure.1080p.mp4,4224895277,2754.185,,9e8db834,"8K, Blowjob, Brunette, Cum In Mouth, FFM, Hardcore, Kissing, Masturbation, POV, Pussy Licking, Shaved Pussy, Threesome"
ultrafilms.24.05.10.kama.oxi.kama.in.the.spotlight.1080p.mp4,2290412092,1498.315,,c9bba803,"6K, Brunette, Lingerie, Masturbation, Shaved Pussy, Solo"
sensuallove.24.05.09.ellie.luna.and.evelin.elle.discovering.lust.1080p.mp4,3890020114,,,e7d5123e,"8K, Brunette, Dildo and Toys, Kissing, Lesbian, Lingerie, Masturbation, Pantyhose, Pussy Licking, Shaved Pussy, Small Tits"
wowgirls.24.05.07.isabella.de.laa.interview.with.isabella.de.laa.1080p.mp4,3292915173,2151.886,,y9e6cb7d,"4K, 60 Frames, 6K, Hairy Pussy, Interview, Masturbation, Solo"
wowgirls.24.05.04.sofilie.and.vilena.longtime.lovers.1080p.mp4,4021808203,2631.03,,zeb92903,"4K, 60 Frames, 69, 6K, Lesbian, Lingerie, Masturbation, POV, Pussy Licking, Redhead, Rimming, Shaved Pussy"
angelslove.24.05.04.fibi.euro.and.sofilie.threesome.in.the.sunshine.1080p.mp4,4718321628,3083.656,,99309968,"8K, Blonde, Blowjob, FFM, Hardcore, Kissing, Masturbation, Outdoors, POV, Pussy Licking, Redhead, Shaved Pussy, Small Tits, Sport and Fitness, Threesome"
ultrafilms.24.05.03.bella.spark.vacation.dream.1080p.mp4,4921100996,3218.169,,j5a47cc5,"6K, Blonde, Blowjob, Hardcore, Masturbation, Outdoors, Pussy Licking, Shaved Pussy"
sensuallove.24.05.02.kelly.collins.sofilie.and.vilena.hungry.pussies.1080p.mp4,4790416550,,,d10d1d13,"6K, Blonde, FFF+, Hairy Pussy, Kissing, Lesbian, Lingerie, Masturbation, Pussy Licking, Redhead, Rimming, Shaved Pussy, Threesome"
ultrafilms.24.04.29.amber.hot.fingers.1080p.mp4,2136990779,1397.191,,xa59ea87,"6K, Masturbation, Outdoors, Redhead, Shaved Pussy, Small Tits, Solo"
wowgirls.24.04.27.kama.oxi.in.bed.with.kama.1080p.mp4,2153781045,1410.055,,j4647b80,"4K, 60 Frames, 8K, Brunette, Lingerie, Masturbation, Shaved Pussy, Solo"
angelslove.24.04.27.evelin.elle.and.molly.devon.the.power.of.desire.1080p.mp4,5264763711,3444.9617,,1d5e5b8e,"6K, Blonde, Blowjob, Brunette, FFM, Hardcore, Kissing, Masturbation, POV, Pussy Licking, RGB Light, Rimming, Shaved Pussy, Small Tits, Threesome"
ultrafilms.24.04.26.bella.spark.and.cherry.candle.afternoon.seduction.1080p.mp4,3841801355,2514.164,,aa11b006,"8K, Blonde, Kissing, Lesbian, Masturbation, POV, Pantyhose, Pussy Licking, Redhead, Shaved Pussy"
sensuallove.24.04.25.diana.heaven.kinsley.white.and.shania.vegax.glowing.trio.1080p.mp4,4015239680,2621.766,,e55b1f34,"8K, Blonde, Brunette, FFF+, Foot Fetish, Lesbian, Lingerie, Masturbation, Pussy Licking, Redhead, Rimming, Shaved Pussy, Threesome"
wowgirls.24.04.23.shania.vegax.fuck.me.shania.vegax.1080p.mp4,2764051303,1806.744,,d5262ad3,"4K, 60 Frames, 6K, Brunette, Finger Licking, Fuck Me, Lingerie, Shaved Pussy, Softcore, Solo"
wowgirls.24.04.20.evelin.elle.intense.crush.1080p.mp4,4696847452,3072.673,,i3a8e360,"4K, 60 Frames, 6K, Blowjob, Brunette, Handjob, Hardcore, Masturbation, POV, Pussy Licking, Shaved Pussy, Small Tits"
angelslove.24.04.20.bella.spark.and.nata.ocean.lucky.dips.1080p.mp4,5009028986,3265.19,,ca047827,"6K, Blonde, Blowjob, FFM, Hardcore, Masturbation, POV, Shaved Pussy, Threesome"
ultrafilms.24.04.19.kelly.collins.golden.femme.1080p.mp4,3732720176,2441.764,,ib6c135b,"6K, Blonde, Lingerie, Masturbation, Solo"
sensuallove.24.04.18.evelin.elle.molly.devon.and.nancy.a.lots.of.delicious.juices.1080p.mp4,4395448239,,,5b601ee3,"69, 6K, Armpit Licking, Blonde, Brunette, FFF+, Lesbian, Lingerie, Masturbation, Pussy Licking, Rimming, Shaved Pussy, Small Tits, Threesome"
ultrafilms.24.04.15.barbie.rous.and.ivi.rein.tight.pussies.1080p.mp4,3714728194,2429.4128,,jaf5f048,"8K, Blonde, Brunette, IR, Kissing, Lesbian, Masturbation, Pussy Licking, Shaved Pussy, Small Tits, Stockings"
angelslove.24.04.13.kama.oxi.and.trixxxie.fox.summer.affairs.1080p.mp4,4593488097,3001.7852,,c383f090,"69, 8K, Blowjob, Brunette, Cum In Mouth, FFM, Hardcore, Kissing, Lingerie, Masturbation, Outdoors, POV, Pussy Licking, Shaved Pussy, Small Tits, Threesome"
wowgirls.24.04.13.bella.spark.and.diana.heaven.forever.naughty.1080p.mp4,4414811112,2886.681,,i339a9e6,"4K, 60 Frames, 8K, Blonde, Lesbian, Lingerie, Masturbation, Pussy Licking, Shaved Pussy"
ultrafilms.24.04.12.leona.mia.perfect.lover.1080p.mp4,2267146907,1482.246,,eb9d8bdd,"6K, Dance, Lingerie, Masturbation, Shaved Pussy, Solo"
sensuallove.24.04.11.diana.heaven.and.sonya.blaze.a.lovers.touch.1080p.mp4,4665085393,,,e6ad7cfc,"8K, Blonde, Kissing, Lesbian, Lingerie, Masturbation, Pussy Licking, Shaved Pussy"
wowgirls.24.04.09.kama.oxi.the.moorish.princess.1080p.mp4,2102303870,1375.085,,f04bd351,"4K, 60 Frames, 6K, Brunette, Masturbation, Outdoors, Shaved Pussy, Solo"
wowgirls.24.04.06.kinsley.white.natural.hotness.1080p.mp4,2260260218,1477.532,,vf1ad4b1,"4K, 60 Frames, 6K, Masturbation, Oil and Cream, Outdoors, Redhead, Shaved Pussy, Solo"
angelslove.24.04.06.ashby.winter.and.eva.blume.sex.by.chance.1080p.mp4,4774924913,3113.811,,a540e917,"69, 8K, Blonde, Blowjob, Brunette, Cum On Face, FFM, Hardcore, Kissing, Masturbation, POV, Pussy Licking, Shaved Pussy, Threesome"
ultrafilms.24.04.05.elizabeth.t.lust.at.the.stove.1080p.mp4,2514023104,1646.132,,j3f1c904,"6K, Blowjob, Brunette, Creampie, Hardcore, Kissing, Lingerie, Masturbation, Pussy Licking, Shaved Pussy"
sensuallove.24.04.04.kama.oxi.and.sofilie.dreamy.romance.1080p.mp4,3668649914,,,87a82e66,"8K, Brunette, Kissing, Lesbian, Masturbation, Pussy Licking, Redhead, Shaved Pussy"
ultrafilms.24.04.01.alissa.foxy.sun.salutation.1080p.mp4,3763847031,2452.12,,hc895663,"6K, Hairy Pussy, Outdoors, Solo, Sport and Fitness"
wowgirls.24.03.30.nancy.a.and.ashby.winter.arousing.play.1080p.mp4,4159012449,2719.521,,h4194ddb,"4K, 60 Frames, 69, 8K, Blonde, Lesbian, Lingerie, Masturbation, Pussy Licking, Shaved Pussy"
angelslove.24.03.30.maya.and.sirena.milano.exploring.new.sensations.1080p.mp4,4421029391,2891.256,,15436009,"8K, Blowjob, FFM, Hardcore, Kissing, Masturbation, Pussy Licking, Redhead, Shaved Pussy, Small Tits, Threesome"
ultrafilms.24.03.29.kinsley.white.and.sofilie.hotties.in.love.1080p.mp4,3705989241,2424.163,,da738d98,"8K, Kissing, Lesbian, Masturbation, Pussy Licking, Redhead, Shaved Pussy"
sensuallove.24.03.28.agatha.vega.and.bella.spark.a.new.way.to.learn.spanish.1080p.mp4,4564431958,,,067b094b,"69, 6K, Blonde, Hairy Pussy, Kissing, Lesbian, Masturbation, Pussy Licking, Rimming, Shaved Pussy"
wowgirls.24.03.26.freya.mayer.sleeping.beauty.1080p.mp4,2953004855,1932.597,,c0d0585f,"4K, 60 Frames, 6K, Blonde, Blowjob, Handjob, Hardcore, Outdoors, POV, Pussy Licking"
wowgirls.24.03.23.leona.mia.uplifting.finesse.1080p.mp4,3360871793,2198.697,,j6bb3cd2,"4K, 60 Frames, 8K, Lingerie, Shaved Pussy, Softcore, Solo"
angelslove.24.03.23.ashby.winter.and.blu.chanelle.love.for.three.1080p.mp4,3684146551,2405.45,,78fe2ed2,"8K, Blonde, Blowjob, FFM, Foot Fetish, Handjob, Hardcore, Kissing, Lingerie, Masturbation, Pussy Licking, Redhead, Shaved Pussy, Threesome"
ultrafilms.24.03.22.hayli.sanders.and.lea.guerlin.sapphic.passion.1080p.mp4,3618474854,2365.068,,cff8c9b5,"8K, Brunette, Hairy Pussy, Kissing, Lesbian, Lingerie, Masturbation, Pussy Licking, Shaved Pussy, Stockings"
sensuallove.24.03.21.barbie.rous.dulce.and.sofilie.international.love.1080p.mp4,3799709292,,,d0d1bd49,"69, 8K, Brunette, FFF+, IR, Kissing, Lesbian, Lingerie, Masturbation, Redhead, Shaved Pussy, Threesome"
ultrafilms.24.03.18.ariana.cortez.french.twist.1080p.mp4,2552469300,1667.889,,w20d7167,"8K, Finger Licking, Masturbation, Shaved Pussy, Small Tits, Solo"
angelslove.24.03.16.molly.devon.and.sofilie.stranger.in.paradise.1080p.mp4,5396931372,3521.556,,93dfd8e2,"6K, Blonde, Blowjob, Deepthroat, FFM, Hardcore, Kissing, Masturbation, Pussy Licking, Redhead, Rimming, Shaved Pussy, Threesome"
wowgirls.24.03.16.diana.heaven.and.sofilie.lustful.pussies.1080p.mp4,4870357468,3183.897,,a664dcef,"4K, 60 Frames, 69, 8K, Blonde, Lesbian, Lingerie, Masturbation, Pussy Licking, Redhead, Shaved Pussy"
ultrafilms.24.03.15.sia.siberia.play.tight.720p.mp4,672665898,2222.08,,w7b95054,"Anal, Big Tits, Blonde, Blowjob, Creampie, Hardcore, Kissing, Masturbation, Rimming, Shaved Pussy"
sensuallove.24.03.14.kelly.collins.and.kinsley.white.kinsleys.dream.came.true.1080p.mp4,4002379717,,,3f4328d0,"8K, Blonde, Kissing, Lesbian, Masturbation, POV, Pussy Licking, Shaved Pussy"
wowgirls.24.03.12.lily.blossom.fuck.me.lily.blossom.1080p.mp4,2745419137,1795.785,,eceed48a,"4K, 60 Frames, 8K, Blonde, Fuck Me, Lingerie, Masturbation, Pantyhose, Shaved Pussy, Solo"
wowgirls.24.03.09.elizabeth.t.surprising.skills.1080p.mp4,3748382395,2452.004,,x55c6331,"4K, 60 Frames, 6K, Blowjob, Creampie, Hardcore, Lingerie, Masturbation, POV, Pussy Licking, Shaved Pussy"
angelslove.24.03.09.bella.spark.and.ivi.rein.wet.angels.1080p.mp4,5125187196,3341.068,,995db910,"6K, Blonde, Blowjob, FFM, Hardcore, Kissing, Masturbation, POV, Pussy Licking, Shaved Pussy, Small Tits, Squirt, Stockings, Threesome"
ultrafilms.24.03.08.amelia.riven.and.bella.spark.magic.of.night.1080p.mp4,4601042848,3009.074,,za8b8c07,"6K, Blonde, Brunette, Kissing, Lesbian, Masturbation, Pussy Licking, Shaved Pussy"
sensuallove.24.03.07.ellie.luna.evelin.elle.and.molly.devon.a.lot.of.beauty.in.one.bedroom.1080p.mp4,5489877749,,,cd6f716f,"69, 6K, Blonde, Brunette, Dildo and Toys, Exclusive, FFF+, Kissing, Lesbian, Masturbation, Pussy Licking, Shaved Pussy, Small Tits, Threesome"
ultrafilms.24.03.04.serina.gomez.stunning.dancer.1080p.mp4,1218323405,796.258,,v7d14a21,"6K, Dance, Masturbation, Shaved Pussy, Solo"
angelslove.24.03.02.freya.mayer.and.lily.bella.blondes.in.passion.1080p.mp4,5951974639,3884.261,,a6bcb868,"69, 6K, Blonde, Blowjob, FFM, Handjob, Hardcore, Kissing, Lingerie, Masturbation, Outdoors, POV, Pussy Licking, Shaved Pussy, Threesome"
wowgirls.24.03.02.alissa.foxy.interview.with.alissa.foxy.1080p.mp4,3029517114,1981.962,,h0cdfb3d,"4K, 60 Frames, 6K, Brunette, Hairy Pussy, Interview, Masturbation, Solo"
ultrafilms.24.03.01.evelin.elle.hot.shyness.1080p.mp4,3431157670,2243.976,,x8f05b41,"6K, Blowjob, Brunette, Cum In Mouth, Cum On Face, Handjob, Hardcore, Kissing, Lingerie, Masturbation, Outdoors, POV, Pussy Licking, Shaved Pussy, Small Tits"
sensuallove.24.02.29.diana.heaven.and.hayli.sanders.lusty.camera.girl.1080p.mp4,4930139725,,,65c3d83d,"6K, Blonde, Brunette, Kissing, Lesbian, Lingerie, Masturbation, Pussy Licking, Sapphic First, Shaved Pussy"
wowgirls.24.02.27.kama.oxi.and.shania.vegax.stunning.likeness.1080p.mp4,4193391572,2742.092,,z505e70c,"4K, 60 Frames, 69, 8K, Brunette, Lesbian, Masturbation, Outdoors, POV, Pantyhose, Pussy Licking, Rimming, Shaved Pussy"
ultrafilms.24.02.26.emily.mayers.interview.with.emily.mayers.1080p.mp4,3537762178,2315.2153,,ecdbf7a2,"6K, Interview, Masturbation, Shaved Pussy, Solo"
wowgirls.24.02.24.olivia.sparkle.happy.end.1080p.mp4,4197853866,2745.992,,gcf5eadb,"4K, 60 Frames, 6K, Blowjob, Cum In Mouth, Deepthroat, Handjob, Hardcore, Masturbation, POV, Pussy Licking, Shaved Pussy, Small Tits"
angelslove.24.02.24.kama.oxi.and.matty.lust.addicts.1080p.mp4,5124171930,3341.844,,42891300,"8K, Blowjob, Brunette, FFM, Handjob, Hardcore, Kissing, Lingerie, Masturbation, POV, Pussy Licking, Shaved Pussy, Small Tits, Threesome"
ultrafilms.24.02.23.ariana.cortez.and.kama.oxi.instant.desire.1080p.mp4,4033176126,2639.783,,a1dbc70e,"8K, Brunette, Kissing, Lesbian, Masturbation, Pussy Licking, Rimming, Shaved Pussy, Small Tits"
sensuallove.24.02.22.alissa.foxy.lottie.magne.and.nancy.a.fabulous.lust.1080p.mp4,4103187723,,,6331405d,"69, 6K, Blonde, Brunette, FFF+, Hairy Pussy, Kissing, Masturbation, Pussy Licking, Redhead, Shaved Pussy, Small Tits, Stockings, Threesome"
wowgirls.24.02.21.mila.azul.princess.bed.2.1080p.mp4,2276426226,1489.072,,c3f290a3,"4K, 60 Frames, 6K, Big Tits, Finger Licking, Masturbation, Shaved Pussy, Solo"
ultrafilms.24.02.19.evelin.elle.lusty.siesta.1080p.mp4,1862712113,1217.0504,,c83f5272,"Brunette, Finger Licking, Lingerie, Masturbation, Shaved Pussy, Small Tits, Solo"
angelslove.24.02.17.evelin.elle.and.holly.molly.seduce.the.nerd.1080p.mp4,5627918930,3673.219,,b0cbb6db,"69, 6K, Blowjob, Brunette, Cum In Mouth, FFM, Handjob, Hardcore, Kissing, Masturbation, POV, Pussy Licking, Redhead, Shaved Pussy, Small Tits, Threesome"
wowgirls.24.02.17.bella.spark.pink.friend.1080p.mp4,2724843247,1779.763,,jf34470b,"4K, 60 Frames, 6K, Blonde, Masturbation, Oil and Cream, Shaved Pussy, Solo, Toys"
ultrafilms.24.02.16.milena.ray.and.rebecca.volpetti.burning.desire.1080p.mp4,3770977238,2468.769,,hb3b3b2a,"6K, Blonde, Blowjob, Brunette, Cum In Mouth, Deepthroat, FFM, Handjob, Hardcore, Masturbation, POV, Pussy Licking, Shaved Pussy, Small Tits, Squirt, Stockings, Threesome"
sensuallove.24.02.15.evelin.elle.and.sonya.blaze.a.lot.of.natural.hotness.1080p.mp4,3285153019,,,7bfb66b5,"6K, Brunette, Exclusive, Kissing, Lesbian, Masturbation, Outdoors, Pussy Licking, Shaved Pussy, Small Tits"
wowgirls.24.02.14.sofilie.new.boy.assessment.1080p.mp4,4578004425,2993.818,,u35c9233,"4K, 60 Frames, 6K, Blowjob, Cum In Mouth, Handjob, Hardcore, Lingerie, Masturbation, POV, Shaved Pussy, Stockings"
ultrafilms.24.02.12.kelly.collins.and.leona.mia.starlight.1080p.mp4,5046433848,3299.021,,ifff5ea7,"8K, Blonde, Kissing, Lesbian, Lingerie, Masturbation, POV, Pussy Licking, Shaved Pussy"
wowgirls.24.02.10.sofilie.and.maya.beautiful.match.1080p.mp4,3575544444,2340.989,,fb9b7c00,"4K, 60 Frames, 69, 8K, Lesbian, Lingerie, Masturbation, Pussy Licking, Redhead, Shaved Pussy, Small Tits"
angelslove.24.02.10.bella.spark.and.molly.devon.so.lusty.1080p.mp4,5579162612,3639.072,,10943e9b,"6K, Blonde, Blowjob, Cum In Mouth, FFM, Hardcore, Kissing, Masturbation, POV, Pussy Licking, Shaved Pussy, Threesome"
sensuallove.24.02.08.kelly.collins.and.molly.devon.restless.blondes.1080p.mp4,6221345324,,,d56351e1,"6K, Blonde, Kissing, Lesbian, Masturbation, Pussy Licking, Rimming, Shaved Pussy"
ultrafilms.24.02.08.diana.heaven.and.hayli.sanders.seducing.hot.starlet.1080p.mp4,4413297209,2888.283,,v17a6d65,"69, 6K, Blonde, Brunette, Kissing, Lesbian, Lingerie, Masturbation, Pussy Licking, Shaved Pussy"
wowgirls.24.02.03.nancy.a.and.vanessa.alessia.revealing.hidden.lusts.1080p.mp4,4712725800,3081.961,,j566c849,"4K, 60 Frames, 6K, Bathroom, Blonde, Brunette, Hairy Pussy, Lesbian, Masturbation, Pussy Licking, Rimming, Shaved Pussy"
angelslove.24.02.03.mencia.francis.and.naomi.hill.captivating.approach.1080p.mp4,5157352419,3360.57,,ca5eb0d2,"6K, Blonde, Blowjob, Brunette, FFM, Foot Fetish, Handjob, Hardcore, IR, Kissing, Lingerie, Masturbation, POV, Pussy Licking, Shaved Pussy, Small Tits, Stockings, Threesome"
ultrafilms.24.02.02.amber.sharing.intimate.moments.1080p.mp4,2596278919,1692.618,,h6cc9622,"6K, Masturbation, Oil and Cream, Outdoors, Redhead, Shaved Pussy, Small Tits, Solo"
sensuallove.24.02.01.nancy.a.and.sherice.moans.of.lust.1080p.mp4,4849765501,,,2dc02c2c,"69, 6K, Blonde, Exclusive, Kissing, Lesbian, Lingerie, Masturbation, Pussy Licking, Redhead, Shaved Pussy, Small Tits"
wowgirls.24.01.30.sandralyd.spanish.hotness.1080p.mp4,3278037948,2144.85,,y5acac54,"4K, 60 Frames, 8K, Brunette, Lingerie, Masturbation, Shaved Pussy, Small Tits, Solo"
ultrafilms.24.01.29.trixxxie.fox.sudden.craving.1080p.mp4,3902659228,2554.613,,c416b409,"8K, Blowjob, Handjob, Hardcore, Kissing, Lingerie, Masturbation, Outdoors, POV, Pussy Licking, Shaved Pussy, Small Tits"
angelslove.24.01.27.fibi.euro.and.sofilie.lust.delivery.1080p.mp4,5102703791,3337.195,,5ad16dbe,"8K, Blonde, Blowjob, FFM, Handjob, Hardcore, Kissing, Masturbation, POV, Pussy Licking, Redhead, Shaved Pussy, Small Tits, Threesome"
wowgirls.24.01.27.bella.spark.kama.oxi.and.ashby.winter.naughty.students.1080p.mp4,5065972607,3313.069,,x9a60ae6,"4K, 60 Frames, 69, 8K, Blonde, Blowjob, Brunette, Cum In Mouth, Group, Hardcore, Masturbation, POV, Pussy Licking, Shaved Pussy"
ultrafilms.24.01.26.mila.azul.wet.afternoon.1080p.mp4,2659755061,1739.499,,w2581851,"6K, Big Tits, Finger Licking, Masturbation, Shaved Pussy, Solo"
sensuallove.24.01.25.elizabeth.t.and.olivia.sparkle.juicy.babes.1080p.mp4,3644141277,,,8f2a2e38,"6K, Foot Fetish, Kissing, Lesbian, Masturbation, Pussy Licking, Shaved Pussy, Small Tits"
wowgirls.24.01.23.agatha.vega.interview.with.agatha.vega.1080p.mp4,2617895718,1713.656,,f8cf2f78,"4K, 60 Frames, 6K, Interview, Lingerie, Masturbation, Shaved Pussy, Solo"
angelslove.24.01.20.angelika.grays.and.kama.oxi.slutty.mood.again.1080p.mp4,5477073658,3572.968,,035e6ea9,"6K, Blonde, Blowjob, Brunette, FFM, Foot Fetish, Handjob, Hardcore, Kissing, Masturbation, POV, Pussy Licking, Shaved Pussy, Small Tits, Threesome"
ultrafilms.24.01.19.cherry.candle.and.ellie.luna.lust.for.ecstasy.1080p.mp4,3796847656,2485.394,,x9670bb8,"8K, Lesbian, Lingerie, Masturbation, Oil and Cream, Pussy Licking, Redhead, Shaved Pussy"
sensuallove.24.01.18.kelly.collins.kinsley.white.and.leona.mia.touching.the.stars.1080p.mp4,5061746114,,,4b61ae85,"69, 8K, Blonde, FFF+, Hairy Pussy, Kissing, Lesbian, Lingerie, Masturbation, POV, Pantyhose, Pussy Licking, Rimming, Shaved Pussy, Threesome"
wowgirls.24.01.16.bella.spark.and.dulce.exchange.of.love.1080p.mp4,3635467697,2378.536,,hfbb0f8e,"4K, 60 Frames, 8K, Blonde, Brunette, IR, Lesbian, Lingerie, Masturbation, Pussy Licking, Shaved Pussy"
ultrafilms.24.01.15.serina.gomez.very.naughty.present.1080p.mp4,3391035648,2219.502,,u44f887c,"6K, Blowjob, Creampie, Hardcore, Kissing, Masturbation, Pussy Licking, Shaved Pussy"
wowgirls.24.01.13.leona.mia.the.relief.in.devotion.1080p.mp4,2806877890,1836.628,,d86a893e,"4K, 60 Frames, 8K, Fetish, Lingerie, Masturbation, Shaved Pussy, Solo, Stockings"
angelslove.24.01.13.evelin.elle.molly.devon.and.sandralyd.divine.trio.1080p.mp4,6212182473,4059.469,,9b73059c,"69, 6K, Blonde, Blowjob, Brunette, Cum In Mouth, Group, Hardcore, Kissing, Masturbation, POV, Pussy Licking, Shaved Pussy, Small Tits"
ultrafilms.24.01.12.leona.mia.kamys.intimacy.1080p.mp4,2064813853,1349.869,,c6dd48fb,"6K, Finger Licking, Lingerie, Masturbation, Shaved Pussy, Solo, Stockings"
sensuallove.24.01.11.nancy.a.shania.vegax.and.sofilie.passion.for.pussy.1080p.mp4,4082832248,,,8414689d,"69, 8K, Blonde, Brunette, FFF+, Kissing, Lesbian, Lingerie, Masturbation, POV, Pussy Licking, Redhead, Rimming, Shaved Pussy, Threesome"
wowgirls.24.01.09.fibi.euro.naughty.set.1080p.mp4,3963510366,2592.415,,xc07789d,"4K, 60 Frames, 8K, Blowjob, Handjob, Hardcore, Masturbation, Outdoors, POV, Pussy Licking, Shaved Pussy, Small Tits, Sport and Fitness"
wowgirls.24.01.06.shania.vegax.and.vilena.graceful.lovemaking.1080p.mp4,4202279604,2748.917,,ga81cdb0,"4K, 60 Frames, 6K, Brunette, Lesbian, Lingerie, Masturbation, Pussy Licking, Redhead, Rimming, Shaved Pussy"
angelslove.24.01.06.mencia.francis.and.oxana.chic.dreamer.seduction.1080p.mp4,4172717916,2724.066,,c5b00c50,"69, 6K, Blonde, Blowjob, FFM, Fetish, Hardcore, Kissing, POV, Pussy Licking, Shaved Pussy, Small Tits, Threesome"
ultrafilms.24.01.05.sofilie.get.lucky.1080p.mp4,4320558740,2822.385,,ub8f5297,"6K, Blowjob, Creampie, Hardcore, Kissing, Masturbation, Outdoors, Redhead, Shaved Pussy"
sensuallove.24.01.04.diana.heaven.and.kinsley.white.swift.passion.unfolds.1080p.mp4,5077336458,,,fb7febd8,"69, 8K, Blonde, Kissing, Lesbian, Lingerie, Masturbation, Pussy Licking, Redhead, Shaved Pussy"
wowgirls.24.01.02.sofilie.exploring.the.hot.spots.1080p.mp4,3158829081,2067.017,,d9cf7d73,"4K, 60 Frames, 6K, Finger Licking, Lingerie, Masturbation, Redhead, Shaved Pussy, Solo, Toys"
ultrafilms.24.01.01.peony.jam.and.sofilie.hot.girls.next.door.1080p.mp4,3871251832,2527.9111,,y64a066f,"8K, Hairy Pussy, Kissing, Lesbian, Masturbation, Oil and Cream, Outdoors, Pussy Licking, Redhead, Rimming, Shaved Pussy"
wowgirls.23.12.31.kama.oxi.the.magic.of.jet.set.1080p.mp4,3294888329,2156.112,,i8c5642e,"4K, 60 Frames, 8K, Acoustic Intimacy, Blowjob, Brunette, Cum In Mouth, Handjob, Hardcore, Masturbation, POV, Shaved Pussy"
angelslove.23.12.30.bella.spark.and.kama.oxi.blazing.four.eyes.1080p.mp4,4673892418,3047.077,,1b91c067,"6K, Blonde, Blowjob, Brunette, FFM, Foot Fetish, Hardcore, Kissing, Masturbation, POV, Pussy Licking, Shaved Pussy, Threesome"
ultrafilms.23.12.29.vilena.being.seduced.by.vilena.1080p.mp4,2283462279,1491.975,,zad3f597,"6K, Masturbation, Outdoors, Redhead, Shaved Pussy, Solo"
sensuallove.23.12.28.dolly.dyson.kelly.collins.nancy.a.and.sonya.blaze.brief.stop.at.heaven.1080p.mp4,4129363531,2690.41,,3c112191,"6K, Blonde, FFF+, Finger Licking, Group, Kissing, Lesbian, Masturbation, Pussy Licking, Shaved Pussy"
ultrafilms.23.12.25.claire.roos.and.kama.oxi.from.shadows.to.spotlight.1080p.mp4,3324879658,2174.223,,adfc5f09,"8K, Blonde, Brunette, Fetish, Kissing, Lesbian, Lingerie, Masturbation, Pantyhose, Pussy Licking, Shaved Pussy"
wowgirls.23.12.24.nancy.a.alissa.foxy.and.sonya.blaze.starlets.in.love.1080p.mp4,3960256052,2588.7722,,d468d36d,"4K, 60 Frames, 6K, Blonde, Brunette, FFF+, Lesbian, Masturbation, Pussy Licking, Rimming, Shaved Pussy, Threesome"
angelslove.23.12.23.ariana.cortez.and.matty.double.temptation.1080p.mp4,3930313863,2569.357,,9f7df5cc,"8K, Blowjob, Cum In Mouth, FFM, Hardcore, Kissing, Masturbation, Shaved Pussy, Small Tits, Threesome"
ultrafilms.23.12.22.trixxxie.fox.horny.afternoon.1080p.mp4,2775445178,1816.497,,ua748399,"8K, Finger Licking, Lingerie, Masturbation, Shaved Pussy, Small Tits, Solo"
sensuallove.23.12.21.ellie.luna.and.hayli.sanders.raw.pheromones.1080p.mp4,4199574853,,,3f1a8d2c,"6K, Brunette, Kissing, Lesbian, Masturbation, Pussy Licking, Rimming, Shaved Pussy"
wowgirls.23.12.19.mila.azul.autumn.glow.1080p.mp4,2519481026,1649.0824,,h5fba385,"4K, 60 Frames, 6K, Big Tits, Lingerie, Masturbation, Pantyhose, Shaved Pussy, Solo"
ultrafilms.23.12.18.stacy.cruz.hot.reflection.1080p.mp4,3715077906,2432.3157,,f195869e,"8K, Blowjob, Creampie, Hairy Pussy, Hardcore, Kissing, Masturbation, POV, Pussy Licking"
wowgirls.23.12.16.sonya.blaze.and.diana.heaven.dream.bed.1080p.mp4,5023940262,3283.975,,f6dbf4b9,"4K, 60 Frames, 69, 8K, Blonde, Lesbian, Lingerie, Masturbation, Pussy Licking, Shaved Pussy"
angelslove.23.12.16.isabella.de.laa.and.mencia.francis.date.deluxe.1080p.mp4,4738222224,3091.647,,0fa9c75f,"6K, Blowjob, FFM, Foot Fetish, Handjob, Hardcore, Kissing, Masturbation, POV, Pantyhose, Shaved Pussy, Small Tits, Threesome"
ultrafilms.23.12.15.amber.interview.with.amber.1080p.mp4,1451708286,949.185,,a35e9e5b,"Interview, Lingerie, Masturbation, Redhead, Shaved Pussy, Small Tits, Solo"
sensuallove.23.12.14.diana.heaven.kinsley.white.and.vilena.princesses.of.lust.1080p.mp4,4265016030,,,485bde3b,"8K, Blonde, FFF+, Kissing, Lesbian, Lingerie, Masturbation, Pussy Licking, Redhead, Shaved Pussy, Threesome"
wowgirls.23.12.12.matty.lusty.affair.1080p.mp4,3862656992,2525.242,,ucb1099c,"4K, 60 Frames, 8K, Blowjob, Deepthroat, Handjob, Hardcore, Lingerie, Masturbation, POV, Shaved Pussy, Small Tits"
ultrafilms.23.12.11.matty.and.sofi.vega.wetting.fingers.1080p.mp4,4891994587,3199.477,,j8d12093,"6K, Brunette, Finger Licking, IR, Kissing, Lesbian, Masturbation, Pussy Licking, Shaved Pussy, Small Tits"
wowgirls.23.12.09.sirena.milano.sofilie.and.maya.new.girl.is.always.fun.1080p.mp4,4379177964,2861.697,,yc782098,"4K, 60 Frames, 8K, Brunette, FFF+, Lesbian, Lingerie, Masturbation, Pussy Licking, Redhead, Rimming, Shaved Pussy, Small Tits, Threesome"
angelslove.23.12.09.bella.spark.and.ivi.rein.naughty.dream.1080p.mp4,6445195212,4206.579,,9ada0182,"69, 6K, Bathroom, Blonde, Blowjob, Cum In Mouth, FFM, Hardcore, Kissing, Lingerie, Masturbation, POV, Pussy Licking, Shaved Pussy, Small Tits, Threesome"
ultrafilms.23.12.08.sofilie.born.to.be.a.star.1080p.mp4,3312935540,2165.818,,ib29b0df,"6K, Finger Licking, Masturbation, RGB Light, Redhead, Shaved Pussy, Solo"
sensuallove.23.12.07.naomi.hill.and.vanessa.alessia.desire.for.a.beautiful.lovemaking.1080p.mp4,5488896040,,,876573f3,"69, 6K, Brunette, Kissing, Lesbian, Lingerie, Masturbation, POV, Pussy Licking, Rimming, Shaved Pussy, Small Tits"
wowgirls.23.12.05.emily.mayers.sliding.hands.1080p.mp4,3622585407,2372.522,,z0a29bbf,"4K, 60 Frames, 6K, Lingerie, Masturbation, Oil and Cream, Shaved Pussy, Solo"
ultrafilms.23.12.04.sia.siberia.a.-.fun.1080p.mp4,2757330170,,,,
angelslove.23.12.02.evelin.elle.and.missy.luv.angels.touch.1080p.mp4,5589169507,3650.125,,a1e28aa5,"6K, Blonde, Blowjob, Brunette, Cum In Mouth, FFM, Handjob, Hardcore, Kissing, Lingerie, Masturbation, POV, Pussy Licking, Shaved Pussy, Small Tits, Stockings, Threesome"
wowgirls.23.12.02.elizabeth.t.easy.seduction.1080p.mp4,4199259055,2748.383,,hc1684b9,"4K, 60 Frames, 6K, Blowjob, Brunette, Handjob, Hardcore, Masturbation, POV, Pussy Licking, Shaved Pussy"
ultrafilms.23.12.01.sybil.shades.of.desire.1080p.mp4,2478242797,1636.101,,c9a67d12,"6K, Masturbation, Oil and Cream, RGB Light, Solo"
sensuallove.23.11.30.evelin.elle.molly.devon.and.sofilie.delicious.all.1080p.mp4,3754961701,,,91d3bd56,"6K, Blonde, Brunette, FFF+, Kissing, Lesbian, Lingerie, Masturbation, Outdoors, Pussy Licking, Redhead, Shaved Pussy, Small Tits, Threesome"
wowgirls.23.11.28.kelly.collins.breathtaking.girl.1080p.mp4,3272171572,2139.277,,w96f4238,"4K, 60 Frames, 6K, Blonde, Masturbation, Solo"
ultrafilms.23.11.25.ellie.luna.and.lea.guerlin.rose.flavours.1080p.mp4,3564169397,2330.261,,z1b566ba,"8K, Brunette, Finger Licking, Hairy Pussy, Kissing, Lesbian, Lingerie, Masturbation, Pussy Licking, Rimming, Shaved Pussy"
angelslove.23.11.25.ariana.cortez.and.kama.oxi.very.important.pussies.1080p.mp4,4429767597,2895.7625,,7d432922,"8K, Blowjob, Brunette, Cum In Mouth, FFM, Hardcore, Kissing, Lingerie, Masturbation, Outdoors, Pussy Licking, Shaved Pussy, Small Tits, Threesome"
wowgirls.23.11.24.kinsley.white.and.sofilie.everybody.wants.kinsley.1080p.mp4,4701486227,3072.975,,e2c6793d,"4K, 60 Frames, 8K, Lesbian, Lingerie, Masturbation, Pussy Licking, Redhead, Shaved Pussy"
sensuallove.23.11.23.ariana.cortez.and.trixxxie.fox.clit.pheromones.1080p.mp4,3972991251,,,f11c90d7,"69, 8K, Kissing, Lesbian, Masturbation, Pussy Licking, Rimming, Shaved Pussy, Small Tits"
wowgirls.23.11.21.hayli.sanders.and.bella.spark.endless.craves.1080p.mp4,3489907249,2277.831,,i3502712,"4K, 60 Frames, 6K, Blonde, Brunette, Lesbian, Lingerie, Masturbation, Pussy Licking, Shaved Pussy"
ultrafilms.23.11.20.kinsley.white.fuck.me.kinsley.white.1080p.mp4,2029006065,1327.8112,,h1fe7961,"6K, Fuck Me, Redhead, Shaved Pussy, Solo"
wowgirls.23.11.18.elizabeth.t.in.the.shade.of.lust.1080p.mp4,1919773397,1255.712,,eb7f3ed8,"4K, 60 Frames, 6K, Masturbation, Outdoors, Shaved Pussy, Solo, Stockings, Toys"
angelslove.23.11.18.claire.roos.and.fibi.euro.casting.naughty.blondes.1080p.mp4,4149520284,2708.392,,070c921e,"8K, Blonde, Blowjob, FFM, Handjob, Hardcore, Masturbation, Pussy Licking, Shaved Pussy, Small Tits, Threesome"
ultrafilms.23.11.17.diana.heaven.and.nancy.a.wizards.of.lust.1080p.mp4,4518096407,2953.857,,w7baaf98,"69, 8K, Blonde, Kissing, Lesbian, Masturbation, Pussy Licking, Shaved Pussy"
sensuallove.23.11.16.bella.spark.and.kelly.collins.the.incredible.blonde.glow.1080p.mp4,5217016168,,,13c964fb,"69, 6K, Blonde, Kissing, Lesbian, Lingerie, Masturbation, Pussy Licking, Shaved Pussy"
wowgirls.23.11.14.ivi.rein.endless.heat.1080p.mp4,3749622698,2452.398,,de09470f,"4K, 60 Frames, 8K, Blonde, Blowjob, Cum In Mouth, Deepthroat, Handjob, Hardcore, Masturbation, POV, Shaved Pussy, Small Tits"
ultrafilms.23.11.13.milena.ray.interview.with.milena.ray.1080p.mp4,3218554692,2104.355,,he0cd278,"Brunette, Interview, Lingerie, Masturbation, Shaved Pussy, Solo"
wowgirls.23.11.11.leona.mia.my.endless.passion.1080p.mp4,3170657620,2073.867,,va63839c,"4K, 60 Frames, 6K, Finger Licking, Lingerie, Masturbation, Shaved Pussy, Solo"
angelslove.23.11.11.elizabeth.t.and.ivi.rein.amazing.lovers.1080p.mp4,4339038646,2834.18,,473751ae,"69, 6K, Blonde, Blowjob, Brunette, Cum In Mouth, Cum On Face, FFM, Hardcore, Kissing, Lingerie, Masturbation, Pussy Licking, Shaved Pussy, Small Tits, Threesome"
ultrafilms.23.11.10.evelin.elle.longing.fulfilled.1080p.mp4,5008488601,3285.809,,j9c47085,"6K, Blowjob, Brunette, Cum In Mouth, Handjob, Hardcore, Kissing, Lingerie, Masturbation, POV, Pussy Licking, Shaved Pussy, Small Tits"
sensuallove.23.11.09.kama.oxi.and.kinsley.white.a.gentle.dive.into.sapphic.love.1080p.mp4,4221415794,,,92418771,"69, 8K, Brunette, Foot Fetish, Kissing, Lesbian, Lingerie, Masturbation, Pantyhose, Pussy Licking, Sapphic First, Shaved Pussy"
wowgirls.23.11.07.alissa.foxy.kelly.collins.and.bella.spark.stuns.in.bed.1080p.mp4,4310484175,2822.083,,zf3ff946,"4K, 60 Frames, 69, 6K, Blonde, Brunette, FFF+, Hairy Pussy, Lesbian, Lingerie, Masturbation, Pussy Licking, Rimming, Shaved Pussy, Threesome"
wowgirls.23.11.04.lily.bella.interview.with.lily.bella.1080p.mp4,3763728959,2465.378,,ac326be7,"4K, 60 Frames, 6K, Blonde, Interview, Masturbation, Shaved Pussy, Solo"
angelslove.23.11.04.eva.blume.and.kama.oxi.hot.heaven.1080p.mp4,4949291668,3236.002,,a9c2cfe9,"69, 8K, Blowjob, Brunette, FFM, Handjob, Hardcore, Kissing, Masturbation, POV, Pussy Licking, Shaved Pussy, Threesome"
ultrafilms.23.11.03.ellie.luna.and.hayli.sanders.the.allure.of.beautiful.intimacy.1080p.mp4,4217587968,2759.436,,effa12d7,"6K, Brunette, Kissing, Lesbian, Masturbation, Pussy Licking, Shaved Pussy, Stockings"
sensuallove.23.11.02.agatha.vega.dulce.and.sofilie.die.another.day.3.1080p.mp4,4251991749,,,f7a42172,"69, 8K, Blonde, Brunette, Lesbian, Masturbation, POV, Pantyhose, Pussy Licking, Redhead, Rimming, Shaved Pussy, Threesome"
wowgirls.23.10.31.dulce.and.sofilie.high.passion.drive.1080p.mp4,3819284146,2499.767,,jafa3560,"4K, 60 Frames, 69, 8K, Brunette, IR, Lesbian, Lingerie, Masturbation, Pussy Licking, Redhead, Shaved Pussy"
ultrafilms.23.10.30.leona.mia.the.power.of.sensual.touch.1080p.mp4,3422200528,2247.784,,w2f65994,"6K, Dildo and Toys, Lingerie, Masturbation, Shaved Pussy, Solo"
angelslove.23.10.28.sirena.milano.and.sofilie.naughty.seduction.1080p.mp4,4717082004,3076.27,,492ad804,"69, 8K, Blowjob, FFM, Hairy Pussy, Handjob, Hardcore, Kissing, Lingerie, Masturbation, POV, Pussy Licking, Redhead, Shaved Pussy, Stockings, Threesome"
wowgirls.23.10.28.freya.mayer.endless.joy.1080p.mp4,3204459571,2099.803,,c0138b4d,"4K, 60 Frames, 69, 6K, Blonde, Blowjob, Deepthroat, Dildo, Fetish, Finger Licking, Handjob, Hardcore, Masturbation, Pussy Licking, Shaved Pussy"
ultrafilms.23.10.27.erika.eden.and.olivia.sparkle.the.naughty.side.of.college.life.1080p.mp4,3869501331,2523.637,,c101994f,"8K, Blonde, Lesbian, Masturbation, Pussy Licking, Shaved Pussy, Small Tits"
sensuallove.23.10.26.diana.heaven.and.kelly.collins.fall.for.a.goddess.1080p.mp4,4597003069,2998.041,,60a5a400,"8K, Blonde, Foot Fetish, Kissing, Lesbian, Masturbation, Pussy Licking, Shaved Pussy"
wowgirls.23.10.24.bella.spark.and.sirena.milano.new.lovers.1080p.mp4,3827888108,2506.176,,g7e59c67,"4K, 60 Frames, 6K, Blonde, Lesbian, Lingerie, Masturbation, POV, Pussies Slip 'n' Slide, Pussy Licking, Shaved Pussy"
wowgirls.23.10.21.sonya.blaze.stunning.doll.1080p.mp4,2505168487,1633.384,,a030e6d5,"4K, 60 Frames, 6K, Oil and Cream, RGB Light, Shaved Pussy, Softcore, Solo"
angelslove.23.10.21.ashby.winter.and.bella.spark.golden.duo.1080p.mp4,5058130221,3314.932,,263e39d1,"69, 8K, Blonde, Blowjob, FFM, Handjob, Hardcore, Kissing, Lingerie, Masturbation, POV, Pussy Licking, Shaved Pussy, Small Tits, Threesome"
ultrafilms.23.10.20.elizabeth.t.stunning.spreads.1080p.mp4,2749347504,1793.021,,u5d33d50,"Blowjob, Creampie, Hardcore, Lingerie, Masturbation, Shaved Pussy"
sensuallove.23.10.19.evelin.elle.molly.devon.and.sonya.blaze.sensual.trio.1080p.mp4,4805088887,3133.153,,b4a26d7e,"6K, Blonde, Brunette, Kissing, Lesbian, Lingerie, Masturbation, Pussy Licking, Shaved Pussy, Small Tits, Threesome"
wowgirls.23.10.17.nancy.a.and.eva.blume.love.story.in.the.studio.1080p.mp4,4216128273,2750.31,,ub0c16e9,"4K, 60 Frames, 8K, Blonde, Brunette, Lesbian, Lingerie, Masturbation, POV, Pussy Licking, Shaved Pussy"
ultrafilms.23.10.16.sofilie.sofis.bed.1080p.mp4,2255286705,1472.609,,w151d05a,"Lingerie, Masturbation, Redhead, Shaved Pussy, Solo"
wowgirls.23.10.14.maya.welcome.maya.1080p.mp4,2477496203,1622.03,,g83587d4,"4K, 60 Frames, 6K, Bathroom, Masturbation, Oil and Cream, Shaved Pussy, Small Tits, Solo"
angelslove.23.10.14.evelin.elle.and.molly.devon.lucky.star.1080p.mp4,4784866779,3116.711,,d3f01955,"69, 6K, Blonde, Blowjob, Brunette, Cum On Face, FFM, Hardcore, Kissing, Masturbation, Outdoors, POV, Pussy Licking, Shaved Pussy, Small Tits, Threesome"
ultrafilms.23.10.13.amelia.riven.and.evelin.elle.naughty.desires.1080p.mp4,4206176196,2753.3533,,cc1eefe4,"6K, Brunette, Kissing, Lesbian, Masturbation, POV, Pussy Licking, Shaved Pussy, Small Tits"
sensuallove.23.10.12.shania.vegax.and.sofilie.intense.passion.1080p.mp4,4421968715,2880.32,,87d8dd4a,"8K, Brunette, Hairy Pussy, Kissing, Lesbian, Masturbation, Pussy Licking, Redhead, Shaved Pussy"
wowgirls.23.10.10.ashby.winter.from.innocence.to.lust.1080p.mp4,5171982334,3385.098,,h680de89,"4K, 60 Frames, 8K, Blonde, Blowjob, Handjob, Hardcore, Masturbation, POV, Pussy Licking, Shaved Pussy"
ultrafilms.23.10.09.sasha.sparrow.interview.with.sasha.sparrow.1080p.mp4,2646362043,1723.803,,i19a09b9,"Brunette, Dildo and Toys, Interview, Masturbation, Shaved Pussy, Small Tits, Solo"
wowgirls.23.10.07.freya.mayer.interview.freya.mayer.1080p.mp4,3156471363,2063.975,,wa1cf800,"4K, 60 Frames, 6K, Blonde, Interview, Masturbation, Shaved Pussy, Solo"
angelslove.23.10.07.ariana.cortez.and.laia.fire.dive.1080p.mp4,4481261382,2926.368,,69fa37f6,"8K, Blowjob, Brunette, Cum On Face, FFM, Hardcore, Kissing, Masturbation, POV, Shaved Pussy, Small Tits, Threesome"
ultrafilms.23.10.06.kama.oxi.exploration.of.intimacy.and.desire.1080p.mp4,5472416199,3589.108,,b132ecbb,"69, 8K, Blowjob, Brunette, Deepthroat, Hardcore, Lingerie, Masturbation, Pussy Licking, Shaved Pussy"
sensuallove.23.10.05.leona.mia.and.nancy.a.blending.in.with.the.one.and.only.1080p.mp4,4804535190,3157.602,,917ee7db,"8K, Blonde, Foot Fetish, Kissing, Lesbian, Masturbation, POV, Pussy Licking, Shaved Pussy"
wowgirls.23.10.03.isabella.de.laa.and.alissa.foxy.cool.girlfriends.1080p.mp4,2827537353,1848.6329,,u9816e30,"4K, 60 Frames, 6K, Brunette, Hairy Pussy, Lesbian, Outdoors, Pussy Licking, Sport and Fitness"
wowgirls.23.09.30.eva.blume.wild.feline.1080p.mp4,3404093488,2229.951,,v39433c0,"4K, 60 Frames, 8K, Brunette, Masturbation, Shaved Pussy, Solo"
angelslove.23.09.30.bella.spark.evelin.elle.and.sofilie.quadruple.the.lust.1080p.mp4,5715120845,3734.407,,41c6d533,"69, 6K, Blonde, Blowjob, Brunette, Group, Handjob, Hardcore, Kissing, Lingerie, Masturbation, POV, Pussy Licking, Redhead, Shaved Pussy, Small Tits"
ultrafilms.23.09.29.matty.and.simona.purr.lets.try.sapphic.1080p.mp4,3639716537,2372.615,,cca121be,"6K, Brunette, Kissing, Lesbian, Masturbation, Pussy Licking, Shaved Pussy, Small Tits"
sensuallove.23.09.28.alissa.foxy.ellie.luna.and.kelly.collins.naughty.goddesses.1080p.mp4,4216429655,,,14be4ed6,"6K, Bathroom, Blonde, Brunette, FFF+, Foot Fetish, Hairy Pussy, Kissing, Masturbation, Pussy Licking, Rimming, Shaved Pussy, Threesome"
wowgirls.23.09.26.sofilie.ravishing.redhead.charms.1080p.mp4,3539546137,2309.247,,xfb9dac2,"4K, 60 Frames, 8K, Blowjob, Hairy Pussy, Handjob, Hardcore, Lingerie, Masturbation, POV, Redhead, Stockings"
ultrafilms.23.09.25.leona.mia.kamys.hot.shades.1080p.mp4,3185616102,2077.628,,g9a1fd4a,"8K, Lingerie, Masturbation, Shaved Pussy, Solo"
angelslove.23.09.24.freya.mayer.and.lily.bella.blondes.eager.to.please.1080p.mp4,3689240694,2415.686,,e4b307f5,"69, 6K, Blonde, Blowjob, FFM, Handjob, Hardcore, Kissing, Masturbation, Pussy Licking, Shaved Pussy, Threesome"
wowgirls.23.09.23.diana.heaven.natural.flow.1080p.mp4,3713656246,2426.648,,gaf8f8e8,"4K, 60 Frames, 6K, Blonde, Lingerie, Masturbation, Shaved Pussy, Solo"
sensuallove.23.09.22.ashby.winter.and.nancy.a.seducing.her.highness.1080p.mp4,3580614702,,,3ca14daf,"8K, Blonde, Finger Licking, Kissing, Lesbian, Masturbation, Pussy Licking, Shaved Pussy, Small Tits"
ultrafilms.23.09.22.amalia.davis.unusually.hot.1080p.mp4,4012296962,2623.297,,be65ee9b,"8K, Big Tits, Blonde, Blowjob, Handjob, Hardcore, Lingerie, Masturbation, POV, Pussy Licking, Shaved Pussy"
wowgirls.23.09.19.hayli.sanders.and.lily.bella.intense.wetting.1080p.mp4,3104043746,2030.678,,g6ef9808,"4K, 60 Frames, 69, 6K, Blonde, Brunette, Lesbian, Lingerie, Masturbation, Pussy Licking, Shaved Pussy"
wowgirls.23.09.17.leona.mia.ideal.beauty.1080p.mp4,2983455660,1954.4,,c4e5025d,"4K, 60 Frames, 8K, Lingerie, Shaved Pussy, Softcore, Solo"
angelslove.23.09.16.holly.molly.and.stacy.cruz.wild.naughty.1080p.mp4,4554918395,2983.455,,f266a095,"6K, Blowjob, Creampie, FFM, Hairy Pussy, Kissing, Lingerie, Masturbation, POV, Pussy Licking, Redhead, Shaved Pussy, Threesome"
ultrafilms.23.09.15.emily.mayers.and.milena.ray.sweet.flavors.1080p.mp4,3181782356,2093.209,,zf75b557,"69, 6K, Brunette, Kissing, Lesbian, Masturbation, Pussy Licking, Shaved Pussy"
sensuallove.23.09.14.bella.spark.diana.heaven.and.kelly.collins.nuances.of.femininity.1080p.mp4,4758856003,,,92762d9a,"69, 8K, Blonde, FFF+, Fashion Show, Lesbian, Lingerie, Masturbation, Pussy Licking, Rimming, Shaved Pussy, Threesome"
wowgirls.23.09.12.sandralyd.naughty.encounter.1080p.mp4,4628496896,3023.609,,j3f41320,"4K, 60 Frames, 8K, Blowjob, Brunette, Cum In Mouth, Handjob, Hardcore, Lingerie, Masturbation, POV, Shaved Pussy, Small Tits, Stockings"
ultrafilms.23.09.11.amalia.davis.cantaloupe.party.1080p.mp4,2883933336,1881.489,,jdfecfc2,"8K, Big Tits, Blonde, Masturbation, Shaved Pussy, Solo"
angelslove.23.09.09.evelin.elle.and.sofilie.surrendering.to.lust.1080p.mp4,4372918323,2855.296,,3f2e5c96,"8K, Blowjob, Brunette, FFM, Hardcore, Kissing, Lingerie, Masturbation, Pee, Pussy Licking, Redhead, Shaved Pussy, Small Tits"
wowgirls.23.09.09.ellie.luna.and.kelly.collins.lusty.girlfriends.1080p.mp4,4706317424,3068.7021,,x26cea38,"4K, 60 Frames, 6K, Blonde, Finger Licking, Lesbian, Masturbation, Pussy Licking, Shaved Pussy"
ultrafilms.23.09.08.ariana.cortez.and.bella.spark.lust.shared.1080p.mp4,4100068986,2678.863,,daa2444e,"8K, Blonde, Lesbian, Lingerie, Masturbation, Pussy Licking, Shaved Pussy, Small Tits"
sensuallove.23.09.07.kelly.collins.and.sandralyd.starstruck.seduction.1080p.mp4,5401376771,,,d4dbaa9b,"8K, Blonde, Foot Fetish, Lesbian, Masturbation, Pussy Licking, Shaved Pussy"
wowgirls.23.09.05.shania.vegax.rhythm.of.beauty.1080p.mp4,3437272951,2240.795,,i4ee31f2,"4K, 60 Frames, 6K, Brunette, Dance, Masturbation, Shaved Pussy, Solo"
angelslove.23.09.02.kama.oxi.and.laia.sweet.cravings.1080p.mp4,4851131448,3168.662,,5fdf585d,"8K, Blowjob, Brunette, FFM, Handjob, Hardcore, Kissing, Masturbation, POV, Pussy Licking, Shaved Pussy, Small Tits, Threesome"
wowgirls.23.09.02.ivi.rein.full.of.lust.1080p.mp4,3850047554,2515.278,,ce85dfca,"4K, 60 Frames, 6K, Blonde, Blowjob, Hardcore, Masturbation, POV, Pussy Licking, Shaved Pussy, Small Tits"
ultrafilms.23.09.01.ariana.cortez.french.kiss.1080p.mp4,4144661423,2714.83,,xd422845,"8K, Blowjob, Handjob, Hardcore, Kissing, Lingerie, Shaved Pussy, Small Tits"
sensuallove.23.08.31.bella.spark.and.sonya.blaze.easy.prey.1080p.mp4,5653560190,,,56bdf691,"6K, Blonde, Kissing, Lesbian, Lingerie, Masturbation, Outdoors, Pantyhose, Pussy Licking, Rimming, Shaved Pussy"
wowgirls.23.08.29.sandralyd.hot.girl.in.bed.1080p.mp4,2563830436,1677.131,,u03c01a0,"4K, 60 Frames, 8K, Brunette, Finger Licking, Lingerie, Masturbation, Shaved Pussy, Small Tits, Solo, Stockings"
ultrafilms.23.08.28.vanessa.angel.water.play.1080p.mp4,1540227746,1007.374,,x55c3823,"6K, Bathroom, Brunette, Masturbation, Shaved Pussy, Solo"
wowgirls.23.08.26.nancy.a.and.shania.vegax.be.a.goddess.1080p.mp4,3918158175,2555.7058,,w7bac1b5,"4K, 60 Frames, 8K, Blonde, Brunette, Lesbian, Lingerie, Masturbation, Pussy Licking, Shaved Pussy"
angelslove.23.08.26.barbie.rous.and.ivi.rein.naughty.by.nature.1080p.mp4,4126738577,2682.404,,79050320,"8K, Big Tits, Blonde, Blowjob, Brunette, Cum In Mouth, FFM, Hardcore, IR, Kissing, Masturbation, POV, Pussy Licking, Shaved Pussy, Small Tits, Threesome"
ultrafilms.23.08.25.barbie.rous.and.ivi.rein.between.the.sheets.1080p.mp4,3660164582,2397.553,,y5a8a01b,"69, 6K, Big Tits, Blonde, Brunette, IR, Kissing, Lesbian, Lingerie, Masturbation, Pussy Licking, Sapphic First, Shaved Pussy, Small Tits"
sensuallove.23.08.24.bella.spark.ellie.luna.and.sofilie.graceful.acts.of.beauty.1080p.mp4,4743288387,3093.054,,3c161b4f,"8K, Blonde, Brunette, FFF+, Kissing, Lesbian, Lingerie, Masturbation, Pantyhose, Pussy Licking, Redhead, Shaved Pussy, Threesome"
wowgirls.23.08.23.kelly.collins.and.laia.hot.debut.1080p.mp4,3773741070,2461.594,,xe4005e2,"4K, 60 Frames, 8K, Blonde, Brunette, Lesbian, Masturbation, Pussy Licking, Shaved Pussy"
wowgirls.23.08.19.elizabeth.t.stunning.eyes.1080p.mp4,3782640922,2475.897,,uca62033,"4K, 60 Frames, 69, 6K, Blowjob, Hardcore, Lingerie, Masturbation, POV, Pussy Licking, Shaved Pussy"
angelslove.23.08.19.agatha.vega.and.lily.bella.lustful.angels.1080p.mp4,3988028359,2608.717,,9585ab33,"69, 6K, Blonde, Blowjob, Creampie, FFM, Handjob, Hardcore, Kissing, Lingerie, Masturbation, POV, Pussy Licking, Shaved Pussy, Threesome"
ultrafilms.23.08.18.christy.white.and.diana.heaven.naughty.and.shy.1080p.mp4,4920744865,3212.2957,,d599e44d,"8K, Blonde, Kissing, Lesbian, Lingerie, Masturbation, Pussy Licking, Shaved Pussy, Stockings"
sensuallove.23.08.17.kelly.collins.and.sonya.blaze.stellar.couple.1080p.mp4,4542388401,,,b2f9b406,"69, 6K, Blonde, Kissing, Lesbian, Masturbation, Pussy Licking, Shaved Pussy"
ultrafilms.23.08.14.cherry.candle.horny.mood.1080p.mp4,2261906093,1481.735,,a21e554e,"8K, Lingerie, Masturbation, Redhead, Shaved Pussy, Solo"
wowgirls.23.08.12.olivia.sparkle.and.diana.heaven.foreplay.wizards.1080p.mp4,3561116560,2328.265,,cd7f55cc,"4K, 60 Frames, 6K, Blonde, Lesbian, Lingerie, Masturbation, Pussy Licking, Shaved Pussy, Small Tits"
angelslove.23.08.12.kama.oxi.and.sirena.milano.driven.by.lust.1080p.mp4,4815393357,3145.7522,,a7347d84,"8K, Blowjob, Brunette, Handjob, Hardcore, Kissing, Masturbation, POV, Pussy Licking, Shaved Pussy, Threesome"
ultrafilms.23.08.11.evelin.elle.refined.delicious.1080p.mp4,3909488576,2554.543,,z963d217,"6K, Armpit Licking, Bathroom, Blowjob, Brunette, Deepthroat, Hardcore, Kissing, Masturbation, POV, Pussy Licking, Shaved Pussy, Small Tits"
sensuallove.23.08.11.diana.heaven.and.shania.vegax.horny.motions.1080p.mp4,4381650600,,,ae73013b,"8K, Blonde, Brunette, Dance, Exclusive, Kissing, Lesbian, Lingerie, Masturbation, Pussy Licking, Sapphic First, Shaved Pussy"
wowgirls.23.08.09.ellie.luna.so.natural.1080p.mp4,2567949075,1685.35,,v6c0ca3f,"4K, 60 Frames, 8K, Lingerie, Masturbation, Shaved Pussy, Solo"
wowgirls.23.08.05.bella.spark.high.wetness.1080p.mp4,4459944100,2920.582,,ze4af04f,"4K, 60 Frames, 69, 8K, Blonde, Blowjob, Handjob, Hardcore, Lingerie, Masturbation, Pussy Licking, Shaved Pussy"
angelslove.23.08.05.bella.spark.and.nata.ocean.naughty.minds.1080p.mp4,6016273296,3931.782,,04fa72f2,"6K, Blonde, Blowjob, FFM, Handjob, Hardcore, Kissing, Masturbation, POV, Pussy Licking, Shaved Pussy, Threesome"
ultrafilms.23.08.04.alissa.foxy.and.astrid.gifted.in.all.ways.1080p.mp4,3071475439,2011.916,,vee9e316,"6K, Big Tits, Brunette, Hairy Pussy, Kissing, Lesbian, Lingerie, Masturbation, Pussy Licking, Sapphic First, Shaved Pussy"
sensuallove.23.08.03.agatha.vega.and.sofilie.the.genesis.of.love.1080p.mp4,4263591533,,,4f66d703,"69, 8K, Exclusive, Hairy Pussy, Kissing, Lesbian, Masturbation, Pussy Licking, Shaved Pussy"
wowgirls.23.08.01.nancy.a.freya.mayer.and.astrid.new.sensations.1080p.mp4,3538937871,2316.678,,wff77280,"4K, 60 Frames, 6K, Big Tits, Blonde, Brunette, FFF+, Lesbian, Masturbation, Pussy Licking, Rimming, Shaved Pussy, Threesome"
ultrafilms.23.07.31.amber.constant.craving.for.climax.1080p.mp4,2065045770,1346.246,,zbb1b171,"6K, Outdoors, Redhead, Shaved Pussy, Small Tits, Solo"
wowgirls.23.07.29.diana.heaven.dianas.wetness.1080p.mp4,3195577929,2086.823,,w6f217bb,"4K, 60 Frames, 6K, Blonde, Masturbation, Shaved Pussy, Solo"
angelslove.23.07.29.cherry.candle.and.stacy.cruz.hot.juice.is.dripping.1080p.mp4,5141084689,3358.062,,aea7e476,"8K, Blowjob, FFM, Hairy Pussy, Hardcore, Masturbation, POV, Pussy Licking, Redhead, Shaved Pussy, Threesome"
ultrafilms.23.07.28.sia.siberia.delicious.blonde.720p.mp4,1029173816,3336.638,,d019a0b7,"69, Big Tits, Blowjob, Hardcore, Masturbation, Pussy Licking, Shaved Pussy, Stockings"
sensuallove.23.07.27.kelly.collins.and.stacy.cruz.queens.of.sensuality.1080p.mp4,3301526670,,,89c17e56,"6K, Blonde, Brunette, Exclusive, Hairy Pussy, Kissing, Lesbian, Masturbation, Pussy Licking"
wowgirls.23.07.25.isabella.de.laa.and.alissa.foxy.wet.dreams.1080p.mp4,3672362491,2393.745,,b5c0ee46,"4K, 60 Frames, 6K, Brunette, Hairy Pussy, Lesbian, Masturbation, Pussy Licking, Rimming"
ultrafilms.23.07.24.barbie.rous.hot.skills.1080p.mp4,2262922711,1477.648,,u34d1114,"6K, Big Tits, Brunette, Dance, Masturbation, Shaved Pussy, Solo"
angelslove.23.07.22.elizabeth.t.and.evelin.elle.lusty.dream.1080p.mp4,4785861429,3116.671,,d10fea6e,"6K, Blowjob, Brunette, FFM, Handjob, Hardcore, Masturbation, POV, Pussy Licking, Shaved Pussy, Small Tits, Threesome"
wowgirls.23.07.22.alissa.foxy.intimate.bond.1080p.mp4,1995596458,1305.402,,x4bd4882,"4K, 60 Frames, 6K, Brunette, Hairy Pussy, RGB Light, Softcore, Solo"
ultrafilms.23.07.21.cherry.candle.and.hayli.sanders.the.huntress.is.back.1080p.mp4,3623210764,2371.152,,ua890729,"8K, Kissing, Lesbian, Masturbation, POV, Pussy Licking, Redhead, Shaved Pussy"
sensuallove.23.07.20.kama.oxi.and.leona.mia.the.subtle.secrets.of.being.a.goddess.1080p.mp4,4736404507,,,cfcc1070,"69, 8K, Brunette, Kissing, Lesbian, Lingerie, Masturbation, Pussy Licking, Shaved Pussy"
wowgirls.23.07.18.elizabeth.t.hot.boner.1080p.mp4,3745004448,2444.597,,y33c7df2,"4K, 60 Frames, 6K, Blowjob, Hardcore, Masturbation, Pussy Licking, Shaved Pussy"
angelslove.23.07.15.mencia.francis.and.naomi.hill.hot.clubbing.1080p.mp4,4262194167,2780.644,,2169f874,"6K, Blonde, Blowjob, Brunette, FFM, Handjob, Hardcore, IR, Masturbation, POV, Pussy Licking, RGB Light, Shaved Pussy, Small Tits, Threesome"
wowgirls.23.07.15.isabella.de.laa.and.dulce.appealing.favor.1080p.mp4,3809814196,2489.457,,ia0b0c6f,"4K, 60 Frames, 6K, Blonde, Brunette, Hairy Pussy, IR, Lesbian, Masturbation, Pussy Licking, Rimming"
ultrafilms.23.07.14.evelin.elle.and.vivian.grace.seduction.plan.1080p.mp4,5287827722,3471.081,,u4e7e3df,"6K, Blowjob, Brunette, Cum In Mouth, FFM, Hardcore, Kissing, Lingerie, Masturbation, POV, Pussy Licking, Shaved Pussy, Small Tits, Threesome"
sensuallove.23.07.13.alissa.foxy.and.isabella.de.laa.sensual.caress.1080p.mp4,3964287132,,,dd8e32ce,"69, 6K, Bathroom, Brunette, Hairy Pussy, Kissing, Lesbian, Lingerie, Masturbation, Oil and Cream, Pussy Licking, Rimming"
wowgirls.23.07.11.freya.mayer.the.girl.you.will.always.desire.1080p.mp4,1397041052,909.386,,h6de457b,"4K, 60 Frames, 6K, Blonde, Lingerie, Masturbation, Solo, Stockings"
ultrafilms.23.07.10.mila.azul.naughty.dream.1080p.mp4,2828435567,1857.805,,z47f12c6,"6K, Big Tits, Lingerie, Masturbation, Shaved Pussy, Solo"
wowgirls.23.07.08.sirena.milano.sirena.is.on.fire.1080p.mp4,3455287926,2260.88,,y8bb89e7,"4K, 60 Frames, 8K, Blowjob, Hardcore, Lingerie, Masturbation, POV, Pussy Licking, Shaved Pussy"
angelslove.23.07.08.bella.spark.and.molly.devon.hungry.blondes.1080p.mp4,5258750114,3429.151,,077667c8,"6K, Blonde, Blowjob, FFM, Hardcore, Kissing, Masturbation, POV, Pussy Licking, Rimming, Shaved Pussy, Threesome"
ultrafilms.23.07.07.ivi.rein.and.sofilie.licking.fans.1080p.mp4,3547275256,2337.344,,idd156fc,"8K, Blonde, Finger Licking, Kissing, Lesbian, Masturbation, Pussy Licking, Redhead, Shaved Pussy, Small Tits"
sensuallove.23.07.06.nancy.a.and.sonya.blaze.lustful.dreamers.1080p.mp4,4304623871,2805.582,,b0b8c761,"6K, Blonde, Foot Fetish, Lesbian, Masturbation, POV, Pussy Licking, Shaved Pussy"
wowgirls.23.07.04.mila.azul.delicious.fingers.1080p.mp4,2383393447,1563.19,,u2889755,"4K, 60 Frames, 6K, Big Tits, Masturbation, Shaved Pussy, Solo"
ultrafilms.23.07.03.erika.eden.squeezing.fresh.juices.1080p.mp4,2724065592,1777.719,,jd2bb3c0,"8K, Masturbation, Shaved Pussy, Solo"
wowgirls.23.07.01.molly.devon.and.bella.spark.passion.for.ecstasy.1080p.mp4,3463063305,2262.39,,v3ebb3c8,"4K, 60 Frames, 69, 6K, Blonde, Lesbian, Lingerie, Masturbation, Pussy Licking, RGB Light, Rimming, Shaved Pussy"
angelslove.23.07.01.anie.darling.and.isabella.de.laa.slutty.moods.1080p.mp4,4711150014,3079.813,,08d8513e,"69, 6K, Blowjob, Brunette, Deepthroat, FFM, Hairy Pussy, Hardcore, Kissing, Lingerie, Masturbation, Pussy Licking, Shaved Pussy, Stockings, Threesome"
ultrafilms.23.06.30.bella.spark.summer.crush.1080p.mp4,3897561834,2544.117,,z82683be,"69, 6K, Blonde, Blowjob, Handjob, Hardcore, Lingerie, Masturbation, Outdoors, Pussy Licking, Shaved Pussy"
sensuallove.23.06.29.ellie.luna.and.kelly.collins.truly.sensual.1080p.mp4,3455829507,,,6e94f55f,"69, 6K, Blonde, Kissing, Lesbian, Masturbation, Outdoors, Pussy Licking, Rimming, Shaved Pussy"
wowgirls.23.06.27.diana.heaven.brief.stop.in.heaven.1080p.mp4,3164444944,2064.184,,dfea92fd,"4K, 60 Frames, 8K, Blonde, Finger Licking, Lingerie, Masturbation, RGB Light, Shaved Pussy, Solo"
ultrafilms.23.06.26.vanessa.angel.interview.with.vanessa.angel.1080p.mp4,1747709176,1142.4451,,g6fa465b,"6K, Interview, Lingerie, Masturbation, Shaved Pussy, Solo"
wowgirls.23.06.24.olivia.sparkle.orgasm.loops.1080p.mp4,3084934248,2016.281,,bb283921,"4K, 60 Frames, 6K, Blowjob, Handjob, Hardcore, Lingerie, Masturbation, Shaved Pussy, Small Tits"
angelslove.23.06.24.evelin.elle.and.sandralyd.threesome.starts.with.girls.1080p.mp4,4891958512,3198.831,,c5d4cdb5,"6K, Blowjob, Brunette, FFM, Hardcore, Kissing, Lingerie, Masturbation, POV, Pussy Licking, Shaved Pussy, Small Tits, Threesome"
ultrafilms.23.06.23.erika.eden.and.isabella.de.laa.wild.mood.1080p.mp4,4148120918,2712.485,,w45e4dab,"6K, Blonde, Hairy Pussy, Kissing, Lesbian, Lingerie, Masturbation, POV, Pussies Slip 'n' Slide, Pussy Licking, Shaved Pussy"
sensuallove.23.06.22.dulce.and.sofilie.immersed.in.lust.1080p.mp4,3932195127,,,22c9ee26,"6K, Brunette, Kissing, Lesbian, Lingerie, Masturbation, Pussy Licking, Redhead, Sapphic First, Shaved Pussy"
wowgirls.23.06.19.leona.mia.and.sofilie.dive.into.sapphic.passion.1080p.mp4,5265666399,3444.728,,ydeb62ee,"4K, 60 Frames, 69, 8K, Lesbian, Lingerie, Masturbation, Pussy Licking, Redhead, Shaved Pussy"
angelslove.23.06.17.mencia.francis.and.oxana.chic.a.mindblowing.pair.1080p.mp4,4471367995,2907.06,,cf8d3c60,"6K, Blonde, Blowjob, FFM, Handjob, Hardcore, Kissing, Masturbation, POV, Pussy Licking, Shaved Pussy, Small Tits, Threesome"
ultrafilms.23.06.16.sofilie.heat.from.every.inch.1080p.mp4,3271581337,2139.393,,v3c1bb94,"8K, Bathroom, Blowjob, Handjob, Hardcore, Kissing, Lingerie, Masturbation, POV, Redhead, Shaved Pussy"
sensuallove.23.06.15.ellie.luna.and.evelin.elle.everywhere.wet.1080p.mp4,4018225186,2629.835,,8ab4076f,"6K, Bathroom, Brunette, Foot Fetish, Kissing, Lesbian, Masturbation, Pussy Licking, Shaved Pussy, Small Tits"
wowgirls.23.06.13.dulce.new.hotness.1080p.mp4,2496961585,1630.598,,vd65eacb,"4K, 60 Frames, 8K, Brunette, Lingerie, Masturbation, Shaved Pussy, Solo"
ultrafilms.23.06.12.gina.gerson.interview.with.gina.gerson.1080p.mp4,2225474856,1454.892,,u116f27e,"Interview, Small Tits, Solo"
angelslove.23.06.10.sia.siberia.and.sybil.happy.college.times.1080p.mp4,5516254525,3599.939,,cdd9c662,"69, 6K, Big Tits, Blowjob, Cum In Mouth, Dildo and Toys, FFM, Handjob, Hardcore, Kissing, Masturbation, POV, Pussy Licking, Shaved Pussy, Stockings, Threesome"
wowgirls.23.06.10.ellie.luna.and.bella.spark.hot.girl.next.door.1080p.mp4,5043598734,3294.261,,x7fa2156,"4K, 60 Frames, 6K, Blonde, Blowjob, Deepthroat, Handjob, Hardcore, Lingerie, Masturbation, POV, Pussy Licking, Shaved Pussy"
ultrafilms.23.06.09.bella.spark.and.nancy.a.blondes.are.so.hot.1080p.mp4,3852591053,2522.964,,j7cfa502,"69, 6K, Blonde, Finger Licking, Foot Fetish, Kissing, Lesbian, Masturbation, Pussy Licking, Shaved Pussy"
sensuallove.23.06.08.diana.heaven.and.sonya.blaze.blending.hot.1080p.mp4,5761306797,3762.198,,f42e1fbf,"6K, Blonde, Kissing, Lesbian, Lingerie, Masturbation, Pussy Licking, Shaved Pussy"
ultrafilms.23.06.05.barbie.rous.stunning.flame.1080p.mp4,4149931782,2720.705,,c812bb5a,"8K, Big Tits, Blowjob, Brunette, Cum In Mouth, Handjob, Hardcore, IR, Kissing, Lingerie, Masturbation, POV"
wowgirls.23.06.04.diana.heaven.fires.of.lustful.passion.1080p.mp4,3813294312,2495.68,,ife4cfc6,"4K, 60 Frames, 8K, Blonde, Lingerie, Masturbation, Shaved Pussy, Solo, Stockings"
wowgirls.23.06.03.elizabeth.t.bathroom.crush.1080p.mp4,4534894617,2968.3015,,x3fac3f1,"4K, 60 Frames, 6K, Blowjob, Handjob, Hardcore, Lingerie, Masturbation, Pussy Licking, Shaved Pussy"
angelslove.23.06.03.bella.spark.and.kama.oxi.seducing.angels.1080p.mp4,4567554193,2977.609,,01d1563c,"8K, Blonde, Blowjob, Brunette, FFM, Handjob, Hardcore, Kissing, Lingerie, Masturbation, POV, Pussy Licking, Shaved Pussy, Threesome"
ultrafilms.23.06.02.sia.siberia.interview.with.sia.siberia.1080p.mp4,2492060399,1624.839,,a4377793,"Big Tits, Dildo and Toys, Interview, Masturbation, Shaved Pussy, Solo"
sensuallove.23.06.01.ellie.luna.and.stacy.cruz.just.wow.1080p.mp4,3932596232,,,50c4a451,"8K, Hairy Pussy, Kissing, Lesbian, Lingerie, Masturbation, Pussy Licking, Rimming, Shaved Pussy"
ultrafilms.23.05.30.mencia.francis.the.passion.for.hot.lovemaking.1080p.mp4,3888344391,2544.582,,va888d84,"6K, Blowjob, Handjob, Hardcore, Kissing, Lingerie, Masturbation, POV, Pussy Licking, Shaved Pussy, Small Tits"
wowgirls.23.05.27.nancy.a.and.alissa.foxy.two.perfect.lovers.1080p.mp4,4871938039,3186.938,,fe8561d7,"4K, 60 Frames, 6K, Blonde, Brunette, Hairy Pussy, Lesbian, Masturbation, Pussy Licking, Shaved Pussy, Stockings, Toys"
ultrafilms.23.05.27.evelin.elle.satisfying.a.very.hot.pussy.1080p.mp4,1857632791,1212.337,,jc850749,"Brunette, Lingerie, Masturbation, Shaved Pussy, Small Tits, Solo"
angelslove.23.05.27.evelin.elle.holly.molly.and.ivi.rein.angels.embrace.1080p.mp4,4512666401,2947.189,,9f3064fc,"6K, Blonde, Blowjob, Brunette, Creampie, Group, Hardcore, Kissing, Masturbation, Pussy Licking, Redhead, Rimming, Shaved Pussy, Small Tits, Squirt"
sensuallove.23.05.25.alissa.foxy.olivia.sparkle.and.trixxxie.fox.naughty.suspense.1080p.mp4,4247451387,2784.3262,,5fb1e6aa,"69, 6K, Brunette, Exclusive, FFF+, Hairy Pussy, Kissing, Lesbian, Masturbation, Pussy Licking, Rimming, Shaved Pussy, Small Tits, Threesome"
wowgirls.23.05.23.jade.interview.with.jade.1080p.mp4,2437321266,1597.9039,,ia6ad2b7,"4K, 60 Frames, Blonde, Interview, Masturbation, Shaved Pussy, Small Tits, Solo, Toys"
ultrafilms.23.05.23.alissa.foxy.and.kelly.collins.naughty.princesses.1080p.mp4,3874392181,2543.583,,f64e3ee9,"69, 6K, Blonde, Hairy Pussy, Kissing, Lesbian, Lingerie, Masturbation, Pussy Licking, Rimming"
wowgirls.23.05.20.missy.luv.night.visit.1080p.mp4,3863178213,2550.6672,,u8c9d89f,"4K, 60 Frames, 6K, Blonde, Blowjob, Handjob, Hardcore, Masturbation, POV, Pussy Licking, Shaved Pussy, Small Tits"
angelslove.23.05.20.freya.mayer.and.isabella.de.laa.kinky.neighbours.1080p.mp4,4480958795,2918.528,,d7458ec7,"6K, Blowjob, Dildo and Toys, FFM, Hairy Pussy, Handjob, Hardcore, Lingerie, Masturbation, Outdoors, POV, Pussy Licking, Rimming, Shaved Pussy, Threesome"
sensuallove.23.05.19.evelin.elle.and.leona.mia.dreams.come.true.1080p.mp4,4402277567,2888.716,,27a87d2d,"69, 8K, Brunette, Exclusive, Kissing, Lesbian, Masturbation, Pussy Licking, Shaved Pussy, Small Tits"
ultrafilms.23.05.19.adel.morel.interview.with.adel.morel.1080p.mp4,2165511806,1412.632,,f0198044,"Brunette, Dildo and Toys, Interview, Masturbation, Shaved Pussy, Small Tits, Solo"
ultrafilms.23.05.15.ivi.rein.and.miss.olivia.sucking.the.guydry.1080p.mp4,5239863827,3442.033,,uc2a056e,"6K, Big Tits, Blonde, Blowjob, FFM, Hardcore, Kissing, Lingerie, Masturbation, POV, Pussy Licking, Redhead, Shaved Pussy, Small Tits, Threesome"
wowgirls.23.05.13.matty.and.sofi.vega.amorous.and.intense.1080p.mp4,4830902642,3160.189,,e75acfd2,"4K, 60 Frames, 6K, Brunette, IR, Lesbian, Lingerie, Masturbation, Pussy Licking, Shaved Pussy, Small Tits"
angelslove.23.05.13.evelin.elle.molly.devon.and.sofilie.girls.trip.1080p.mp4,4816629765,3137.173,,05ade10a,"69, 6K, Blonde, Blowjob, Brunette, Group, Hardcore, Kissing, Lingerie, Masturbation, Outdoors, POV, Pussy Licking, Redhead, Shaved Pussy, Small Tits"
ultrafilms.23.05.12.amelia.riven.sensual.girl.1080p.mp4,2673138825,1753.1532,,e6f71271,"6K, Brunette, Masturbation, RGB Light, Shaved Pussy, Solo"
sensuallove.23.05.11.kelly.collins.and.nancy.a.angels.of.love.1080p.mp4,3843772464,,,6935fc74,"6K, Blonde, Kissing, Lesbian, Masturbation, Outdoors, Pussy Licking, Shaved Pussy"
wowgirls.23.05.09.stefanie.moon.interview.with.stefanie.moon.1080p.mp4,3636288867,2370.757,,u1fe8387,"4K, 60 Frames, Dildo, Interview, Masturbation, Shaved Pussy, Small Tits, Solo, Toys"
ultrafilms.23.05.08.sia.siberia.hot.fuck.1080p.mp4,2759658525,1801.59,,d363e401,"Bathroom, Big Tits, Blonde, Blowjob, Cum In Mouth, Cum On Face, Hardcore, Lingerie, Masturbation, POV, Pussy Licking, Shaved Pussy"
wowgirls.23.05.06.evelin.elle.gorgeous.date.1080p.mp4,3758179347,2463.8472,,dcfd843e,"4K, 60 Frames, 69, 6K, Blowjob, Brunette, Masturbation, POV, Pussy Licking, Rimming, Shaved Pussy, Small Tits"
angelslove.23.05.06.elizabeth.t.and.olivia.sparkle.big.love.session.1080p.mp4,4003521249,2613.442,,e8a22606,"6K, Blowjob, Cum On Face, Deepthroat, Exclusive, FFM, Hardcore, Kissing, Lingerie, Masturbation, Shaved Pussy, Small Tits, Threesome"
ultrafilms.23.05.05.leona.mia.most.desirable.1080p.mp4,2406009419,1570.156,,u49c2766,"6K, Lingerie, Shaved Pussy, Solo"
sensuallove.23.05.04.bella.spark.kelly.collins.nancy.a.and.sonya.blaze.the.amazing.gals.1080p.mp4,4196913108,,,6290027a,"6K, Blonde, Dildo and Toys, FFF+, Fashion Show, Group, Kissing, Lesbian, Lingerie, Masturbation, Pussy Licking, Rimming, Shaved Pussy"
wowgirls.23.05.02.alissa.foxy.kinky.moods.1080p.mp4,2355235443,1541.712,,gd15726d,"4K, 60 Frames, 6K, Finger Licking, Hairy Pussy, Masturbation, Pantyhose, Solo"
ultrafilms.23.05.01.kelly.collins.nancy.a.and.sofilie.the.three.best.lovers.1080p.mp4,4437430333,2900.195,,xd13525b,"69, 6K, Blonde, FFF+, Kissing, Lesbian, Lingerie, Masturbation, Pussy Licking, Redhead, Rimming, Shaved Pussy, Threesome"
wowgirls.23.04.29.nancy.a.and.bella.spark.legs.wide.open.1080p.mp4,3797702060,2477.151,,xfbafd70,"4K, 60 Frames, 6K, Blonde, Lesbian, Lingerie, Masturbation, Outdoors, Pussy Licking, Rimming, Shaved Pussy"
angelslove.23.04.29.evelin.elle.molly.devon.and.sofilie.angels.everywhere.1080p.mp4,4092551113,2670.489,,b6ba71a6,"69, 6K, Bathroom, Blonde, Blowjob, Brunette, Cum In Mouth, Cum On Face, Exclusive, Group, Hardcore, Kissing, Masturbation, POV, Pussy Licking, Redhead, Shaved Pussy, Small Tits"
ultrafilms.23.04.28.kate.quinn.and.rebecca.volpetti.naughty.plan.1080p.mp4,5028649849,3283.464,,zee4b865,"69, 6K, Blonde, Blowjob, Cum On Face, FFM, Hardcore, Kissing, Masturbation, Pussy Licking, Shaved Pussy, Small Tits, Threesome"
sensuallove.23.04.27.alissa.foxy.and.stacy.cruz.very.desirable.girls.1080p.mp4,3426463743,2230.701,,6fe4e67d,"6K, Brunette, Hairy Pussy, Kissing, Lesbian, Lingerie, Masturbation, Pussy Licking"
wowgirls.23.04.25.nelya.interview.with.nelya.1080p.mp4,2239431697,1460.349,,dfcefa86,"4K, 60 Frames, Interview, Lingerie, Masturbation, Shaved Pussy, Small Tits, Toys"
ultrafilms.23.04.24.elizabeth.t.hot.afternoon.1080p.mp4,2522045376,1645.064,,x587a620,"6K, Brunette, Masturbation, Outdoors, Shaved Pussy, Solo, Sport and Fitness"
angelslove.23.04.22.naomi.hill.and.sofilie.darkness.of.passion.1080p.mp4,3863618897,2522.771,,f95147c8,"69, 6K, Blowjob, Brunette, Exclusive, FFM, Handjob, Hardcore, IR, Kissing, Lingerie, Masturbation, POV, Pussy Licking, Redhead, Shaved Pussy, Small Tits, Threesome"
wowgirls.23.04.22.emily.mayers.wetting.first.1080p.mp4,3864469722,2524.009,,ae2f6a35,"4K, 60 Frames, 6K, Blowjob, Hardcore, Masturbation, Pussy Licking, Shaved Pussy"
ultrafilms.23.04.21.molly.devon.and.sofilie.seductive.color.1080p.mp4,5650131584,3717.816,,ccc64653,"6K, Blonde, Blowjob, Cum In Mouth, Deepthroat, FFM, Handjob, Hardcore, Kissing, Masturbation, POV, Pussy Licking, Redhead, Shaved Pussy, Threesome"
sensuallove.23.04.20.evelin.elle.and.molly.devon.lingering.crave.for.lust.1080p.mp4,4045724139,,,2bb85ad0,"6K, Blonde, Brunette, Kissing, Lesbian, Masturbation, POV, Pussy Licking, Shaved Pussy, Small Tits"
ultrafilms.23.04.19.kate.quinn.interview.with.kate.quinn.1080p.mp4,3561493191,2328.5452,,a37e713b,"6K, Dildo and Toys, Interview, Masturbation, Small Tits, Solo"
wowgirls.23.04.18.alissa.foxy.and.naomi.hill.delicious.scent.1080p.mp4,4510636882,2950.397,,y5f5b6e3,"4K, 60 Frames, 6K, Brunette, IR, Lesbian, Lingerie, Masturbation, Pussy Licking, Rimming, Shaved Pussy, Small Tits"
angelslove.23.04.15.matty.and.simona.purr.two.hotties.next.door.1080p.mp4,4887851350,3187.536,,d41055e3,"6K, Blowjob, Brunette, Cum In Mouth, Exclusive, FFM, Hardcore, Kissing, Masturbation, POV, Pussy Licking, Shaved Pussy, Small Tits, Threesome"
wowgirls.23.04.15.kama.oxi.beautifying.glow.1080p.mp4,2539988051,1666.5665,,y67aaa26,"4K, 60 Frames, 6K, Brunette, Lingerie, Masturbation, Shaved Pussy, Solo"
ultrafilms.23.04.14.elizabeth.t.love.boner.1080p.mp4,2157745140,1415.14,,u8a8a64e,"Blowjob, Hardcore, Kissing, Lingerie, POV, Shaved Pussy"
sensuallove.23.04.13.nancy.a.and.vanessa.alessia.in.the.arms.of.passion.1080p.mp4,3689748264,,,32c89b36,"69, 6K, Blonde, Brunette, Exclusive, Hairy Pussy, Lesbian, Lingerie, Masturbation, Pussy Licking, Sapphic First, Shaved Pussy"
wowgirls.23.04.11.molly.devon.wet.rider.1080p.mp4,4229663379,2763.987,,c69de25f,"4K, 60 Frames, 6K, Blonde, Blowjob, Hardcore, Lingerie, Masturbation, POV, Pantyhose, Shaved Pussy"
ultrafilms.23.04.10.nata.ocean.interview.with.nata.ocean.1080p.mp4,1513776626,989.448,,v93f46df,"Dildo and Toys, Interview, Masturbation, Shaved Pussy, Solo"
wowgirls.23.04.08.isabella.de.laa.lily.bella.and.agatha.vega.the.sweet.taste.of.yummy.pussies.1080p.mp4,4382894501,2859.444,,ud69d651,"4K, 60 Frames, 6K, Brunette, FFF+, Hairy Pussy, Lesbian, Lingerie, Masturbation, Pussy Licking, Rimming, Threesome"
angelslove.23.04.08.bella.spark.and.evelin.elle.angels.of.temptation.1080p.mp4,5682480106,3697.757,,77559762,"69, 6K, Blonde, Blowjob, Brunette, Exclusive, FFM, Hardcore, Kissing, Lingerie, Masturbation, POV, Pussy Licking, Shaved Pussy, Small Tits, Stockings, Threesome"
ultrafilms.23.04.07.mencia.francis.and.simona.purr.festive.delights.1080p.mp4,4487537933,2960.149,,g1714c61,"6K, Kissing, Lesbian, Lingerie, Masturbation, Pussy Licking, Shaved Pussy, Small Tits"
sensuallove.23.04.06.alissa.foxy.lottie.magne.and.sia.siberia.curiosity.for.lust.1080p.mp4,5512813517,,,7eb55e89,"69, 6K, Blonde, Brunette, Dildo and Toys, Exclusive, FFF+, Foot Fetish, Hairy Pussy, Kissing, Lesbian, Lingerie, Masturbation, Pussy Licking, Redhead, Rimming, Shaved Pussy, Small Tits, Threesome"
wowgirls.23.04.04.evelin.elle.horny.but.shy.1080p.mp4,2162749696,1409.196,,e95201aa,"4K, 60 Frames, Brunette, Lingerie, Masturbation, Shaved Pussy, Small Tits, Solo"
ultrafilms.23.04.03.bella.spark.deep.intimacy.1080p.mp4,2730878269,1786.125,,vdd353eb,"6K, Blonde, Lingerie, Masturbation, Solo"
wowgirls.23.04.01.nancy.a.ill.pay.any.bill.1080p.mp4,3577125376,2346.933,,c6f6b8df,"4K, 60 Frames, 6K, Blonde, Blowjob, Creampie, Deepthroat, Footjob, Handjob, Hardcore, Masturbation, POV, Shaved Pussy"
angelslove.23.04.01.evelin.elle.and.ivi.rein.sensual.angels.1080p.mp4,4211473344,2754.06,,5be5b416,"69, 6K, Blonde, Blowjob, Brunette, Deepthroat, Exclusive, FFM, Handjob, Hardcore, Kissing, Masturbation, POV, Pussy Licking, Shaved Pussy, Small Tits, Threesome"
wowgirls.23.03.31.mila.azul.delicious.girl.is.back.1080p.mp4,3291475649,2148.1482,,f9d32c5c,"4K, 60 Frames, 6K, Big Tits, Lingerie, Masturbation, Shaved Pussy, Solo"
ultrafilms.23.03.31.holly.molly.morning.wood.1080p.mp4,4210974153,2768.259,,v62f3e2b,"6K, Blowjob, Hardcore, Kissing, Masturbation, POV, Pussy Licking, Redhead, Shaved Pussy"
sensuallove.23.03.30.bella.spark.and.ellie.luna.kinky.girlfriends.1080p.mp4,4019772064,,,04066ad3,"6K, Blonde, Kissing, Lesbian, Masturbation, Pussy Licking, Rimming, Shaved Pussy"
wowgirls.23.03.28.kinsley.white.in.her.real.bedroom.1080p.mp4,1702968562,1111.91,,a16c4b59,"4K, 60 Frames, Brunette, Masturbation, RGB Light, Shaved Pussy, Solo"
ultrafilms.23.03.27.molly.devon.and.sofilie.a.kiss.and.im.all.wet.1080p.mp4,4001940335,2608.901,,zed23a5b,"69, 6K, Blonde, Kissing, Lesbian, Masturbation, Pussy Licking, Redhead, Rimming, Shaved Pussy"
wowgirls.23.03.25.nancy.a.and.freya.mayer.wettest.blondes.1080p.mp4,4396339486,2873.051,,a7aaf252,"4K, 60 Frames, 6K, Blonde, Lesbian, Lingerie, Masturbation, POV, Pussy Licking, Rimming, Shaved Pussy"
angelslove.23.03.25.molly.devon.and.sofilie.lustful.mood.1080p.mp4,5481441581,3577.117,,02894c49,"6K, Blonde, Blowjob, Exclusive, FFM, Handjob, Hardcore, Kissing, Masturbation, POV, Pussy Licking, Redhead, Rimming, Shaved Pussy, Threesome"
ultrafilms.23.03.24.amber.lusty.fingers.1080p.mp4,2611815835,1707.595,,jc0dc798,"6K, Lingerie, Masturbation, Redhead, Shaved Pussy, Small Tits, Solo"
sensuallove.23.03.23.alissa.foxy.and.kelly.collins.horny.imagining.you.1080p.mp4,4573854602,,,4b59eb92,"69, 6K, Blonde, Brunette, Hairy Pussy, Kissing, Lesbian, Lingerie, Masturbation, Pussy Licking, Rimming"
wowgirls.23.03.21.ellie.luna.smokin.beauty.1080p.mp4,2470353764,1612.022,,x544fbc7,"4K, 60 Frames, 6K, Masturbation, Outdoors, Shaved Pussy, Solo"
ultrafilms.23.03.20.leah.maus.insatiable.and.lusty.1080p.mp4,4460607160,2917.935,,d5e69fc4,"6K, Blowjob, Cum In Mouth, Cum On Face, Deepthroat, Hardcore, MMF, Shaved Pussy, Small Tits, Threesome"
wowgirls.23.03.18.evelin.elle.the.hottest.call.1080p.mp4,4371526377,2854.0571,,z888b706,"4K, 60 Frames, 6K, Blowjob, Brunette, Deepthroat, Hardcore, Lingerie, Masturbation, Pussy Licking, Shaved Pussy, Small Tits, Stockings"
angelslove.23.03.18.bonnie.dolce.and.kama.oxi.naughty.eyes.1080p.mp4,5262046160,3427.086,,f166bda5,"6K, Blonde, Blowjob, Brunette, Creampie, FFM, Hardcore, Kissing, Masturbation, POV, Pussy Licking, Rimming, Shaved Pussy, Small Tits, Threesome"
ultrafilms.23.03.17.alissa.foxy.tending.to.seduce.1080p.mp4,3420736592,2228.697,,wa10bd07,"6K, Brunette, Hairy Pussy, Pantyhose, Solo"
sensuallove.23.03.16.ellie.luna.and.sonya.blaze.sensual.wizards.1080p.mp4,4676195801,,,4c8c03b1,"69, 6K, Kissing, Lesbian, Masturbation, POV, Pussy Licking, Rimming, Shaved Pussy"
wowgirls.23.03.14.alissa.foxy.ellie.luna.and.kelly.collins.curious.for.threesomes.1080p.mp4,6041950197,3947.464,,g796eb9e,"4K, 60 Frames, 6K, Blonde, Brunette, FFF+, Hairy Pussy, Lesbian, Masturbation, POV, Pussy Licking, Rimming, Shaved Pussy, Threesome"
ultrafilms.23.03.13.elizabeth.t.and.ivi.rein.strikingly.hot.1080p.mp4,4224074721,2784.188,,u323aa41,"6K, Blonde, Brunette, Kissing, Lesbian, Lingerie, Masturbation, Pussy Licking, Rimming, Shaved Pussy, Small Tits"
wowgirls.23.03.11.sonya.blaze.blazing.teaser.1080p.mp4,2396231638,1568.531,,da6f909a,"4K, 60 Frames, Masturbation, RGB Light, Shaved Pussy, Solo"
angelslove.23.03.11.leah.maus.nelya.and.sia.siberia.lust.for.big.cocks.1080p.mp4,4123133362,2692.865,,02d2df7c,"6K, Big Tits, Blonde, Blowjob, Brunette, Cum On Face, Group, Hardcore, Lingerie, Masturbation, POV, Shaved Pussy, Small Tits"
ultrafilms.23.03.10.evelin.elle.get.close.to.evelin.1080p.mp4,1553325717,1013.829,,b4275ec2,"Brunette, Lingerie, Masturbation, Shaved Pussy, Small Tits, Solo"
sensuallove.23.03.09.molly.devon.and.sofilie.the.urge.to.lick.1080p.mp4,3321268784,2171.204,,a7284d88,"6K, Blonde, Kissing, Lesbian, Masturbation, Pussy Licking, Redhead, Rimming, Shaved Pussy"
wowgirls.23.03.07.sia.siberia.elizabeth.t.and.isabella.de.laa.one.girl.is.boring.1080p.mp4,5254374590,3424.6414,,d01eb95e,"4K, 60 Frames, 6K, Blowjob, Brunette, Cum In Mouth, Group, Hairy Pussy, Hardcore, Masturbation, Outdoors, POV, Pussy Licking, Shaved Pussy"
ultrafilms.23.03.06.elizabeth.t.naughty.maid.1080p.mp4,2470149129,1619.917,,u3583802,"Blowjob, Hardcore, Lingerie, Masturbation, Shaved Pussy"
wowgirls.23.03.04.freya.mayer.desire.for.intimacy.1080p.mp4,2266877518,1484.219,,ca597a3c,"4K, 60 Frames, 6K, Blonde, Dildo, Softcore, Solo"
angelslove.23.03.04.bella.spark.and.nata.ocean.lost.in.worship.1080p.mp4,5147709813,3361.4192,,da5cba9c,"6K, Blonde, Blowjob, Creampie, Exclusive, FFM, Hardcore, Kissing, Lingerie, POV, Pussy Licking, Shaved Pussy, Threesome"
ultrafilms.23.03.03.ellie.luna.morning.flick.1080p.mp4,2410889545,1573.291,,y7ef3e18,"6K, Lingerie, Masturbation, Shaved Pussy, Solo"
sensuallove.23.03.02.bella.spark.and.kama.oxi.the.deep.passion.of.a.first.date.1080p.mp4,5280530391,,,959668c6,"6K, Blonde, Brunette, Foot Fetish, Kissing, Lesbian, Masturbation, Pussy Licking, Rimming, Shaved Pussy"
wowgirls.23.02.28.elizabeth.t.and.evelin.elle.femme.experiments.1080p.mp4,3670581795,2403.103,,f5b578d1,"4K, 60 Frames, 6K, Brunette, Lesbian, Lingerie, Masturbation, Pantyhose, Pussy Licking, Shaved Pussy, Small Tits"
ultrafilms.23.02.27.ivi.rein.naughty.agent.1080p.mp4,5073434590,3320.662,,fd454393,"6K, Blonde, Blowjob, Cum In Mouth, Hardcore, Kissing, Lingerie, Masturbation, Pussy Licking, Shaved Pussy, Small Tits"
wowgirls.23.02.25.stacy.cruz.interview.with.stacy.cruz.1080p.mp4,1948819202,1274.915,,ic615164,"4K, 60 Frames, Big Tits, Interview, Masturbation, Solo"
sensuallove.23.02.24.naomi.hill.and.vanessa.alessia.hot.bud.opening.1080p.mp4,4209929279,,,22ea1f06,"6K, Brunette, Exclusive, Kissing, Lesbian, Lingerie, Masturbation, Pussy Licking, Rimming, Shaved Pussy, Small Tits"
ultrafilms.23.02.23.nancy.a.and.sia.siberia.playing.for.you.1080p.mp4,3723383985,2428.412,,z56b019a,"69, 6K, Big Tits, Blonde, Kissing, Lesbian, Masturbation, Outdoors, Pussy Licking, Shaved Pussy"
wowgirls.23.02.21.mencia.francis.alpha.female.1080p.mp4,4824458812,3161.466,,hc0f2d8f,"4K, 60 Frames, 6K, Blowjob, Handjob, Hardcore, Lingerie, POV, Pantyhose, Pussy Licking, Shaved Pussy, Small Tits"
ultrafilms.23.02.20.sofilie.exploring.hotspots.1080p.mp4,2407777972,1571.619,,ucfc4f27,"6K, Fetish, Masturbation, Redhead, Shaved Pussy, Solo, Stockings"
wowgirls.23.02.18.lottie.magne.magical.redhead.1080p.mp4,2184472685,1424.706,,c077bf78,"4K, 60 Frames, 6K, Hairy Pussy, Masturbation, Outdoors, Redhead, Small Tits, Solo"
ultrafilms.23.02.17.sia.siberia.pink.heart.1080p.mp4,3655017215,2387.522,,w509a682,"Anal, Big Tits, Blowjob, Creampie, Dildo and Toys, Handjob, Hardcore, Kissing, Masturbation, Oil and Cream, Shaved Pussy"
sensuallove.23.02.16.evelin.elle.molly.devon.and.sonya.blaze.sensual.lust.1080p.mp4,3832904767,,,64278292,"69, 6K, Blonde, Brunette, Exclusive, Kissing, Lesbian, Pussy Licking, Rimming, Shaved Pussy, Small Tits, Threesome"
wowgirls.23.02.14.eva.elfie.lusty.pretty.1080p.mp4,2707456408,1775.792,,c27c5371,"4K, 60 Frames, 6K, Big Tits, Blonde, Blowjob, Cum On Face, Deepthroat, Hardcore, Masturbation, Pantyhose, Pussy Licking, Shaved Pussy"
ultrafilms.23.02.13.amelia.riven.and.nata.ocean.northern.beauties.1080p.mp4,4193140820,2745.6458,,cf170e4c,"6K, Blonde, Brunette, Kissing, Lesbian, Lingerie, Masturbation, Pussy Licking, Shaved Pussy, Shaving"
wowgirls.23.02.11.nancy.a.and.molly.devon.everybody.loves.nancy.1080p.mp4,3409191137,2228.372,,f8ec56f7,"4K, 60 Frames, 6K, Blonde, Lesbian, Masturbation, Pussies Slip 'n' Slide, Pussy Licking, Shaved Pussy"
ultrafilms.23.02.10.bella.spark.and.sofilie.easygoing.for.love.1080p.mp4,3406801468,2223.0781,,a85fefd0,"6K, Blonde, Finger Licking, Kissing, Lesbian, Lingerie, Masturbation, POV, Pussies Slip 'n' Slide, Pussy Licking, Redhead, Rimming, Shaved Pussy"
sensuallove.23.02.10.agatha.vega.and.isabella.de.laa.forever.wet.1080p.mp4,3236065990,,,bc5abdd1,"6K, Blonde, Hairy Pussy, Kissing, Lesbian, Lingerie, Masturbation, Pussies Slip 'n' Slide, Pussy Licking"
wowgirls.23.02.07.nancy.a.and.jia.lissa.lusty.friends.1080p.mp4,2721168496,1775.444,,h49f8a14,"4K, 60 Frames, Blonde, Dildo, Fetish, Lesbian, Masturbation, Pussy Licking, Shaved Pussy, Small Tits, Toys"
ultrafilms.23.02.06.amelia.riven.skilful.fingers.1080p.mp4,2859895972,1877.542,,v741d833,"6K, Brunette, Masturbation, Shaved Pussy, Solo"
wowgirls.23.02.04.kama.oxi.wild.hotness.1080p.mp4,2602864463,1713.145,,z50723ab,"4K, 60 Frames, 6K, Brunette, Masturbation, Shaved Pussy, Solo"
sensuallove.23.02.03.amelia.riven.and.ivi.rein.enchanting.night.1080p.mp4,4530662114,,,dfa9b18b,"6K, Blonde, Brunette, Exclusive, Kissing, Lesbian, Lingerie, Masturbation, Pussy Licking, RGB Light, Shaved Pussy, Small Tits"
ultrafilms.23.02.03.adel.morel.anna.di.and.nancy.a.squeezing.all.the.juices.2160p.mp4,4727248211,1619.9517,,cb9089c7,"6K, Blonde, Brunette, Dildo and Toys, FFF+, Kissing, Lesbian, Masturbation, Sapphic First, Shaved Pussy, Small Tits, Threesome"
ultrafilms.23.02.03.adel.morel.anna.di.and.nancy.a.squeezing.all.the.juices.720p.mp4,496147293,1619.963,,cb9089c7,"6K, Blonde, Brunette, Dildo and Toys, FFF+, Kissing, Lesbian, Masturbation, Sapphic First, Shaved Pussy, Small Tits, Threesome"
wowgirls.23.01.31.sonya.blaze.and.ellie.luna.rare.hotness.1080p.mp4,4181008814,2724.56,,d177d754,"4K, 60 Frames, 69, 6K, Brunette, Lesbian, Lingerie, Masturbation, Pussy Licking, Rimming, Shaved Pussy"
ultrafilms.23.01.30.elizabeth.t.endless.boner.1080p.mp4,2366256013,1551.371,,gcd8672f,"Blowjob, Brunette, Hardcore, Kissing, Lingerie, Masturbation, POV, Shaved Pussy"
wowgirls.23.01.28.elizabeth.t.wet.flower.1080p.mp4,2067399624,1353.352,,eb96e616,"4K, 60 Frames, 6K, Lingerie, Masturbation, Pantyhose, Shaved Pussy, Solo"
ultrafilms.23.01.27.ivi.rein.delicious.flow.1080p.mp4,2516077029,1647.548,,c4734894,"6K, Anal, Blonde, Lingerie, Masturbation, RGB Light, Shaved Pussy, Small Tits, Solo"
sensuallove.23.01.27.evelin.elle.freya.mayer.and.nancy.a.die.another.day.2.1080p.mp4,4533307540,,,30b55255,"69, 6K, Blonde, Brunette, Exclusive, Foot Fetish, Hairy Pussy, Kissing, Lesbian, Lingerie, Masturbation, POV, Pussy Licking, Rimming, Shaved Pussy, Small Tits, Threesome"
wowgirls.23.01.24.naomi.hill.oriental.princess.1080p.mp4,3583238756,2337.39,,w70c38d0,"4K, 60 Frames, 6K, Blowjob, Brunette, Footjob, Handjob, Hardcore, IR, Masturbation, Oil and Cream, Outdoors, POV, Pussy Licking, Shaved Pussy, Small Tits"
ultrafilms.23.01.23.alissa.foxy.and.evelin.elle.skilled.lovers.1080p.mp4,4234881046,2761.294,,j0a3e25b,"6K, Brunette, Finger Licking, Hairy Pussy, Kissing, Lesbian, Masturbation, Pussy Licking, Rimming, Shaved Pussy, Small Tits"
wowgirls.23.01.21.freya.mayer.and.astrid.licking.lovers.1080p.mp4,4355038662,2846.5571,,w9901daf,"4K, 60 Frames, 6K, Big Tits, Blonde, Brunette, Lesbian, Masturbation, POV, Pussy Licking, Shaved Pussy"
ultrafilms.23.01.20.mila.azul.ultra.hot.girl.1080p.mp4,1808819937,1180.897,,ueb822c9,"Big Tits, Masturbation, Shaved Pussy, Solo, Sport and Fitness"
sensuallove.23.01.20.evelin.elle.and.kelly.collins.the.eternal.desire.to.lick.1080p.mp4,4026172819,,,6c48ccba,"6K, Blonde, Brunette, Exclusive, Kissing, Lesbian, Masturbation, POV, Pussy Licking, Rimming, Shaved Pussy, Small Tits"
wowgirls.23.01.17.elizabeth.t.be.closer.to.elizabeth.1080p.mp4,1837087864,1196.361,,h27cba90,"4K, 60 Frames, 6K, Lingerie, Masturbation, Shaved Pussy, Solo"
ultrafilms.23.01.16.molly.devon.insta.lure.1080p.mp4,3762112198,2454.86,,b45a9c0e,"6K, Blonde, Blowjob, Cum On Face, Deepthroat, Hardcore, Kissing, Masturbation, Pussy Licking, Shaved Pussy"
wowgirls.23.01.14.nancy.a.and.alice.shea.hot.blonde.affair.1080p.mp4,2765199913,1809.554,,d2694cb3,"4K, 60 Frames, Blonde, Lesbian, Masturbation, Pussy Licking, Shaved Pussy, Small Tits"
sensuallove.23.01.13.kelly.collins.and.vanessa.alessia.wonderful.miracle.1080p.mp4,3612236902,,,8d95caf7,"69, 6K, Blonde, Brunette, Exclusive, Hairy Pussy, Kissing, Lesbian, Masturbation, Pantyhose, Pussy Licking"
ultrafilms.23.01.13.ellie.luna.get.closer.to.ellie.1080p.mp4,2049494809,1335.635,,w7599d9d,"6K, Fuck Me, Lingerie, Pantyhose, Shaved Pussy, Solo"
wowgirls.23.01.10.kama.oxi.docile.girl.1080p.mp4,4438374874,2939.251,,j5be7856,"4K, 60 Frames, 6K, Blowjob, Brunette, Hardcore, Masturbation, Pussy Licking, Shaved Pussy"
ultrafilms.23.01.08.nancy.a.and.sofilie.friendship.for.lust.1080p.mp4,3677695966,2405.889,,gfc791f3,"6K, Blonde, Kissing, Lesbian, Masturbation, POV, Pussy Licking, Redhead, Shaved Pussy"
wowgirls.23.01.07.alissa.foxy.sheer.beauty.1080p.mp4,2143206921,1402.23,,z7920c71,"4K, 60 Frames, 6K, Armpit Licking, Brunette, Hairy Pussy, Pantyhose, Softcore, Solo"
ultrafilms.23.01.06.kate.rich.seducing.her.anal.1080p.mp4,2679117941,1755.498,,h0a2e346,"Anal, Blowjob, Cum In Mouth, Cum On Face, Dildo and Toys, Fetish, Hardcore, Kissing, Masturbation, Pantyhose, Redhead, Shaved Pussy, Small Tits"
sensuallove.23.01.06.alissa.foxy.freya.mayer.and.nancy.a.stargazing.1080p.mp4,4130908858,,,7ec270b9,"69, 6K, Blonde, Brunette, Exclusive, FFF+, Hairy Pussy, Kissing, Lesbian, Masturbation, Outdoors, Pussy Licking, Rimming, Shaved Pussy, Sport and Fitness, Threesome"
wowgirls.23.01.03.evelin.elle.and.molly.devon.girlfriends.1080p.mp4,2769581304,1810.018,,b3447726,"4K, 60 Frames, 69, 6K, Armpit Licking, Blonde, Brunette, Lesbian, Lingerie, Masturbation, Pussy Licking, Shaved Pussy, Small Tits"
wowgirls.22.12.31.paula.shy.cellar.gem.1080p.mp4,2444869955,1597.4641,,a0bd98ef,"4K, 60 Frames, 6K, Blowjob, Handjob, Hardcore, MMF, Masturbation, Outdoors, Pussy Licking, Redhead, Shaved Pussy, Threesome"
ultrafilms.22.12.30.ellie.luna.and.kelly.collins.naughty.fingers.1080p.mp4,4165981799,2718.197,,j2227f38,"6K, Blonde, Brunette, Kissing, Lesbian, Masturbation, Outdoors, Pussy Licking, Shaved Pussy"
sensuallove.22.12.30.elizabeth.t.and.ellie.luna.super.wet.session.1080p.mp4,3205303481,,,5f1b9230,"6K, Bathroom, Brunette, Exclusive, Kissing, Lesbian, Masturbation, Pussy Licking, Shaved Pussy"
wowgirls.22.12.27.molly.brown.interview.with.molly.brown.1080p.mp4,2039243896,1329.969,,a5fc132e,"4K, 60 Frames, Brunette, Interview, Masturbation, Shaved Pussy, Small Tits, Solo, Toys"
ultrafilms.22.12.26.freya.mayer.freyas.bedroom.1080p.mp4,2257593874,1474.745,,h6cbb7ad,"6K, Blonde, Dildo and Toys, Masturbation, Solo"
wowgirls.22.12.24.mencia.francis.and.oxana.chic.subtle.nuances.1080p.mp4,4003093028,2630.983,,h9432c1c,"4K, 60 Frames, 6K, Blonde, Lesbian, Masturbation, POV, Pussy Licking, Shaved Pussy, Small Tits"
ultrafilms.22.12.23.sofilie.wet.play.1080p.mp4,4190338966,2736.1929,,hc8913d7,"6K, Blowjob, Hardcore, Kissing, Masturbation, Outdoors, POV, Pool, Pussy Licking, Redhead, Shaved Pussy, Squirt"
sensuallove.22.12.23.alissa.foxy.and.trixxxie.fox.sensual.flower.1080p.mp4,3634866806,,,5bdea22e,"6K, Brunette, Exclusive, Fashion Show, Hairy Pussy, Lesbian, Masturbation, Pussy Licking, Sapphic First, Shaved Pussy, Small Tits"
wowgirls.22.12.20.matty.and.sofi.vega.exotic.love.1080p.mp4,3983562826,2605.975,,c6efd41a,"4K, 60 Frames, 6K, Brunette, IR, Lesbian, Masturbation, POV, Pussy Licking, Shaved Pussy, Small Tits"
ultrafilms.22.12.19.alissa.foxy.and.lily.bella.hottest.eyes.1080p.mp4,4119708423,2692.586,,i412894f,"6K, Brunette, Hairy Pussy, Kissing, Lesbian, Masturbation, POV, Pussy Licking, Shaved Pussy"
wowgirls.22.12.16.evelin.elle.lovers.of.lust.1080p.mp4,5394957786,3529.8281,,b3c3029f,"4K, 60 Frames, 6K, Blowjob, Brunette, Cum In Mouth, Hardcore, Masturbation, POV, Pussy Licking, Shaved Pussy, Small Tits"
sensuallove.22.12.16.bella.spark.nancy.a.and.sonya.blaze.horny.eye.1080p.mp4,4806534760,3133.382,,ec9c020e,"6K, Blonde, Exclusive, FFF+, Kissing, Lesbian, Lingerie, Pussy Licking, Rimming, Shaved Pussy, Threesome"
ultrafilms.22.12.16.amber.exploring.self.orgasms.1080p.mp4,2093095613,1365.333,,j2ebda0c,"6K, Lingerie, Masturbation, Redhead, Shaved Pussy, Small Tits, Solo"
wowgirls.22.12.13.lika.star.interview.with.lika.star.1080p.mp4,1724129151,1125.796,,f7fca2af,"4K, 60 Frames, Blonde, Interview, Masturbation, Shaved Pussy, Small Tits, Solo"
ultrafilms.22.12.12.lottie.magne.and.nancy.a.sunny.nudes.1080p.mp4,2841726285,1859.245,,c46b1e96,"69, 6K, Blonde, Hairy Pussy, Kissing, Lesbian, Masturbation, Outdoors, POV, Pussy Licking, Redhead, Shaved Pussy, Small Tits"
wowgirls.22.12.10.ellie.luna.and.molly.devon.in.the.shadows.of.lust.1080p.mp4,4192409318,2736.007,,i0244578,"4K, 60 Frames, 69, 6K, Blonde, Lesbian, Lingerie, Masturbation, Oil and Cream, Outdoors, Pussy Licking, Shaved Pussy"
ultrafilms.22.12.09.nikki.hill.interview.with.nikki.hill.1080p.mp4,2010853849,1312.229,,c279e16f,"Blonde, Interview, Lingerie, Masturbation, Shaved Pussy, Small Tits, Solo"
sensuallove.22.12.09.freya.mayer.and.olivia.sparkle.let.my.tongue.dance.over.your.clit.1080p.mp4,4662672938,,,5801714c,"6K, Blonde, Exclusive, Kissing, Lesbian, Lingerie, Masturbation, Pussy Licking, Shaved Pussy, Small Tits"
wowgirls.22.12.06.bella.spark.fuck.me.emma.white.1080p.mp4,2377411266,1550.419,,e7990705,"4K, 60 Frames, 6K, Blonde, Fuck Me, Lingerie, Shaved Pussy, Softcore, Solo"
ultrafilms.22.12.05.simona.purr.burning.passion.1080p.mp4,4249727341,2796.866,,d4cfaae7,"69, 6K, Blowjob, Hardcore, Kissing, Masturbation, Pussy Licking, Shaved Pussy, Small Tits"
wowgirls.22.12.03.sia.siberia.house.wife.next.door.1080p.mp4,4082665348,2662.1455,,ia620b3d,"4K, 60 Frames, Big Tits, Blowjob, Deepthroat, Handjob, Hardcore, Lingerie, Masturbation, Pussy Licking, Shaved Pussy"
ultrafilms.22.12.03.ellie.luna.and.naomi.hill.lust.last.1080p.mp4,4671960174,3048.664,,x26b855c,"69, 6K, Brunette, Finger Licking, IR, Kissing, Lesbian, Masturbation, POV, Pussy Licking, Shaved Pussy, Small Tits"
sensuallove.22.12.02.evelin.elle.and.nancy.a.delicious.girls.1080p.mp4,3822758647,,,7558fac5,"6K, Blonde, Brunette, Exclusive, Kissing, Lesbian, Masturbation, Pussy Licking, Shaved Pussy, Small Tits"
wowgirls.22.11.29.nancy.a.and.jia.lissa.girls.of.your.dreams.1080p.mp4,2698082957,1761.233,,e2dfae08,"4K, 60 Frames, Acoustic Intimacy, Blonde, Hairy Pussy, Lesbian, Lingerie, Masturbation, Pussy Licking, Redhead, Shaved Pussy, Toys"
ultrafilms.22.11.28.nancy.a.toys.she.always.has.1080p.mp4,2237752484,1461.278,,fbdeebbd,"6K, Blonde, Dildo and Toys, Lingerie, Masturbation, Shaved Pussy, Solo"
wowgirls.22.11.26.nancy.a.sonya.blaze.and.kelly.collins.playful.college.1080p.mp4,3798903339,2481.354,,bccb9855,"4K, 60 Frames, 6K, Blonde, FFF+, Finger Licking, Lesbian, Lingerie, Masturbation, Outdoors, POV, Pantyhose, Pussy Licking, Shaved Pussy, Threesome"
ultrafilms.22.11.25.evelin.elle.a.highly.arousing.girl.1080p.mp4,5095986257,3345.531,,da9c5014,"6K, Blowjob, Brunette, Handjob, Hardcore, Lingerie, Masturbation, POV, Pussy Licking, Shaved Pussy, Small Tits"
sensuallove.22.11.25.alissa.foxy.and.ellie.luna.girls.with.a.fetish.1080p.mp4,3746889174,,,81eb9aee,"6K, Brunette, Exclusive, Hairy Pussy, Kissing, Lesbian, Lingerie, Masturbation, Pantyhose, Pussy Licking, Shaved Pussy"
wowgirls.22.11.22.amber.intimate.mood.1080p.mp4,2270060412,1480.481,,j52c9c35,"4K, 60 Frames, 6K, Masturbation, Redhead, Shaved Pussy, Small Tits, Solo"
ultrafilms.22.11.21.kelly.collins.gorgeous.kelly.1080p.mp4,2602111237,1697.448,,i1974d9b,"6K, Blonde, Masturbation, Solo"
wowgirls.22.11.19.mencia.francis.and.naomi.hill.lusty.play.1080p.mp4,3803927980,2485.719,,jb3a864a,"4K, 60 Frames, 6K, Brunette, Dildo, IR, Lesbian, Lingerie, Masturbation, Pussy Licking, Shaved Pussy, Small Tits, Toys"
sensuallove.22.11.18.kelly.collins.and.stacy.cruz.affair.with.a.nude.1080p.mp4,3798503595,,,25708c53,"6K, Blonde, Brunette, Exclusive, Hairy Pussy, Kissing, Lesbian, Masturbation, Pussy Licking"
ultrafilms.22.11.18.ellie.luna.and.sofilie.lick.it.all.1080p.mp4,2612252733,1705.366,,df63353c,"6K, Kissing, Lesbian, Lingerie, Masturbation, Pussy Licking, Redhead, Rimming, Shaved Pussy"
wowgirls.22.11.15.elizabeth.t.wet.kitty.1080p.mp4,3554212736,2330.331,,a0d679c7,"4K, 60 Frames, 69, 6K, Blowjob, Hardcore, Lingerie, Masturbation, POV, Pussy Licking, Shaved Pussy"
ultrafilms.22.11.14.sofilie.delicious.redhead.1080p.mp4,1761894660,1148.714,,d76e397e,"Finger Licking, Lingerie, Masturbation, Redhead, Shaved Pussy, Solo"
wowgirls.22.11.12.evelin.elle.and.kelly.collins.glow.of.beauty.1080p.mp4,4052629868,2649.768,,e411f407,"4K, 60 Frames, 6K, Blonde, Brunette, Lesbian, Masturbation, POV, Pussy Licking, Shaved Pussy, Small Tits"
sensuallove.22.11.11.sia.siberia.sonya.blaze.and.sybil.lusty.knockers.1080p.mp4,4997226043,,,d16033c5,"69, 6K, Blonde, Brunette, Exclusive, FFF+, Kissing, Lesbian, Masturbation, POV, Pussy Licking, Rimming, Shaved Pussy, Threesome"
ultrafilms.22.11.11.leah.maus.and.nancy.a.interview.with.nancy.a.and.leah.maus.1080p.mp4,3751725450,2456.346,,xa7c507f,"Blonde, Interview, Lesbian, Shaved Pussy, Small Tits, Stockings"
wowgirls.22.11.08.molly.devon.mollys.siesta.1080p.mp4,2164907968,1411.982,,d553c34f,"4K, 60 Frames, 6K, Blonde, Masturbation, Shaved Pussy, Solo, Toys"
ultrafilms.22.11.07.stacy.cruz.the.hottest.charmer.1080p.mp4,4543774332,2971.782,,ff4f74ca,"6K, Big Tits, Blowjob, Hardcore, Kissing, Lingerie, Masturbation, POV, Pussy Licking, Stockings"
wowgirls.22.11.05.sia.siberia.and.lottie.magne.naughty.moods.1080p.mp4,3341632590,2193.658,,hbb8c19e,"4K, 60 Frames, 6K, Big Tits, Lesbian, Lingerie, Masturbation, Pussy Licking, Redhead, Shaved Pussy, Small Tits, Stockings"
sensuallove.22.11.04.ellie.luna.and.stefany.kyler.beautiful.love.1080p.mp4,4249019931,,,9d0f9efb,"69, 6K, Exclusive, Kissing, Lesbian, Lingerie, Masturbation, Pussy Licking, Shaved Pussy, Small Tits"
ultrafilms.22.11.04.amber.first.toy.orgasm.1080p.mp4,2165483535,1412.98,,hd89b748,"6K, Dildo and Toys, Masturbation, Outdoors, Redhead, Shaved Pussy, Small Tits, Solo"
wowgirls.22.11.01.cindy.shine.and.kate.rich.threesomes.re.he.hottest.1080p.mp4,3310956878,2159.781,,xa3306f1,"4K, 60 Frames, Blowjob, Brunette, Dance, FFM, Handjob, Hardcore, Lingerie, Masturbation, POV, Redhead, Shaved Pussy, Small Tits, Threesome"
ultrafilms.22.10.31.alissa.foxy.and.kelly.collins.love.queens.1080p.mp4,3510055088,2296.221,,eac82259,"69, 6K, Blonde, Brunette, Kissing, Lesbian, Lingerie, Masturbation, POV, Pussy Licking, Rimming"
wowgirls.22.10.29.nancy.a.lily.bella.and.freya.mayer.blondes.are.naughty.1080p.mp4,3689309662,2414.457,,h9a613ab,"4K, 60 Frames, 6K, Blonde, FFF+, Lesbian, Masturbation, POV, Pussy Licking, Shaved Pussy, Threesome"
ultrafilms.22.10.28.cindy.shine.interview.with.cindy.shine.1080p.mp4,3164772721,2063.789,,ze62afe0,"Interview, Shaved Pussy, Small Tits, Solo"
sensuallove.22.10.28.bella.spark.and.nancy.a.first.orgasm.from.a.girl.1080p.mp4,4219442039,,,37c5119e,"6K, Blonde, Exclusive, Kissing, Lesbian, Masturbation, Pussy Licking, Sapphic First, Shaved Pussy"
wowgirls.22.10.26.bella.spark.hottest.white.1080p.mp4,2164007650,1414.722,,bbeb6697,"4K, 60 Frames, 6K, Blonde, Masturbation, Shaved Pussy, Solo"
ultrafilms.22.10.24.sia.siberia.hotter.than.games.1080p.mp4,3724783439,2445.618,,vc8560d0,"Big Tits, Blonde, Blowjob, Cum On Face, Deepthroat, Hardcore, Masturbation, Pussy Licking, Shaved Pussy"
wowgirls.22.10.22.stefany.kyler.woke.up.wet.down.there.1080p.mp4,5061371677,3303.154,,v667f65e,"4K, 60 Frames, 69, 6K, Blowjob, Cum In Mouth, Deepthroat, Hardcore, Masturbation, Pussy Licking, Shaved Pussy, Small Tits"
sensuallove.22.10.21.nancy.a.and.sherice.midsummers.wet.dream.1080p.mp4,4023457421,,,b05f95b4,"69, 6K, Blonde, Exclusive, Kissing, Lesbian, Lingerie, Masturbation, Outdoors, Pussy Licking, Redhead, Shaved Pussy, Small Tits, Stockings"
ultrafilms.22.10.21.evelin.elle.and.freya.mayer.lusty.vibe.1080p.mp4,4166787121,2726.185,,d35fa3ea,"69, 6K, Blonde, Brunette, Kissing, Lesbian, Lingerie, Masturbation, Pussy Licking, Shaved Pussy, Small Tits"
wowgirls.22.10.19.ivi.rein.interview.with.ivi.rein.1080p.mp4,2781347022,1819.84,,xeffb3dc,"4K, 60 Frames, Interview, Masturbation, Shaved Pussy, Small Tits, Solo, Toys"
ultrafilms.22.10.17.serina.gomez.fuck.me.serina.gomez.1080p.mp4,1928483344,1257.871,,j2a6b3b8,"6K, Fuck Me, Masturbation, Shaved Pussy, Solo"
wowgirls.22.10.15.nancy.a.and.sonya.blaze.hot.role.plays.1080p.mp4,3037221073,1980.3829,,x25b9610,"4K, 60 Frames, 6K, Blonde, Lesbian, Masturbation, Outdoors, Pussy Licking, Shaved Pussy"
ultrafilms.22.10.14.lily.bella.steamy.romance.1080p.mp4,5013069061,3287.945,,w0267b4d,"69, 6K, Blowjob, Brunette, Deepthroat, Handjob, Hardcore, Kissing, Lingerie, Masturbation, POV, Pussy Licking"
sensuallove.22.10.14.kelly.collins.nancy.a.and.vanessa.alessia.die.another.day.1080p.mp4,4647580696,,,b0ae27af,"69, 6K, Blonde, Brunette, Exclusive, Hairy Pussy, Kissing, Lesbian, Lingerie, Masturbation, POV, Pantyhose, Pussy Licking, Rimming, Shaved Pussy, Threesome"
wowgirls.22.10.11.savana.natural.presence.1080p.mp4,1813570209,1181.477,,v1ed61a3,"4K, 60 Frames, Big Tits, Brunette, Hairy Pussy, Lingerie, Masturbation, Solo"
ultrafilms.22.10.10.elizabeth.t.heat.queen.1080p.mp4,1803723296,1175.347,,u39aae44,"6K, Finger Licking, Fuck Me, Outdoors, Shaved Pussy, Solo"
wowgirls.22.10.08.olivia.sparkle.olivias.lustful.desires.1080p.mp4,3245680742,2125.369,,g9830606,"4K, 60 Frames, 6K, Bathroom, Blowjob, Cum In Mouth, Deepthroat, Hardcore, Masturbation, POV, Pussy Licking, Shaved Pussy, Small Tits"
ultrafilms.22.10.07.kelly.collins.and.sofilie.gently.slide.1080p.mp4,5135023795,3357.001,,xefe6ca4,"6K, Blonde, Kissing, Lesbian, Masturbation, Pussy Licking, Redhead, Shaved Pussy"
sensuallove.22.10.07.kama.oxi.and.lily.bella.too.hot.to.handle.1080p.mp4,4212627248,,,f45969e5,"6K, Brunette, Exclusive, Kissing, Lesbian, Lingerie, Masturbation, Pussy Licking, Sapphic First, Shaved Pussy"
wowgirls.22.10.04.kinsley.white.exploring.her.body.1080p.mp4,1636354275,1069.604,,if516ce0,"4K, 60 Frames, Brunette, Lingerie, Masturbation, Shaved Pussy, Solo"
ultrafilms.22.10.03.freya.mayer.the.perfect.lover.1080p.mp4,2111299904,1382.214,,i1206454,"6K, Blonde, Lingerie, Masturbation, Shaved Pussy, Solo"
wowgirls.22.10.01.elizabeth.t.and.olivia.sparkle.fingers.licks.1080p.mp4,3140676127,2064.95,,y9458374,"4K, 60 Frames, 69, 6K, Brunette, Lesbian, Lingerie, Masturbation, Pussy Licking, Shaved Pussy, Small Tits"
ultrafilms.22.09.30.sofi.smile.first.time.a.1080p.mp4,3529149138,2307.97,,ec750559,"Anal, Blowjob, Dildo and Toys, Hardcore, Masturbation, Pussy Licking, Shaved Pussy"
wowgirls.22.09.28.amber.hot.wetness.1080p.mp4,2883442143,1883.556,,dbda0426,"4K, 60 Frames, 6K, Bathroom, Lingerie, Masturbation, Oil and Cream, Shaved Pussy, Small Tits, Solo"
ultrafilms.22.09.26.ellie.luna.and.sofilie.charming.love.1080p.mp4,3323477028,2174.6414,,ee2c5e61,"69, 6K, Brunette, Kissing, Lesbian, Masturbation, Outdoors, POV, Pool, Pussy Licking, Redhead, Rimming, Shaved Pussy"
wowgirls.22.09.24.adelle.unicorn.and.katty.west.hard.sex.is.all.they.think.about.1080p.mp4,4598515940,2998.81,,j331b9ee,"4K, 60 Frames, 6K, Blowjob, Brunette, FFM, Hairy Pussy, Hardcore, Masturbation, POV, Pussy Licking, Shaved Pussy, Small Tits, Threesome"
ultrafilms.22.09.23.hayli.sanders.modern.girl.1080p.mp4,2379346585,1555.272,,z69bc7fb,"6K, Brunette, Masturbation, Shaved Pussy, Solo"
wowgirls.22.09.20.nancy.a.and.jia.lissa.born.great.at.licking.1080p.mp4,2383003799,1552.23,,y17303eb,"4K, 60 Frames, 6K, Blonde, Finger Licking, Hairy Pussy, Lesbian, Masturbation, Pussy Licking, Redhead, Shaved Pussy"
ultrafilms.22.09.19.alissa.foxy.lily.bella.and.stacy.crystal.hot.college.girls.1080p.mp4,4249558750,2780.984,,e0e26fb5,"69, 6K, Blonde, Brunette, FFF+, Hairy Pussy, Kissing, Lesbian, Masturbation, Pussies Slip 'n' Slide, Pussy Licking, Shaved Pussy, Stockings, Threesome"
wowgirls.22.09.17.isabella.de.laa.and.kelly.collins.always.hungry.1080p.mp4,3368476984,2195.145,,h891155f,"4K, 60 Frames, 6K, Blonde, Finger Licking, Hairy Pussy, Lesbian, Lingerie, Masturbation, Pussy Licking"
ultrafilms.22.09.16.olivia.private.place.1080p.mp4,1441219042,942.312,,z44b6178,"Lingerie, Masturbation, Oil and Cream, Shaved Pussy, Solo"
wowgirls.22.09.13.sybil.interview.with.sybil.1080p.mp4,1833968134,1196.594,,yd4ad887,"4K, 60 Frames, 6K, Big Tits, Dildo, Interview, Lingerie, Masturbation, Solo, Toys"
ultrafilms.22.09.12.elizabeth.t.hot.body.tones.1080p.mp4,2232819742,1457.3073,,yd1acafb,"Blowjob, Brunette, Hardcore, Lingerie, POV, Shaved Pussy"
ultrafilms.22.09.10.aislin.interview.with.aislin.1080p.mp4,3954870863,2584.52,,b16376a0,"6K, Big Tits, Hairy Pussy, Interview, Lingerie, Masturbation, Solo"
wowgirls.22.09.09.molly.devon.stunning.hotness.1080p.mp4,4026695091,2646.099,,j223069b,"4K, 60 Frames, 6K, Blonde, Blowjob, Deepthroat, Hardcore, Masturbation, POV, Pussy Licking, Shaved Pussy"
ultrafilms.22.09.06.freya.mayer.and.sia.siberia.passion.for.both.1080p.mp4,3731180725,2438.8389,,w3048506,"6K, Big Tits, Blonde, Dildo and Toys, Kissing, Lesbian, Lingerie, Masturbation, Pussy Licking, Shaved Pussy"
wowgirls.22.09.05.alissa.foxy.breathtaking.heat.1080p.mp4,2303423215,1507.509,,h78be6e8,"4K, 60 Frames, 6K, Brunette, Hairy Pussy, Lingerie, Masturbation, Pantyhose, Solo"
wowgirls.22.09.03.sonya.blaze.and.molly.devon.juices.of.heaven.1080p.mp4,3494938297,2282.707,,fb767d56,"4K, 60 Frames, 69, 6K, Blonde, Lesbian, Lingerie, Masturbation, Pussy Licking, Shaved Pussy"
ultrafilms.22.09.02.rebecca.volpetti.interview.with.rebecca.volpetti.1080p.mp4,1688374276,1102.321,,w6e04086,"6K, Blonde, Dildo and Toys, Interview, Lingerie, Masturbation, Small Tits, Solo"
wowgirls.22.08.31.leona.mia.playful.and.always.wet.1080p.mp4,1728945139,1128.025,,y66c6d99,"4K, 60 Frames, 6K, Brunette, Dance, Shaved Pussy, Softcore, Solo"
ultrafilms.22.08.30.naomi.hill.divine.and.horny.girl.1080p.mp4,3714952393,2427.811,,jddd9485,"6K, Blowjob, Brunette, Cum In Mouth, Hardcore, IR, Masturbation, POV, Pussy Licking, Shaved Pussy, Small Tits"
wowgirls.22.08.29.jia.lissa.interview.with.jia.lissa.1080p.mp4,1464829827,955.617,,x52651f8,"4K, 60 Frames, Interview, Lingerie, Redhead, Solo"
wowgirls.22.08.27.freya.mayer.hottest.seducer.1080p.mp4,4127560389,2691.2412,,bff129cc,"4K, 60 Frames, 6K, Blonde, Blowjob, Hardcore, Lingerie, Masturbation, Oil and Cream, Outdoors, Pussy Licking"
ultrafilms.22.08.26.lexi.dona.interview.with.lexi.dona.1080p.mp4,1190373201,777.566,,cece7de9,"Brunette, Dildo and Toys, Interview, Masturbation, Shaved Pussy, Solo"
ultrafilms.22.08.23.evelin.elle.and.sofilie.thrilling.date.1080p.mp4,2849388404,1856.5065,,he66b1b9,"6K, Brunette, Kissing, Lesbian, Lingerie, Masturbation, Pussy Licking, Redhead, Rimming, Shaved Pussy, Small Tits"
wowgirls.22.08.21.evelin.elle.and.molly.devon.mollys.first.date.with.a.girl.1080p.mp4,3771793736,2459.434,,i0e6efd6,"4K, 60 Frames, 6K, Blonde, Brunette, Lesbian, Lingerie, Masturbation, Pussy Licking, Shaved Pussy, Small Tits"
ultrafilms.22.08.19.lena.reif.interview.with.lena.reif.1080p.mp4,1901730476,1239.597,,c4676b5b,"Dildo and Toys, Interview, Lingerie, Masturbation, Shaved Pussy, Solo"
wowgirls.22.08.17.sia.siberia.wet.pussies.1080p.mp4,4448182742,2904.7715,,g4634a0c,"4K, 60 Frames, 6K, Big Tits, Blowjob, Cum In Mouth, Hardcore, Masturbation, Oil and Cream, Outdoors, POV, Pussy Licking, Shaved Pussy"
ultrafilms.22.08.16.evelin.elle.and.ivi.rein.a.dive.into.ecstasy.1080p.mp4,4406905680,2878.02,,v9c57e2b,"69, 6K, Blonde, Blowjob, Brunette, Deepthroat, FFM, Hardcore, Kissing, Lingerie, Masturbation, POV, Pussy Licking, Shaved Pussy, Small Tits, Stockings, Threesome"
wowgirls.22.08.15.sofi.smile.interview.with.sofi.smile.1080p.mp4,1993961761,1300.828,,g01e4850,"4K, 60 Frames, 6K, Interview, Masturbation, Shaved Pussy, Small Tits, Solo"
wowgirls.22.08.13.amber.fuck.me.amber.1080p.mp4,1922467032,1259.079,,a6d9988c,"4K, 60 Frames, 6K, Fuck Me, Masturbation, Shaved Pussy, Small Tits, Solo"
ultrafilms.22.08.12.sofi.vega.latino.hotness.1080p.mp4,2473570623,1613.554,,xd9d008a,"6K, Brunette, Lingerie, Masturbation, Pantyhose, Shaved Pussy, Solo"
ultrafilms.22.08.09.astrid.and.evelin.elle.two.flowers.1080p.mp4,3484734356,2288.117,,b8cea975,"6K, Big Tits, Brunette, Kissing, Lesbian, Lingerie, Masturbation, POV, Pussy Licking, Shaved Pussy, Small Tits"
wowgirls.22.08.08.katty.west.dp.satisfaction.1080p.mp4,3941446392,2579.644,,i519c424,"4K, 60 Frames, 6K, Acoustic Intimacy, Anal, Blowjob, Brunette, Creampie, Cum In Mouth, Hardcore, MMF, Shaved Pussy, Small Tits, Threesome"
wowgirls.22.08.06.astrid.spring.desires.1080p.mp4,2344366232,1530.543,,fba99882,"4K, 60 Frames, 6K, Big Tits, Brunette, Lingerie, Masturbation, Outdoors, Shaved Pussy, Solo"
ultrafilms.22.08.05.sofilie.fall.into.passion.1080p.mp4,5001694583,3270.298,,hf1d8234,"6K, Blowjob, Hardcore, Pussy Licking, Redhead, Shaved Pussy"
wowgirls.22.08.03.elizabeth.t.and.ellie.luna.experiments.with.pink.1080p.mp4,2892102438,1890.94,,j2459f9e,"4K, 60 Frames, 69, 6K, Brunette, Lesbian, Masturbation, POV, Pussy Licking, Shaved Pussy"
ultrafilms.22.08.02.elizabeth.t.natural.hotness.1080p.mp4,2295317327,1496.247,,w5b512b2,"6K, Brunette, Masturbation, Outdoors, Shaved Pussy, Solo"
wowgirls.22.08.01.mila.azul.traveling.with.mila.1080p.mp4,2034262461,1324.7915,,ab0bf13a,"4K, 60 Frames, 6K, Big Tits, Lingerie, Masturbation, Shaved Pussy, Solo, Stockings"
wowgirls.22.07.30.isabella.de.laa.summer.fling.1080p.mp4,2981834077,1948.851,,vaba0736,"4K, 60 Frames, 69, 6K, Blowjob, Hairy Pussy, Handjob, Hardcore, Lingerie, Masturbation, POV, Pussy Licking, Stockings"
ultrafilms.22.07.29.leah.maus.and.nancy.a.focus.on.intense.orgasms.1080p.mp4,4090862135,2670.921,,x93a4576,"6K, Blonde, Dildo and Toys, Fetish, Kissing, Lesbian, Lingerie, Masturbation, Pussy Licking, Shaved Pussy, Small Tits"
ultrafilms.22.07.26.naomi.hill.fuck.me.naomi.hill.1080p.mp4,2522649094,1646.666,,h8a8ca2b,"6K, Brunette, Fuck Me, Lingerie, Outdoors, Shaved Pussy, Small Tits, Solo"
wowgirls.22.07.25.lottie.magne.testing.new.toy.1080p.mp4,2320673790,1519.374,,c7d9f823,"4K, 60 Frames, 6K, Dildo, Hairy Pussy, Masturbation, Redhead, Small Tits, Solo"
wowgirls.22.07.23.ivi.rein.and.elizabeth.t.charmed.fingers.1080p.mp4,4377331898,2871.937,,z8456657,"4K, 60 Frames, 6K, Blonde, Brunette, Lesbian, Masturbation, POV, Pussy Licking, Shaved Pussy, Small Tits"
ultrafilms.22.07.22.nelya.romantic.day.1080p.mp4,3215371137,2096.599,,ue8ee858,"Blowjob, Deepthroat, Hardcore, Kissing, Lingerie, Pussy Licking, Shaved Pussy, Small Tits, Stockings"
wowgirls.22.07.20.molly.devon.holy.molly.1080p.mp4,2671140667,1741.9609,,u2673277,"4K, 60 Frames, 6K, Blonde, Lingerie, Masturbation, Outdoors, Shaved Pussy, Solo"
ultrafilms.22.07.19.alissa.foxy.and.lily.bella.exciting.foreplay.1080p.mp4,3885423750,2534.644,,h26994a4,"6K, Brunette, Hairy Pussy, Kissing, Lesbian, Masturbation, Shaved Pussy"
wowgirls.22.07.18.debora.let.me.in.1080p.mp4,1581591616,1033.45,,eb409585,"4K, 60 Frames, 6K, Fuck Me, Shaved Pussy, Softcore, Solo, Stockings"
wowgirls.22.07.16.elizabeth.t.hot.girl.creampie.1080p.mp4,2708557385,1772.24,,je8c9bc0,"4K, 60 Frames, Blowjob, Creampie, Hardcore, Lingerie, Masturbation, POV, Pussy Licking, Shaved Pussy"
ultrafilms.22.07.15.elizabeth.t.endless.hotness.1080p.mp4,1786678649,1166.1996,,w5e335af,"6K, Lingerie, Masturbation, Shaved Pussy, Solo, Stockings"
wowgirls.22.07.13.freya.mayer.slip.on.freya.1080p.mp4,2431384339,1597.649,,fb422eb6,"4K, 60 Frames, 6K, Blonde, Masturbation, Oil and Cream, Shaved Pussy, Solo"
ultrafilms.22.07.11.astrid.and.freya.mayer.nude.seduction.1080p.mp4,3024735192,1972.21,,vda4057c,"69, 6K, Big Tits, Blonde, Brunette, Kissing, Lesbian, Masturbation, Pussy Licking, Shaved Pussy"
wowgirls.22.07.09.nancy.a.and.freya.mayer.delicious.girls.1080p.mp4,3838605906,2519.806,,hc96514f,"4K, 60 Frames, 69, 6K, Blonde, Lesbian, Masturbation, POV, Pussy Licking, Shaved Pussy"
ultrafilms.22.07.07.olivia.very.hot.moment.1080p.mp4,1435517370,939.084,,y76bdf43,"Masturbation, Shaved Pussy, Solo"
wowgirls.22.07.06.debora.hot.styles.1080p.mp4,1469045714,956.639,,c4f7237d,"4K, 60 Frames, Fashion Show, Lingerie, Shaved Pussy, Softcore, Solo"
ultrafilms.22.07.05.freya.mayer.pleasing.the.lucky.guy.1080p.mp4,4312570415,2820.876,,xd22b619,"6K, Blonde, Blowjob, Cum In Mouth, Deepthroat, Hardcore, Lingerie, Masturbation, Pussy Licking"
wowgirls.22.07.04.evelin.elle.delicious.wetness.1080p.mp4,4468818777,2918.0513,,g969b446,"4K, 60 Frames, 6K, Blowjob, Brunette, Cum In Mouth, Hardcore, Lingerie, Masturbation, POV, Pussy Licking, Shaved Pussy, Small Tits"
wowgirls.22.07.02.ivi.rein.and.astrid.instant.attraction.1080p.mp4,2973690708,1945.275,,zfe13542,"4K, 60 Frames, 6K, Big Tits, Blonde, Brunette, Lesbian, Masturbation, Pussy Licking, Shaved Pussy, Small Tits"
ultrafilms.22.07.01.evelin.elle.and.stacy.cruz.posing.makes.girls.horny.1080p.mp4,2983986537,1949.013,,z7c9022b,"6K, Big Tits, Brunette, Hairy Pussy, Kissing, Lesbian, Masturbation, Pussies Slip 'n' Slide, Pussy Licking, Sapphic First, Shaved Pussy, Small Tits"
ultrafilms.22.06.28.alissa.foxy.first.time.playing.b-ball.1080p.mp4,1807769124,,,,
wowgirls.22.06.27.serina.gomez.seductive.princess.1080p.mp4,3669237784,2398.691,,dfa64ccc,"4K, 60 Frames, 6K, Blowjob, Cum On Face, Hardcore, Masturbation, Pussy Licking, Shaved Pussy"
wowgirls.22.06.25.emily.mayers.dare.to.fuck.me.1080p.mp4,1823938697,1194.0391,,h4f9f8b6,"4K, 60 Frames, 6K, Masturbation, Shaved Pussy, Solo"
wowgirls.22.06.22.elizabeth.t.and.evelin.elle.sweet.treats.1080p.mp4,3803856111,2493.1265,,w4744cd6,"4K, 60 Frames, 69, 6K, Brunette, Lesbian, Lingerie, Masturbation, POV, Pussy Licking, Shaved Pussy, Small Tits"
ultrafilms.22.06.21.lottie.magne.and.sia.siberia.sudden.lust.1080p.mp4,2992551096,1966.103,,i87ecb31,"69, 6K, Bathroom, Big Tits, Hairy Pussy, Kissing, Lesbian, Masturbation, Pussy Licking, Redhead, Shaved Pussy, Small Tits"
wowgirls.22.06.18.agatha.vega.spanish.flame.1080p.mp4,2461481719,1611.256,,be37bce6,"4K, 60 Frames, 6K, Anal, Lingerie, Masturbation, Oil and Cream, Shaved Pussy, Solo"
ultrafilms.22.06.17.leah.maus.insatiable.wet.holes.1080p.mp4,3942403353,2573.096,,x0ce3b4f,"6K, Anal, Dildo and Toys, Masturbation, Shaved Pussy, Small Tits, Solo"
ultrafilms.22.06.14.holly.molly.morning.boners.1080p.mp4,4746023348,3113.4968,,x06d2707,"6K, Bathroom, Blowjob, Cum In Mouth, Handjob, Hardcore, Kissing, Lingerie, Masturbation, POV, Pussy Licking, Redhead, Shaved Pussy"
wowgirls.22.06.13.olivia.sparkle.scents.of.desire.1080p.mp4,3491860943,2280.617,,wd6312aa,"4K, 60 Frames, 6K, Blowjob, Hardcore, Masturbation, Shaved Pussy, Small Tits"
wowgirls.22.06.11.amber.amber.beauty.1080p.mp4,1942422420,1269.086,,ubb4b573,"4K, 60 Frames, Lingerie, Masturbation, Redhead, Shaved Pussy, Small Tits, Solo"
ultrafilms.22.06.10.olivia.interview.with.olivia.1080p.mp4,2364067526,1541.828,,v9aab39b,"Interview, Masturbation, Shaved Pussy, Solo"
wowgirls.22.06.08.freya.mayer.playful.confession.1080p.mp4,4118364852,2697.206,,wc3c2543,"4K, 60 Frames, 69, 6K, Blonde, Blowjob, Cum In Mouth, Hardcore, Masturbation, Pussy Licking, Shaved Pussy"
ultrafilms.22.06.07.sofilie.and.vilena.curious.newbies.1080p.mp4,2865098843,1869.787,,be3ceb3e,"Kissing, Lesbian, Lingerie, Masturbation, POV, Pussy Licking, Redhead, Rimming, Sapphic First, Shaved Pussy"
wowgirls.22.06.04.nancy.a.and.sia.siberia.lust.fingers.1080p.mp4,3255193820,2135.91,,u96711db,"4K, 60 Frames, 69, 6K, Bathroom, Big Tits, Blonde, Finger Licking, Lingerie, Masturbation, Pussy Licking, Shaved Pussy"
ultrafilms.22.06.03.lily.bella.immense.pleasure.1080p.mp4,3740783796,2448.892,,fe6a558c,"6K, Blowjob, Brunette, Creampie, Deepthroat, Hardcore, Kissing, Lingerie, Masturbation, Pussy Licking, Stockings"
ultrafilms.22.05.31.freya.mayer.favorite.summer.activities.1080p.mp4,2328534536,1516.657,,z97c72fc,"6K, Blonde, Masturbation, Oil and Cream, Outdoors, Pool, Solo"
wowgirls.22.05.30.dixie.brown.interview.with.dixie.brown.1080p.mp4,1709919198,1114.232,,g6e6ad6d,"4K, 60 Frames, 6K, Dildo, Interview, Masturbation, Shaved Pussy, Small Tits, Solo"
wowgirls.22.05.28.ellie.luna.fuck.me.ellie.luna.1080p.mp4,2521849694,1654.723,,vecaf4c6,"4K, 60 Frames, 6K, Fuck Me, Lingerie, Masturbation, Shaved Pussy, Solo"
ultrafilms.22.05.27.alecia.fox.and.alexis.crystal.vivid.emotions.1080p.mp4,3962286552,2585.263,,gdd50123,"Blowjob, Creampie, Dildo and Toys, FFM, Fetish, Hairy Pussy, Handjob, Hardcore, Masturbation, Pussy Licking, Shaved Pussy, Threesome"
wowgirls.22.05.25.sybil.training.gone.wild.1080p.mp4,3750354709,2466.539,,yfc921b5,"4K, 60 Frames, 69, 6K, Blowjob, Handjob, Hardcore, Outdoors, POV, Pussy Licking, Sport and Fitness"
ultrafilms.22.05.24.lottie.magne.girl.with.many.talents.1080p.mp4,2414083195,1572.084,,a1691400,"6K, Dildo and Toys, Hairy Pussy, Masturbation, Redhead, Small Tits, Solo"
wowgirls.22.05.23.hazel.interview.with.hazel.1080p.mp4,2910191762,1899.067,,a377a37e,"4K, 60 Frames, Interview, Masturbation, Shaved Pussy, Solo, Toys"
wowgirls.22.05.21.evelin.elle.and.astrid.red.for.arousal.1080p.mp4,3462430902,2263.016,,a6221702,"4K, 60 Frames, 6K, Big Tits, Brunette, Lesbian, Lingerie, Masturbation, Pussy Licking, Shaved Pussy, Small Tits, Stockings"
ultrafilms.22.05.20.alissa.foxy.and.kelly.collins.epitome.of.sensuality.1080p.mp4,4920056093,3214.663,,ueb68ebd,"69, 6K, Anal, Hairy Pussy, Kissing, Lesbian, Lingerie, Masturbation, Pussy Licking, Rimming"
ultrafilms.22.05.17.sofi.vega.something.new.1080p.mp4,2544221205,1662.339,,xb5f84d8,"6K, Brunette, Lingerie, Masturbation, Shaved Pussy, Solo"
wowgirls.22.05.14.evelin.elle.and.vanessa.alessia.shy.lickers.1080p.mp4,3965766869,2585.17,,d0fe65b8,"4K, 60 Frames, 6K, Brunette, Hairy Pussy, Lesbian, Lingerie, Masturbation, POV, Pussy Licking, Shaved Pussy, Small Tits"
ultrafilms.22.05.13.hayli.sanders.and.lexi.dona.instant.desire.1080p.mp4,2934779441,1918.131,,h9e43aa1,"Brunette, Kissing, Lesbian, Masturbation, Pussy Licking, Shaved Pussy"
wowgirls.22.05.11.elizabeth.t.girl.to.lust.after.1080p.mp4,2089828425,1363.3829,,uc1ef07b,"4K, 6K, Brunette, Masturbation, Outdoors, Shaved Pussy, Solo"
ultrafilms.22.05.10.elizabeth.t.luscious.gaze.1080p.mp4,2918172163,1915.391,,w28f882f,"Blowjob, Cum In Mouth, Cum On Face, Hardcore, Masturbation, Oil and Cream, POV, Shaved Pussy"
wowgirls.22.05.09.kate.rich.interview.with.kate.rich.1080p.mp4,1434790638,933.651,,zee81063,"4K, 60 Frames, Interview, Masturbation, Redhead, Shaved Pussy, Small Tits, Solo, Toys"
ultrafilms.22.05.07.sienna.kim.interview.with.sienna.kim.1080p.mp4,3830083723,2496.377,,x937aceb,"6K, Interview, Masturbation, Shaved Pussy, Solo"
wowgirls.22.05.07.nancy.a.and.ellie.luna.very.naughty.pussies.1080p.mp4,3910741635,2556.726,,je477c4a,"4K, 60 Frames, 6K, Blonde, Lesbian, Lingerie, Masturbation, Pantyhose, Pussy Licking, Shaved Pussy"
ultrafilms.22.05.03.kelly.collins.intimate.moment.1080p.mp4,2356044899,1535.559,,g446184e,"6K, Blonde, Lingerie, Masturbation, Solo"
wowgirls.22.05.02.elin.holm.well.paired.1080p.mp4,2682610375,1752.061,,u131cfeb,"4K, 60 Frames, Acoustic Intimacy, Blowjob, Creampie, Hardcore, Masturbation, Redhead, Shaved Pussy"
wowgirls.22.04.30.lily.bella.fuck.me.lily.bella.1080p.mp4,1730321606,1128.838,,g5972437,"4K, 60 Frames, 6K, Blonde, Fuck Me, Lingerie, Shaved Pussy, Softcore, Solo"
ultrafilms.22.04.29.evelin.elle.and.nancy.a.her.first.licking.1080p.mp4,3606158339,2364.164,,a1bd77fe,"69, 6K, Blonde, Brunette, Kissing, Lesbian, Lingerie, POV, Pussy Licking, Shaved Pussy, Small Tits"
wowgirls.22.04.27.freya.mayer.and.olivia.sparkle.licking.her.wetness.1080p.mp4,3687445029,2418.544,,g5ef2e9b,"4K, 60 Frames, 69, 6K, Blonde, Lesbian, Masturbation, POV, Pussy Licking, Shaved Pussy, Small Tits, Stockings"
ultrafilms.22.04.26.sia.siberia.hot.seduction.1080p.mp4,3344510344,2191.035,,d3c03bfa,"Big Tits, Blonde, Blowjob, Creampie, Deepthroat, Hardcore, Masturbation, Pussy Licking, Shaved Pussy"
wowgirls.22.04.23.isabella.de.laa.fuck.me.isabella.de.laa.1080p.mp4,2197759238,1441.077,,d87d7f33,"4K, 60 Frames, 6K, Fuck Me, Hairy Pussy, Lingerie, Masturbation, Pantyhose, Solo"
ultrafilms.22.04.22.freya.mayer.nude.fashionista.1080p.mp4,2451297022,1612.533,,x7f75116,"6K, Blonde, Masturbation, Solo"
wowgirls.22.04.18.sia.siberia.horny.eye.contact.1080p.mp4,2769200450,1808.045,,f9b4fbfe,"4K, 60 Frames, Big Tits, Blonde, Blowjob, Creampie, Hardcore, Lingerie, Masturbation, Oil and Cream, POV, Shaved Pussy"
wowgirls.22.04.16.nancy.a.and.jia.lissa.squeezing.out.all.the.juices.1080p.mp4,3122420843,2036.0651,,z24397a9,"4K, 60 Frames, 69, 6K, Acoustic Intimacy, Blonde, Fetish, Hairy Pussy, Lesbian, Masturbation, Pussy Licking, Redhead, Shaved Pussy, Toys"
ultrafilms.22.04.15.vanessa.angel.brunette.angel.1080p.mp4,2005697579,1314.481,,ydd0c091,"6K, Brunette, Masturbation, Shaved Pussy, Solo"
wowgirls.22.04.13.rebecca.volpetti.stunning.wildcat.1080p.mp4,2671716547,1752.061,,g059e024,"4K, 60 Frames, 6K, Blonde, Dildo, Lingerie, Masturbation, Shaved Pussy, Small Tits, Solo, Stockings"
ultrafilms.22.04.12.lika.star.and.sofi.smile.naughty.players.2.1080p.mp4,3586712505,2347.932,,f552ee99,"Blonde, Blowjob, Brunette, Cum On Face, FFM, Hardcore, Outdoors, POV, Pussy Licking, Shaved Pussy, Small Tits, Threesome"
wowgirls.22.04.11.amanda.dee.oriental.beauty.1080p.mp4,1580716453,1030.385,,j7c267be,"4K, 60 Frames, Brunette, Masturbation, Shaved Pussy, Small Tits, Solo"
wowgirls.22.04.09.elizabeth.t.badass.fuck.1080p.mp4,2803442580,1828.409,,yc895db1,"4K, 60 Frames, 6K, Blowjob, Brunette, Creampie, Hardcore, Masturbation, Outdoors, Pussy Licking, Shaved Pussy"
ultrafilms.22.04.08.astrid.incredible.charm.1080p.mp4,1392546482,908.643,,e1751d6f,"Big Tits, Brunette, Lingerie, Masturbation, Shaved Pussy, Solo"
ultrafilms.22.04.05.kate.quinn.naughty.files.1080p.mp4,2110029295,1380.171,,h3996be8,"6K, Masturbation, Shaved Pussy, Small Tits, Solo"
wowgirls.22.04.04.sherice.interview.with.sherice.1080p.mp4,2849357667,1857.503,,zf1984c3,"4K, 60 Frames, 6K, Acoustic Intimacy, Interview, Masturbation, Redhead, Shaved Pussy, Small Tits, Solo, Stockings"
wowgirls.22.04.02.elizabeth.t.too.playful.girl.1080p.mp4,1357144922,884.982,,g102e0ca,"4K, 60 Frames, 6K, Masturbation, Outdoors, Shaved Pussy, Solo, Stockings"
ultrafilms.22.04.01.hayli.sanders.and.nancy.a.flawless.hotties.1080p.mp4,3259189218,2132.567,,hb77c6bc,"69, 6K, Blonde, Brunette, Kissing, Lesbian, Masturbation, POV, Pussy Licking, Rimming, Shaved Pussy"
wowgirls.22.03.30.sia.siberia.and.isabella.de.laa.easygoing.girls.1080p.mp4,3221892058,2109.393,,g24b0025,"4K, 60 Frames, 69, 6K, Big Tits, Dildo, Hairy Pussy, Lesbian, Lingerie, Masturbation, Pussy Licking, Shaved Pussy"
ultrafilms.22.03.29.lexi.dona.butt.fuck.lover.1080p.mp4,3359390376,2190.71,,ca324c2c,"Anal, Blowjob, Brunette, Cum In Mouth, Hardcore, Kissing, Masturbation, POV, Pussy Licking, Shaved Pussy"
wowgirls.22.03.28.bonny.s.interview.with.bonny.s.1080p.mp4,1985328474,1291.424,,d535ddec,"4K, 60 Frames, Interview, Lingerie, Masturbation, Shaved Pussy, Small Tits, Solo"
wowgirls.22.03.26.lily.bella.extremely.horny.1080p.mp4,1761075734,1148.296,,y40d0078,"4K, 60 Frames, 6K, Blonde, Masturbation, Shaved Pussy, Solo"
ultrafilms.22.03.25.adelle.unicorn.dripping.wet.1080p.mp4,1607698000,1049.008,,ge57fa6e,"Brunette, Dildo and Toys, Masturbation, Shaved Pussy, Solo"
ultrafilms.22.03.22.alissa.foxy.and.sia.siberia.naughty.role.1080p.mp4,4390771773,2863.067,,h04da69e,"69, 6K, Big Tits, Blonde, Brunette, Fetish, Hairy Pussy, Kissing, Lesbian, Masturbation, Pussy Licking, Shaved Pussy"
wowgirls.22.03.21.stacy.cruz.discovering.new.passion.1080p.mp4,3900168255,2544.303,,j03309b7,"4K, 60 Frames, 6K, Acoustic Intimacy, Big Tits, Blowjob, Cum On Face, Deepthroat, Hardcore, MMF, Masturbation, Outdoors, Pussy Licking, Threesome"
wowgirls.22.03.19.alecia.fox.interview.with.alecia.fox.1080p.mp4,2693551243,1756.4731,,j0805f91,"4K, 60 Frames, Blonde, Dildo, Interview, Masturbation, Small Tits, Solo"
ultrafilms.22.03.18.freya.mayer.hottest.seducer.1080p.mp4,3148717186,2053.99,,wcff6070,"6K, Blonde, Blowjob, Hardcore, Kissing, Masturbation, Pussy Licking"
wowgirls.22.03.16.nancy.a.and.sherice.sherice.coming.out.1080p.mp4,4549158533,2967.301,,j7ab4008,"4K, 60 Frames, Blonde, Lesbian, Lingerie, Masturbation, POV, Pussy Licking, Redhead, Shaved Pussy, Small Tits"
ultrafilms.22.03.15.leila.fiore.interview.with.leila.fiore.1080p.mp4,1638373269,1067.235,,c9aadf27,"6K, Big Tits, Blonde, Interview, Masturbation, Shaved Pussy, Solo"
wowgirls.22.03.14.leanne.lace.my.daily.morning.ritual.1080p.mp4,1932645334,1258.707,,a5666774,"4K, 60 Frames, 6K, Acoustic Intimacy, Brunette, Dildo, Lingerie, Masturbation, Solo, Stockings"
wowgirls.22.03.12.serina.gomez.increased.arousal.1080p.mp4,3673560255,2399.805,,ye79c2c7,"4K, 60 Frames, 69, 6K, Blowjob, Cum On Face, Handjob, Hardcore, Masturbation, Pussy Licking, Shaved Pussy"
ultrafilms.22.03.11.sherice.authors.evening.1080p.mp4,1938780693,1264.233,,a40e439f,"6K, Hairy Pussy, Masturbation, Pantyhose, Redhead, Small Tits, Solo"
ultrafilms.22.03.08.serina.gomez.horny.alone.1080p.mp4,2145327346,1402.276,,u4a83726,"6K, Masturbation, Shaved Pussy, Solo"
wowgirls.22.03.07.amanda.dee.interview.with.amanda.dee.1080p.mp4,3695624923,2407.027,,cb1ed1cd,"4K, 60 Frames, Brunette, Interview, Masturbation, Shaved Pussy, Small Tits, Solo"
wowgirls.22.03.05.alissa.foxy.perfect.cut.1080p.mp4,1452516389,947.769,,hccaff8b,"4K, 60 Frames, 6K, Acoustic Intimacy, Bathroom, Hairy Pussy, Shaving, Softcore, Solo"
wowgirls.22.03.02.freya.mayer.and.ariela.donovan.love.session.1080p.mp4,4397398367,2868.502,,jb3e2b46,"4K, 60 Frames, 6K, Blonde, Lesbian, Lingerie, Pussy Licking, Shaved Pussy"
ultrafilms.22.03.01.elizabeth.t.lusty.mood.1080p.mp4,2174591509,1416.997,,xd804014,"6K, Masturbation, Outdoors, Shaved Pussy, Solo, Sport and Fitness"
wowgirls.22.02.26.freya.mayer.night.alone.1080p.mp4,2309684179,1508.089,,f6a7e68a,"4K, 60 Frames, 6K, Acoustic Intimacy, Bathroom, Blonde, Dildo, Hairy Pussy, Masturbation, Solo"
ultrafilms.22.02.25.vanessa.angel.buttered.1080p.mp4,2351616580,1537.277,,w023baf9,"6K, Brunette, Lingerie, Masturbation, Oil and Cream, Shaved Pussy, Solo"
wowgirls.22.02.23.emily.mayers.the.spark.of.desire.1080p.mp4,5077199014,3315.066,,cbf26812,"4K, 60 Frames, 6K, Blowjob, Handjob, Hardcore, Masturbation, POV, Pussy Licking, Shaved Pussy"
ultrafilms.22.02.22.astrid.interview.with.astrid.1080p.mp4,1662750097,1081.516,,gc93c464,"Big Tits, Brunette, Interview, Masturbation, Shaved Pussy, Solo"
wowgirls.22.02.21.adel.morel.and.alice.shea.delicious.pussies.1080p.mp4,3284986504,2144.014,,x98af08f,"4K, 60 Frames, Acoustic Intimacy, Lesbian, Lingerie, Masturbation, Pussy Licking, Shaved Pussy, Small Tits"
ultrafilms.22.02.20.elizabeth.t.lusty.workout.1080p.mp4,2423820512,1583.833,,v953915f,"Blowjob, Cum On Face, Hardcore, POV, Shaved Pussy, Sport and Fitness"
wowgirls.22.02.19.evelin.elle.feeling.the.orgasm.1080p.mp4,2542248289,1657.069,,e562e19c,"4K, 60 Frames, Brunette, Lingerie, Masturbation, Shaved Pussy, Small Tits, Solo"
ultrafilms.22.02.15.sia.siberia.and.sybil.their.first.date.1080p.mp4,3667228418,2392.468,,x0268370,"6K, Big Tits, Kissing, Lesbian, Masturbation, Outdoors, Pussy Licking, Shaved Pussy"
wowgirls.22.02.14.sofi.smile.seeking.intense.orgasms.1080p.mp4,3398817751,2216.925,,i5f53a70,"4K, 60 Frames, Acoustic Intimacy, Blowjob, Handjob, Hardcore, MMF, Masturbation, Outdoors, Shaved Pussy, Small Tits, Threesome"
wowgirls.22.02.12.rebecca.volpetti.freya.mayer.and.kate.quinn.the.scent.of.lust.1080p.mp4,3252069429,2124.602,,f6afd091,"4K, 60 Frames, 69, 6K, Blonde, FFF+, Lesbian, Masturbation, Pussy Licking, Rimming, Shaved Pussy, Small Tits, Threesome"
ultrafilms.22.02.11.anna.di.interview.with.anna.di.1080p.mp4,2215845731,1445.8829,,c6b48073,"Blonde, Dildo and Toys, Interview, Masturbation, Shaved Pussy, Small Tits, Solo, Stockings"
wowgirls.22.02.09.alissa.foxy.candy.girl.1080p.mp4,2479949527,1616.271,,e90c3f26,"4K, 60 Frames, 6K, Hairy Pussy, Masturbation, Outdoors, Solo"
ultrafilms.22.02.08.olivia.closer.look.1080p.mp4,1901594116,1239.8065,,w0e56786,"Lingerie, Masturbation, Shaved Pussy, Solo"
wowgirls.22.02.07.debora.interview.with.debora.1080p.mp4,1973427211,1287.059,,g5b3f6bb,"4K, 60 Frames, Interview, Shaved Pussy, Softcore, Solo, Stockings"
ultrafilms.22.02.06.alecia.fox.tied.up.to.be.pleasured.1080p.mp4,3981395425,2598.034,,y409018c,"Blonde, Blowjob, Dildo and Toys, Fetish, Hardcore, Lingerie, Masturbation, Small Tits"
wowgirls.22.02.05.dixie.brown.slutty.dreams.come.true.1080p.mp4,4488669882,2928.849,,vc184e52,"4K, 60 Frames, 6K, Blowjob, Cum In Mouth, Cum On Face, Handjob, Hardcore, Lingerie, MMF, Masturbation, Pussy Licking, Shaved Pussy, Small Tits, Threesome"
wowgirls.22.02.02.lottie.magne.fantasies.of.japan.1080p.mp4,2723772231,1776.257,,y127006f,"4K, 60 Frames, 6K, Dildo, Hairy Pussy, Masturbation, Redhead, Small Tits, Solo"
wowgirls.22.01.31.eva.elfie.and.kate.rich.double.flame.1080p.mp4,3561463277,2320.881,,x41e9c4b,"4K, 60 Frames, Big Tits, Blonde, Blowjob, Cum On Face, FFM, Hardcore, POV, Pussy Licking, Redhead, Shaved Pussy, Small Tits, Threesome"
ultrafilms.22.01.30.alecia.fox.and.nancy.a.pleasing.her.majesty.1080p.mp4,3382825761,2208.264,,j38eded6,"Anal, Blonde, Dildo and Toys, Lesbian, Masturbation, Oil and Cream, Pussy Licking, Shaved Pussy"
wowgirls.22.01.29.nancy.a.and.isabella.de.laa.flame.of.lust.1080p.mp4,3640018107,2371.105,,wbe6a9fe,"4K, 60 Frames, 69, 6K, Blonde, Hairy Pussy, Lesbian, Lingerie, Masturbation, Pussy Licking, Shaved Pussy"
ultrafilms.22.01.28.melena.maria.interview.with.melena.maria.1080p.mp4,2106870157,1373.46,,e36c2208,"6K, Dildo and Toys, Interview, Lingerie, Masturbation, Shaved Pussy, Small Tits, Solo"
wowgirls.22.01.26.alissa.foxy.eternal.desire.1080p.mp4,2627257861,1715.235,,d511222f,"4K, 60 Frames, 6K, Armpit Licking, Hairy Pussy, Oil and Cream, RGB Light, Softcore, Solo"
ultrafilms.22.01.25.milena.ray.in.love.with.hardcore.1080p.mp4,4093430808,2671.479,,g0bf191a,"69, 6K, Blowjob, Brunette, Creampie, Cum On Face, Finger Licking, Hardcore, Lingerie, Masturbation, Pussy Licking, Shaved Pussy, Squirt"
wowgirls.22.01.24.mila.azul.interview.with.mila.azul.1080p.mp4,1481745697,965.857,,b6a15809,"4K, 60 Frames, Big Tits, Interview, Masturbation, Shaved Pussy, Solo"
ultrafilms.22.01.23.astrid.juicy.lady.1080p.mp4,1853816155,1212.081,,z2806dee,"Big Tits, Brunette, Masturbation, Shaved Pussy, Solo"
wowgirls.22.01.22.freya.mayer.and.ariela.donovan.naughty.blondes.1080p.mp4,4580485087,2988.617,,j339bdf5,"4K, 60 Frames, 69, 6K, Blonde, Finger Licking, Lesbian, Masturbation, POV, Pussy Licking, Shaved Pussy"
ultrafilms.22.01.21.hayli.sanders.and.nancy.a.playful.friendship.1080p.mp4,3107211160,2026.452,,hf9593b9,"6K, Blonde, Brunette, Kissing, Lesbian, Masturbation, Outdoors, Pussies Slip 'n' Slide, Pussy Licking, Shaved Pussy"
wowgirls.22.01.19.lottie.magne.lusty.redhead.1080p.mp4,2995782332,1957.279,,d194ea01,"4K, 60 Frames, 6K, Blowjob, Hairy Pussy, Hardcore, Pussy Licking, Redhead, Small Tits"
ultrafilms.22.01.18.elizabeth.t.vivid.girl.1080p.mp4,1968306557,1283.459,,bcab5e3a,"6K, Lingerie, Masturbation, Shaved Pussy, Solo, Stockings"
wowgirls.22.01.17.alice.shea.interview.with.alice.shea.1080p.mp4,2260867057,1474.676,,ue17a932,"4K, 60 Frames, Interview, Masturbation, Shaved Pussy, Small Tits, Solo, Toys"
wowgirls.22.01.15.nancy.a.and.alissa.foxy.living.the.dream.1080p.mp4,5043948606,3291.266,,eed6b25b,"4K, 60 Frames, 69, 6K, Acoustic Intimacy, Hairy Pussy, Lesbian, Lingerie, Masturbation, Pussy Licking, Shaved Pussy"
ultrafilms.22.01.14.leah.maus.interview.with.leah.maus.1080p.mp4,3643403514,2375.285,,g4114148,"6K, Interview, Masturbation, Outdoors, Shaved Pussy, Small Tits, Solo"
wowgirls.22.01.13.kate.quinn.closer.to.kate.1080p.mp4,2363255607,1540.853,,za34ff74,"4K, 60 Frames, 6K, Lingerie, Masturbation, Pantyhose, Shaved Pussy, Small Tits, Solo"
ultrafilms.22.01.11.freya.mayer.will.seduce.any.1080p.mp4,3897208239,2541.911,,w10a9289,"69, 6K, Blonde, Blowjob, Cum In Mouth, Handjob, Hardcore, Kissing, Pussy Licking, Shaved Pussy"
wowgirls.22.01.10.leah.maus.and.molly.brown.first.time.anal.1080p.mp4,3950715841,2578.297,,c297fc54,"4K, 60 Frames, 6K, Acoustic Intimacy, Anal, Brunette, FFM, Handjob, Hardcore, Masturbation, Shaved Pussy, Small Tits, Threesome, Toys"
ultrafilms.22.01.09.hayli.sanders.interview.with.hayli.sanders.1080p.mp4,2048590867,1335.472,,h0983ef6,"Brunette, Interview, Shaved Pussy, Solo"
wowgirls.22.01.08.freya.mayer.fan.date.1080p.mp4,5132293409,3351.545,,z8005c06,"4K, 60 Frames, 6K, Blonde, Blowjob, Cum In Mouth, Hardcore, Lingerie, Masturbation, POV, Pussy Licking"
wowgirls.22.01.05.elizabeth.t.the.stunning.wildness.1080p.mp4,2308188558,1503.77,,e32faff2,"4K, 60 Frames, 6K, Brunette, Fuck Me, Lingerie, Masturbation, Outdoors, Shaved Pussy, Solo"
ultrafilms.22.01.04.vanessa.angel.hotter.than.blonde.1080p.mp4,1553072335,1016.128,,yba86306,"6K, Brunette, Lingerie, Masturbation, Shaved Pussy, Solo"
wowgirls.22.01.03.bonny.s.stunning.brunette.1080p.mp4,2007643477,1307.631,,z6ffcf3c,"4K, 60 Frames, Bathroom, Lingerie, Masturbation, Shaved Pussy, Small Tits, Solo"
ultrafilms.22.01.02.sia.siberia.pussy.envy.1080p.mp4,4401438741,2872.192,,v8088e6e,"6K, Anal, Big Tits, Blonde, Blowjob, Creampie, Hardcore, Kissing, Masturbation, Pussy Licking, Shaved Pussy"
wowgirls.22.01.01.emily.mayers.and.agatha.vega.blazing.hot.1080p.mp4,3622129053,2373.4739,,w5284d99,"4K, 60 Frames, 69, 6K, Anal, Lesbian, Masturbation, POV, Pussy Licking, Rimming, Shaved Pussy"
ultrafilms.21.12.30.elin.holm.redheads.are.the.naughtiest.1080p.mp4,3414440649,2228.651,,zaf5dbea,"Anal, Blowjob, Cum In Mouth, Handjob, Hardcore, Kissing, Masturbation, POV, Redhead, Rimming, Shaved Pussy"
wowgirls.21.12.29.vanessa.taste.of.fresh.pussy.juice.1080p.mp4,2620498493,1711.032,,yb88d234,"4K, 60 Frames, Masturbation, Pussy Licking, Shaved Pussy, Small Tits"
wowgirls.21.12.27.nancy.a.hazel.and.anna.di.explosive.threesome.1080p.mp4,2595893040,1693.826,,b8004812,"4K, 60 Frames, Acoustic Intimacy, Blonde, FFF+, Lesbian, Lingerie, Masturbation, Pussy Licking, Shaved Pussy, Small Tits, Threesome"
ultrafilms.21.12.25.nancy.a.and.sherice.after.college.1080p.mp4,4304033579,2806.642,,b98671ae,"69, 6K, Blonde, Kissing, Lesbian, Masturbation, POV, Pussy Licking, Redhead, Shaved Pussy, Small Tits"
wowgirls.21.12.25.kinsley.white.spring.wetness.1080p.mp4,2078116379,1355.232,,u6883380,"4K, Brunette, Masturbation, Shaved Pussy, Solo"
ultrafilms.21.12.23.lena.reif.pure.lust.1080p.mp4,3278529977,2137.907,,d3f9de7e,"Blowjob, Cum On Face, Dildo and Toys, Handjob, Hardcore, Kissing, Lingerie, Masturbation, Pussy Licking, Shaved Pussy"
wowgirls.21.12.22.elizabeth.t.isabella.de.laa.freya.mayer.and.alissa.foxy.awe.and.joy.1080p.mp4,4079277830,2659.126,,a412fb02,"4K, 60 Frames, 69, 6K, Acoustic Intimacy, Blonde, Brunette, FFF+, Group, Hairy Pussy, Lesbian, Masturbation, Outdoors, Pussy Licking, Shaved Pussy"
wowgirls.21.12.21.nikki.hill.naughty.student.1080p.mp4,1989899030,1297.4609,,x1121d13,"4K, 60 Frames, Acoustic Intimacy, Anal, Blonde, Lingerie, Masturbation, Shaved Pussy, Small Tits, Solo"
ultrafilms.21.12.19.elizabeth.t.naughty.siesta.1080p.mp4,2632352484,1716.535,,vc47df50,"6K, Dildo and Toys, Masturbation, Oil and Cream, Outdoors, Shaved Pussy, Solo, Sport and Fitness"
wowgirls.21.12.18.freya.mayer.morning.shower.1080p.mp4,2282031248,1488.097,,a5a6e0bd,"4K, 60 Frames, 6K, Bathroom, Blonde, Oil and Cream, Shaved Pussy, Softcore, Solo"
ultrafilms.21.12.17.sasha.sparrow.likes.it.harder.1080p.mp4,3342584245,2181.166,,w511e783,"6K, Anal, Blowjob, Brunette, Deepthroat, Handjob, Hardcore, Masturbation, Outdoors, Shaved Pussy, Small Tits"
wowgirls.21.12.13.eva.elfie.extraordinarily.hot.1080p.mp4,4016017307,2619.721,,fbc49455,"4K, 60 Frames, 6K, Big Tits, Blonde, Blowjob, Hardcore, POV, Shaved Pussy"
ultrafilms.21.12.12.kate.quinn.the.art.of.seduction.1080p.mp4,3049496615,1992.62,,i1d13a15,"6K, Blowjob, Hardcore, Kissing, Masturbation, Pussy Licking, Shaved Pussy, Small Tits"
wowgirls.21.12.11.hayli.sanders.and.lily.bella.hottie.hunter.1080p.mp4,3271443625,2133.89,,dc866f20,"4K, 60 Frames, 69, 6K, Acoustic Intimacy, Blonde, Brunette, Lesbian, Masturbation, Pussy Licking, Shaved Pussy"
ultrafilms.21.12.10.jenny.wild.engaging.session.1080p.mp4,954274908,622.945,,i7f80543,"6K, Blonde, Lingerie, Shaved Pussy, Small Tits, Solo"
wowgirls.21.12.08.savana.fuck.me.savana.1080p.mp4,542225682,823.89056,,fdc49e60,"4K, 60 Frames, Big Tits, Brunette, Dildo, Hairy Pussy, Softcore, Solo"
wowgirls.21.12.06.kinsley.white.interview.with.kinsley.white.1080p.mp4,2359942038,1537.625,,u769a24f,"4K, 60 Frames, Brunette, Interview, Masturbation, Shaved Pussy, Solo"
ultrafilms.21.12.05.alissa.foxy.and.freya.mayer.the.ultimate.treat.1080p.mp4,3549962147,2316.283,,u55ea277,"6K, Blonde, Brunette, Hairy Pussy, Kissing, Lesbian, Masturbation, Pantyhose, Pussy Licking"
wowgirls.21.12.04.agatha.vega.a.femme.fatale.1080p.mp4,5843809107,3809.91,,i86d667b,"4K, 60 Frames, 6K, Blowjob, Cum In Mouth, Deepthroat, Hardcore, Lingerie, Masturbation, Oil and Cream, POV, Pussy Licking, Shaved Pussy"
ultrafilms.21.12.03.molly.brown.incredible.passion.1080p.mp4,3021707425,1970.7,,i4b3cfff,"6K, Blowjob, Brunette, Finger Licking, Hardcore, Pussy Licking, Shaved Pussy, Small Tits"
ultrafilms.21.12.01.anie.darling.and.nancy.a.lusty.bondage.1080p.mp4,3123400594,2039.408,,zb0418bc,"69, Blonde, Brunette, Fetish, Lesbian, Lingerie, Masturbation, Pussy Licking, Shaved Pussy"
wowgirls.21.11.30.mila.azul.intimate.sensuality.1080p.mp4,1748119870,1139.774,,c7c84f7c,"4K, 60 Frames, Big Tits, Masturbation, Shaved Pussy, Solo"
ultrafilms.21.11.27.freya.mayer.summer.fling.1080p.mp4,4626033349,3019.7551,,x5d48610,"6K, Blonde, Blowjob, Handjob, Hardcore, Kissing, Outdoors, POV, Pussy Licking"
wowgirls.21.11.26.sia.siberia.and.sonya.blaze.blazing.hotness.1080p.mp4,3673253226,2397.483,,w49b2b32,"4K, 60 Frames, 69, 6K, Acoustic Intimacy, Big Tits, Blonde, Lesbian, Lingerie, Masturbation, POV, Pussy Licking, Shaved Pussy"
ultrafilms.21.11.24.alecia.fox.lusty.high.1080p.mp4,1588350470,1036.701,,dbc301b0,"Blonde, Dildo and Toys, Hairy Pussy, Masturbation, Small Tits, Solo"
wowgirls.21.11.23.nancy.a.and.jia.lissa.stunning.date.1080p.mp4,2676998516,1746.233,,a6bd53a2,"4K, 60 Frames, Blonde, Dildo, Hairy Pussy, Lesbian, Masturbation, Pussy Licking, Redhead, Shaved Pussy, Small Tits, Toys"
wowgirls.21.11.21.savana.bonboniera.1080p.mp4,1486792298,970.037,,hbe8d76f,"4K, 60 Frames, Big Tits, Brunette, Hairy Pussy, Lingerie, Masturbation, Solo"
wowgirls.21.11.19.sia.siberia.and.lottie.magne.naughty.lesbians.1080p.mp4,3212911117,2098.55,,x3661570,"4K, 60 Frames, 69, 6K, Big Tits, Blonde, Dildo, Hairy Pussy, Lesbian, Masturbation, Pussy Licking, Redhead, Rimming, Shaved Pussy, Small Tits"
ultrafilms.21.11.17.alexis.crystal.and.hayli.sanders.squeezing.out.all.the.juices.of.lust.1080p.mp4,3374268947,2200.857,,g0b31ef2,"Brunette, Fetish, Lesbian, Lingerie, Masturbation, Pussy Licking, Shaved Pussy, Stockings"
wowgirls.21.11.16.dixie.brown.your.cock.is.big.and.hard.1080p.mp4,3398286839,2216.135,,v730f0ed,"4K, 60 Frames, 6K, Blowjob, Cum In Mouth, Hardcore, Masturbation, Shaved Pussy, Small Tits, Stockings"
wowgirls.21.11.14.lena.reif.tying.lena.1080p.mp4,3481534147,2271.445,,caba0de4,"4K, 60 Frames, Acoustic Intimacy, Blowjob, Cum In Mouth, Cum On Face, Fetish, Footjob, Handjob, Hardcore, Masturbation, Shaved Pussy, Toys"
ultrafilms.21.11.13.lottie.magne.secret.date.1080p.mp4,3455806322,2254.1929,,ud01f777,"6K, Blowjob, Hairy Pussy, Hardcore, Kissing, Lingerie, Masturbation, Outdoors, POV, Pussy Licking, Redhead, Small Tits"
wowgirls.21.11.12.nancy.a.and.lottie.magne.gentle.shade.1080p.mp4,3545790238,2310.78,,ja6b42b6,"4K, 60 Frames, 6K, Blonde, Hairy Pussy, Lesbian, Lingerie, Masturbation, Pussy Licking, Redhead, Shaved Pussy, Small Tits"
ultrafilms.21.11.10.sienna.kim.playful.pillow.1080p.mp4,1711621392,1116.578,,ae074c5f,"6K, Shaved Pussy, Solo"
wowgirls.21.11.09.stefanie.moon.anna.di.and.jia.lissa.two.naughty.one.shy.1080p.mp4,2316340387,1509.738,,bc452a4a,"4K, 60 Frames, Blonde, FFF+, Finger Licking, Hairy Pussy, Lesbian, Masturbation, Pussy Licking, Shaved Pussy, Small Tits, Threesome"
ultrafilms.21.11.06.freya.mayer.and.nancy.a.blonde.pheromones.1080p.mp4,3886580519,2534.829,,d00f5f14,"6K, Blonde, Kissing, Lesbian, Lingerie, Masturbation, Pussy Licking, Shaved Pussy"
wowgirls.21.11.05.rebecca.volpetti.and.serina.gomez.endless.desire.1080p.mp4,3051965996,1992.179,,daf12761,"4K, 60 Frames, 69, 6K, Lesbian, Lingerie, Masturbation, Pussy Licking, Rimming, Shaved Pussy, Small Tits"
ultrafilms.21.11.03.anie.darling.ven.hings.ut.1080p.mp4,2876036545,1877.217,,x8d8579e,"6K, Blowjob, Brunette, Cum In Mouth, Cum On Face, Hardcore, Pussy Licking, Rimming, Shaved Pussy"
wowgirls.21.11.02.elin.holm.and.kate.rich.tender.femme.anal.1080p.mp4,2387295596,1555.667,,c1c15dfd,"4K, 60 Frames, Acoustic Intimacy, Anal, Lesbian, Masturbation, Pussy Licking, Redhead, Shaved Pussy, Small Tits"
ultrafilms.21.10.30.hayli.sanders.and.nancy.a.naughty.players.1080p.mp4,2771666371,1806.489,,ee176fbf,"69, 6K, Blonde, Brunette, Kissing, Lesbian, Masturbation, POV, Pussy Licking, Shaved Pussy"
wowgirls.21.10.29.mila.azul.lustful.corner.1080p.mp4,2030055426,1322.1221,,bbd1300f,"4K, 60 Frames, 6K, Big Tits, Masturbation, Shaved Pussy, Solo"
ultrafilms.21.10.27.leah.maus.and.nancy.a.sucking.in.with.great.desire.1080p.mp4,3482439538,2270.354,,x099ea85,"6K, Anal, Dildo and Toys, Kissing, Lesbian, Masturbation, Shaved Pussy, Small Tits"
wowgirls.21.10.26.sia.siberia.toy.or.boy.1080p.mp4,2538843515,1656.674,,fbb7f6ed,"4K, 60 Frames, Big Tits, Blonde, Blowjob, Cum On Face, Deepthroat, Dildo, Hardcore, Shaved Pussy"
wowgirls.21.10.24.sonya.blaze.stunning.eye.1080p.mp4,2487611102,1621.728,,c8f843db,"4K, 60 Frames, 6K, Dildo, Masturbation, Oil and Cream, Outdoors, Shaved Pussy, Solo"
ultrafilms.21.10.23.vanessa.angel.hot.session.1080p.mp4,2148654067,1404.946,,e549e584,"6K, Brunette, Masturbation, Shaved Pussy, Solo"
wowgirls.21.10.22.ivi.rein.raw.lust.1080p.mp4,3276980722,2136.119,,w4deea14,"4K, 60 Frames, 6K, Blonde, Blowjob, Deepthroat, Handjob, Hardcore, Lingerie, Masturbation, Pussy Licking, Shaved Pussy, Small Tits"
ultrafilms.21.10.20.sybil.flames.of.passion.1080p.mp4,2898190713,1891.4039,,b1edb32a,"Big Tits, Blowjob, Dildo and Toys, Fetish, Hairy Pussy, Hardcore, Kissing, Masturbation"
wowgirls.21.10.19.kinsley.white.dive.into.my.pussy.1080p.mp4,1763714283,1150.247,,bc8a8a4e,"4K, 60 Frames, Brunette, Lingerie, Masturbation, Shaved Pussy, Solo"
wowgirls.21.10.17.nancy.a.sybil.and.eva.elfie.oral.caresses.of.beauties.1080p.mp4,3068652278,2001.537,,wdb9946b,"4K, 60 Frames, 69, Acoustic Intimacy, Big Tits, Blonde, FFF+, Fetish, Lesbian, Masturbation, Pussy Licking, Shaved Pussy, Threesome"
wowgirls.21.10.16.lottie.magne.and.alissa.foxy.lost.and.found.1080p.mp4,4651443145,3032.479,,gbc0c29d,"4K, 60 Frames, 6K, Hairy Pussy, Lesbian, Masturbation, POV, Redhead, Small Tits, Toys"
ultrafilms.21.10.16.elizabeth.t.and.sia.siberia.first.time.with.a.girl.1080p.mp4,3836017636,2518.599,,u4366fb5,"6K, Big Tits, Brunette, Kissing, Lesbian, Lingerie, Masturbation, Pussies Slip 'n' Slide, Pussy Licking, Sapphic First, Shaved Pussy"
ultrafilms.21.10.13.leona.mia.every.inch.is.beautiful.1080p.mp4,1568357215,1023.442,,b70fd1e6,"6K, Brunette, Dance, Lingerie, Shaved Pussy, Solo"
wowgirls.21.10.12.gina.gerson.queen.of.dp.1080p.mp4,1635477277,2490.665,,ub9d9c95,"4K, Acoustic Intimacy, Anal, Blowjob, Cum In Mouth, Cum On Face, Handjob, Hardcore, Lingerie, MMF, Pussy Licking, Shaved Pussy, Small Tits, Threesome"
ultrafilms.21.10.09.kate.quinn.naughty.photographer.1080p.mp4,3175837093,2072.636,,f00f924f,"6K, Blowjob, Cum In Mouth, Hardcore, Kissing, Masturbation, Pussy Licking, Shaved Pussy, Small Tits, Stockings"
wowgirls.21.10.08.emily.mayers.and.agatha.vega.redhead.ecstasy.1080p.mp4,3354372885,2199.6497,,yb9d71b2,"4K, 60 Frames, 69, 6K, Lesbian, Masturbation, POV, Pussy Licking, Shaved Pussy"
ultrafilms.21.10.06.nancy.a.and.sybil.hot.and.tender.1080p.mp4,4436830815,2892.858,,h56607d9,"Anal, Blonde, Dildo and Toys, Hairy Pussy, Kissing, Lesbian, Masturbation, Pantyhose, Pussy Licking"
wowgirls.21.10.05.leona.mia.stunning.yoga.1080p.mp4,1239122261,807.52,,u5e08759,"4K, 60 Frames, 6K, Brunette, Shaved Pussy, Softcore, Solo, Sport and Fitness"
ultrafilms.21.10.02.elizabeth.t.hot.for.you.1080p.mp4,2178303190,1421.7109,,w56e46ad,"6K, Masturbation, Shaved Pussy, Solo, Stockings"
wowgirls.21.10.01.elizabeth.t.hot.dream.come.true.1080p.mp4,3695223644,2409.8599,,bbf31fbe,"4K, 60 Frames, 6K, Blowjob, Brunette, Cum In Mouth, Handjob, Hardcore, Masturbation, Outdoors, POV, Pussy Licking, Shaved Pussy"
ultrafilms.21.09.29.hazel.crush.for.anal.1080p.mp4,3993899837,2610.48,,jaaad4e3,"69, 6K, Anal, Blowjob, Hardcore, Masturbation, Pussy Licking, Shaved Pussy"
wowgirls.21.09.28.nancy.a.and.jia.lissa.pussy.experiments.1080p.mp4,3208576505,2089.958,,b29a3617,"4K, 60 Frames, 6K, Acoustic Intimacy, Blonde, Dildo, Hairy Pussy, Lesbian, Masturbation, Redhead, Shaved Pussy, Toys"
ultrafilms.21.09.25.freya.mayer.and.kate.quinn.sharing.her.porn.experience.1080p.mp4,3635923007,2372.6394,,gbd115b5,"69, 6K, Armpit Licking, Blonde, Kissing, Lesbian, Masturbation, Pussy Licking, Rimming, Shaved Pussy, Small Tits, Stockings"
wowgirls.21.09.23.serina.gomez.toy.blast.1080p.mp4,2520656980,1652.2856,,w721e788,"4K, 60 Frames, 6K, Dildo, Masturbation, Shaved Pussy, Solo, Stockings"
ultrafilms.21.09.21.nancy.a.nancy.in.ecstasy.1080p.mp4,3495260848,2279.572,,d477a768,"69, Blonde, Blowjob, Dildo and Toys, Fetish, Handjob, Hardcore, Lingerie, Masturbation, Pussy Licking, Shaved Pussy"
ultrafilms.21.09.18.serina.gomez.softer.passion.1080p.mp4,3665060888,2400.037,,fd8bdb0c,"6K, Blowjob, Handjob, Hardcore, Lingerie, Masturbation, Oil and Cream, Shaved Pussy"
wowgirls.21.09.17.nata.ocean.and.kate.rich.perfect.girls.for.threesome.1080p.mp4,3698806629,2413.366,,c11cfac9,"4K, 60 Frames, Acoustic Intimacy, Blowjob, Brunette, FFM, Hardcore, Lingerie, Masturbation, Redhead, Shaved Pussy, Small Tits, Stockings, Threesome"
ultrafilms.21.09.15.mila.azul.dominated.by.mila.1080p.mp4,1687061946,1103.551,,ce997c04,"Big Tits, Fuck Me, Masturbation, Shaved Pussy, Solo"
ultrafilms.21.09.12.kate.quinn.and.rebecca.volpetti.naughty.girlfriends.1080p.mp4,2542497668,1664.174,,f1d0b112,"6K, Blonde, Kissing, Lesbian, Masturbation, Pussy Licking, Shaved Pussy, Small Tits"
wowgirls.21.09.11.nelya.bound.beauty.and.100.orgasms.1080p.mp4,3673480442,2396.369,,e3a9af90,"4K, 60 Frames, Acoustic Intimacy, Fetish, Handjob, Hardcore, Masturbation, Shaved Pussy, Small Tits, Toys"
ultrafilms.21.09.09.milena.ray.toying.hole.1080p.mp4,2093962905,1371.1381,,gb742489,"6K, Brunette, Dildo and Toys, Lingerie, Masturbation, Shaved Pussy, Solo"
wowgirls.21.09.08.savana.meet.savana.1080p.mp4,1819400996,1186.864,,va16eb29,"4K, 60 Frames, Big Tits, Brunette, Hairy Pussy, Lingerie, Masturbation, Solo"
ultrafilms.21.09.06.sherice.stream.lover.1080p.mp4,963019192,630.073,,e5c46f6a,"6K, Bathroom, Hairy Pussy, Pee, Redhead, Shaving, Solo"
wowgirls.21.09.05.emily.cutie.and.lika.star.two.blondes.worship.lust.1080p.mp4,3704836318,2416.872,,j033c7fe,"4K, 60 Frames, 69, Blonde, Blowjob, Cum In Mouth, FFM, Hardcore, Masturbation, Outdoors, Pussy Licking, Shaved Pussy, Small Tits, Threesome"
ultrafilms.21.09.04.freya.mayer.and.hayli.sanders.random.encounter.1080p.mp4,2996244156,1955.004,,d33589f2,"69, 6K, Blonde, Brunette, Kissing, Lesbian, Masturbation, Outdoors, Pool, Pussy Licking, Rimming, Shaved Pussy"
wowgirls.21.08.30.anie.darling.and.isabella.de.laa.they.just.wanted.to.fuck.1080p.mp4,2663278173,1739.592,,w0a19f4d,"4K, 60 Frames, 6K, Brunette, Hairy Pussy, Lesbian, Masturbation, Pussy Licking, Shaved Pussy, Small Tits"
ultrafilms.21.08.28.vine.new.hottie.1080p.mp4,1563071836,1020.424,,de1a1814,"Blonde, Dildo and Toys, Lingerie, Masturbation, Oil and Cream, Shaved Pussy, Small Tits, Solo"
wowgirls.21.08.27.freya.mayer.honeyed.flames.of.lust.1080p.mp4,2949864035,1929.276,,xba292dc,"4K, 60 Frames, 6K, Blonde, Lingerie, Masturbation, Solo"
ultrafilms.21.08.25.jenny.doll.blow-up.1080p.mp4,3827496485,,,,
wowgirls.21.08.23.lily.bella.and.freya.mayer.sharing.a.bed.with.a.girl.1080p.mp4,3032721925,1982.218,,w98af1c6,"4K, 60 Frames, 69, 6K, Blonde, Lesbian, Masturbation, Pussies Slip 'n' Slide, Pussy Licking, RGB Light, Shaved Pussy"
ultrafilms.21.08.22.milena.ray.and.serina.gomez.is.this.a.dream.1080p.mp4,2672248079,1749.554,,fd5b81a0,"6K, Lesbian, Masturbation, Pussy Licking, Sapphic First, Shaved Pussy"
wowgirls.21.08.20.emily.mayers.from.russia.with.lust.1080p.mp4,4665665789,3053.47,,u33343a9,"4K, 60 Frames, 6K, Blowjob, Hardcore, Masturbation, Pussy Licking, Shaved Pussy"
wowgirls.21.08.18.sybil.face.to.face.with.sybil.1080p.mp4,1338726622,872.791,,y6980419,"4K, 60 Frames, Big Tits, Hairy Pussy, Softcore, Solo, Stockings"
ultrafilms.21.08.16.hayli.sanders.and.sienna.kim.abundance.of.hot.lust.1080p.mp4,3663865897,2389.774,,g83e0c48,"6K, Brunette, Dildo and Toys, Kissing, Lesbian, Masturbation, Pussy Licking, Shaved Pussy"
wowgirls.21.08.15.lily.bella.miss.bombshell.1080p.mp4,1786746343,1168.451,,fd1e1042,"4K, 60 Frames, 6K, Blonde, Masturbation, Shaved Pussy, Solo"
ultrafilms.21.08.13.sia.siberia.closer.lust.1080p.mp4,2901510181,1892.983,,xb105d27,"69, Big Tits, Blonde, Blowjob, Cum In Mouth, Cum On Face, Deepthroat, Hardcore, Kissing, POV, Pussy Licking, Shaved Pussy"
ultrafilms.21.08.10.jenny.doll.sophisticated.beauty.1080p.mp4,2918586410,1905.986,,j7bdffc7,"6K, Brunette, Lingerie, Masturbation, Shaved Pussy, Small Tits, Solo"
wowgirls.21.08.09.emily.mayers.fuck.me.emily.mayers.1080p.mp4,2264397540,1484.335,,w453fc35,"4K, 60 Frames, 6K, Fuck Me, Lingerie, Shaved Pussy, Softcore, Solo"
ultrafilms.21.08.07.sybil.shes.an.instant.boner.1080p.mp4,2964057451,1937.124,,h5b17ae6,"Big Tits, Blowjob, Cum In Mouth, Cum On Face, Hairy Pussy, Hardcore, Kissing, Masturbation, Pussy Licking"
wowgirls.21.08.06.lily.steele.my.first.sex.tape.1080p.mp4,2357420674,1541.387,,j0a31d16,"4K, 60 Frames, 69, Blowjob, Hardcore, Masturbation, Pussy Licking, Shaved Pussy"
ultrafilms.21.08.04.milena.ray.if.you.wish.1080p.mp4,3839156462,2504.411,,cf0717cd,"69, 6K, Blowjob, Brunette, Creampie, Cum On Face, Deepthroat, Hardcore, Lingerie, Masturbation, Pussy Licking, Shaved Pussy, Squirt"
ultrafilms.21.07.31.vanessa.angel.sharing.her.hotness.1080p.mp4,2147594238,1405.271,,ba82e1a6,"6K, Lingerie, Masturbation, Pantyhose, Shaved Pussy, Solo"
wowgirls.21.07.29.isabella.de.laa.hot.and.very.lusty.1080p.mp4,2609920231,1703.508,,i595e9c6,"4K, 60 Frames, 6K, Dildo, Hairy Pussy, Masturbation, Solo"
ultrafilms.21.07.28.kate.quinn.sliding.beauty.1080p.mp4,3072492384,2021.39,,aed275ed,"6K, Blowjob, Cum In Mouth, Cum On Face, Hardcore, Masturbation, Oil and Cream, Pussy Licking, Shaved Pussy, Small Tits"
ultrafilms.21.07.26.milena.ray.fuck.me.milena.ray.1080p.mp4,2946890773,1927.047,,jbda7c1b,"6K, Brunette, Fuck Me, Lingerie, Masturbation, Shaved Pussy, Solo, Stockings"
wowgirls.21.07.26.freya.mayer.a.new.star.has.risen.1080p.mp4,4071601302,2659.149,,c48a68ce,"4K, 60 Frames, 69, 6K, Blonde, Blowjob, Cum In Mouth, Hardcore, Masturbation, Pussy Licking, Shaved Pussy"
wowgirls.21.07.24.adel.morel.naughty.fingers.1080p.mp4,1614346042,1052.491,,d27a5a9d,"4K, 60 Frames, Acoustic Intimacy, Brunette, Masturbation, Shaved Pussy, Small Tits, Solo"
ultrafilms.21.07.19.kate.quinn.fuck.me.kate.quinn.1080p.mp4,2311198591,1514.01,,fa161f6a,"6K, Fuck Me, Shaved Pussy, Small Tits, Solo"
wowgirls.21.07.18.nancy.a.and.leah.maus.hands.bound.1080p.mp4,3124001763,2037.69,,ua5e25b5,"4K, 60 Frames, 6K, Acoustic Intimacy, Blonde, Fetish, Lesbian, Masturbation, Pussy Licking, Shaved Pussy, Small Tits, Toys"
ultrafilms.21.07.16.leona.mia.jaime.la.masturbation.1080p.mp4,2167724524,1413.886,,f34b5490,"6K, Brunette, Dildo and Toys, Lingerie, Masturbation, Shaved Pussy, Solo"
wowgirls.21.07.13.katty.west.a.guy.who.would.just.fuck.me.1080p.mp4,3879767570,2530.069,,x1fc17bb,"4K, 60 Frames, 6K, Blowjob, Brunette, Hardcore, Masturbation, Pussy Licking, Shaved Pussy, Small Tits"
ultrafilms.21.07.12.vine.meet.vine.1080p.mp4,1488674903,971.987,,g0151832,"Blonde, Lingerie, Masturbation, Shaved Pussy, Small Tits, Solo"
wowgirls.21.07.10.hazel.conquered.by.a.man.1080p.mp4,2963861823,1933.293,,x4cac884,"4K, 60 Frames, Blowjob, Fetish, Hardcore, Lingerie, Masturbation, Shaved Pussy, Toys"
ultrafilms.21.07.09.hayli.sanders.eco.self.fuck.1080p.mp4,2387221213,1557.664,,xa19e349,"Brunette, Dildo and Toys, Masturbation, Shaved Pussy, Solo"
wowgirls.21.07.07.lily.bella.and.freya.mayer.rite.of.passage.1080p.mp4,3198331844,2085.57,,xa904939,"4K, 60 Frames, 6K, Blonde, Lesbian, Masturbation, Pussy Licking, Shaved Pussy"
wowgirls.21.07.04.elizabeth.t.hot.and.wet.between.legs.1080p.mp4,1971647212,1287.5709,,z32fb9a1,"4K, 60 Frames, Brunette, Masturbation, Shaved Pussy, Solo"
ultrafilms.21.07.03.aleida.fav.toy.1080p.mp4,1298195886,848.062,,cf509b0f,"Dildo and Toys, Lingerie, Masturbation, Outdoors, Shaved Pussy, Solo"
ultrafilms.21.06.30.adelle.unicorn.what.a.cute.nurse.1080p.mp4,5027959646,3279.215,,d21bfc03,"6K, Blowjob, Brunette, Cum In Mouth, Cum On Face, Deepthroat, Handjob, Hardcore, Shaved Pussy"
ultrafilms.21.06.26.aleida.cute.and.natural.1080p.mp4,1597296363,1041.67,,f880d68a,"Lingerie, Masturbation, Shaved Pussy, Solo"
wowgirls.21.06.25.rebecca.volpetti.gets.hot.with.rough.1080p.mp4,3306652354,2156.857,,wd069cfa,"4K, 60 Frames, 6K, Blonde, Blowjob, Cum In Mouth, Cum On Face, Deepthroat, Hardcore, Lingerie, POV, Pantyhose, Pussy Licking, Shaved Pussy, Small Tits"
ultrafilms.21.06.24.nikki.hill.blonde.perfection.1080p.mp4,3624535458,2366.5332,,cfcb5352,"Blonde, Blowjob, Hardcore, Kissing, Outdoors, Shaved Pussy, Small Tits"
ultrafilms.21.06.21.sia.siberia.the.horny.boss.1080p.mp4,3221091197,2101.336,,b0bc2183,"Big Tits, Blonde, Blowjob, Cum In Mouth, Cum On Face, Hardcore, Masturbation, Pussy Licking, Shaved Pussy"
ultrafilms.21.06.18.sienna.kim.lots.of.toys.for.one.horny.pussy.1080p.mp4,3164494135,2063.186,,fe0d0f0d,"6K, Dildo and Toys, Masturbation, Shaved Pussy, Solo"
ultrafilms.21.06.12.aleida.meet.aleida.1080p.mp4,1404859587,919.417,,if16e4d4,"Dildo and Toys, Lingerie, Masturbation, Oil and Cream, Outdoors, Shaved Pussy, Solo"
ultrafilms.21.06.10.eva.elfie.evas.naughty.story.1080p.mp4,1970546483,1286.316,,z682c44a,"Big Tits, Blonde, Dildo and Toys, Interview, Masturbation, Shaved Pussy, Solo"
wowgirls.21.06.07.kinsley.white.young.lady.1080p.mp4,1420121102,925.66296,,c97fc48f,"4K, 60 Frames, Brunette, Lingerie, Masturbation, Shaved Pussy, Solo"
ultrafilms.21.06.05.anna.di.and.elina.de.lion.sensual.hotties.1080p.mp4,2152195449,1403.437,,ydde7456,"Blonde, Kissing, Lesbian, Masturbation, Shaved Pussy, Small Tits"
ultrafilms.21.06.03.jullia.brown.blonde.next.door.1080p.mp4,1656706930,1081.074,,ja9d72b1,"Blonde, Lingerie, Masturbation, Shaved Pussy, Small Tits, Solo"
wowgirls.21.06.02.alexis.crystal.and.cindy.shine.endless.orgasm.1080p.mp4,2750484954,1793.463,,bcd7efba,"4K, 60 Frames, Acoustic Intimacy, Hairy Pussy, Lesbian, Masturbation, Pussy Licking, Shaved Pussy, Small Tits, Toys"
ultrafilms.21.05.31.aislin.and.nancy.a.irresistible.desire.1080p.mp4,3335521578,2177.149,,x33e416f,"69, 6K, Big Tits, Blonde, Hairy Pussy, Kissing, Lesbian, Lingerie, Masturbation, Pussy Licking, Shaved Pussy"
ultrafilms.21.05.28.sia.siberia.the.ultimate.lust.1080p.mp4,4020079556,2625.991,,j8c877e1,"6K, Big Tits, Blonde, Blowjob, Creampie, Handjob, Hardcore, MMF, Masturbation, Pussy Licking, Shaved Pussy, Stockings, Threesome"
wowgirls.21.05.25.alexa.flexy.fuck.me.as.you.wish.1080p.mp4,4133119640,2697.067,,wa970977,"4K, 60 Frames, 69, 6K, Acoustic Intimacy, Big Tits, Blonde, Blowjob, Cum In Mouth, Deepthroat, Handjob, Hardcore, Masturbation, Outdoors, Pussy Licking, Shaved Pussy"
wowgirls.21.05.23.kinsley.white.lust.is.contagious.1080p.mp4,1549932764,1011.113,,c8cabd44,"4K, 60 Frames, Brunette, Finger Licking, Masturbation, Shaved Pussy, Solo"
ultrafilms.21.05.21.aislin.and.eva.elfie.first.time.with.a.real.lesbo.1080p.mp4,2327154611,1517.935,,u35e2a6f,"6K, Big Tits, Blonde, Kissing, Lesbian, Masturbation, Pussy Licking, Shaved Pussy"
ultrafilms.21.05.18.anie.darling.and.hayli.sanders.lust.juices.1080p.mp4,2733204104,1782.062,,ic994be9,"69, Brunette, Dildo and Toys, Fetish, Lesbian, Masturbation, Pussy Licking, Shaved Pussy"
wowgirls.21.05.17.melena.maria.most.desired.1080p.mp4,2712705022,1768.919,,u7814093,"4K, 60 Frames, Acoustic Intimacy, Masturbation, Shaved Pussy, Small Tits, Solo"
wowgirls.21.05.14.alexis.crystal.and.lovita.fate.horny.action.plan.1080p.mp4,2895876286,1888.386,,j15b4da3,"4K, 60 Frames, Blonde, Blowjob, Deepthroat, FFM, Handjob, Hardcore, Masturbation, POV, Shaved Pussy, Threesome"
ultrafilms.21.05.13.jenny.wild.got.lucky.1080p.mp4,3691698503,2408.7922,,e1f4ac3c,"6K, Blonde, Blowjob, Cum In Mouth, Cum On Face, Deepthroat, Dildo and Toys, Handjob, Hardcore, Masturbation, POV, Shaved Pussy, Small Tits, Stockings"
wowgirls.21.05.08.sia.siberia.oiled.bombshell.1080p.mp4,2695320986,1759.004,,uffa85ef,"4K, 60 Frames, Big Tits, Blonde, Lingerie, Masturbation, Oil and Cream, Shaved Pussy, Solo"
ultrafilms.21.05.08.mila.azul.hot.accessories.1080p.mp4,1288444361,841.143,,w6c400c0,"Big Tits, Dildo and Toys, Masturbation, Shaved Pussy, Solo"
ultrafilms.21.05.05.sia.siberia.sia.in.pov.1080p.mp4,2385599368,1557.8745,,j57ec636,"Big Tits, Blonde, Blowjob, Cum In Mouth, Hardcore, Lingerie, POV, Shaved Pussy"
wowgirls.21.05.05.dixie.brown.butt.fuck.lover.1080p.mp4,3868180087,2521.919,,ifcf7e2f,"4K, 60 Frames, 6K, Acoustic Intimacy, Anal, Blowjob, Cum In Mouth, Cum On Face, Deepthroat, Hardcore, Masturbation, Pussy Licking, Shaved Pussy, Small Tits"
wowgirls.21.05.03.hayli.sanders.and.charli.red.new.lustful.senses.1080p.mp4,3193336506,2084.548,,y098cf0f,"4K, 60 Frames, 69, Acoustic Intimacy, Brunette, Fetish, Lesbian, Masturbation, Pussy Licking, Redhead, Shaved Pussy, Small Tits, Toys"
ultrafilms.21.05.02.leanne.lace.the.way.i.love.it.1080p.mp4,4366682858,2847.184,,u7051859,"69, 6K, Blowjob, Brunette, Dildo and Toys, Handjob, Hardcore, Kissing, Masturbation"
ultrafilms.21.04.29.sia.siberia.pussy.to.die.for.1080p.mp4,2413644882,1574.475,,we77a4a8,"Big Tits, Blonde, Finger Licking, Lingerie, Masturbation, Shaved Pussy, Solo"
wowgirls.21.04.27.bonny.s.charming.princess.1080p.mp4,2000858859,1305.031,,y381b089,"4K, 60 Frames, Lingerie, Masturbation, Shaved Pussy, Small Tits, Solo"
ultrafilms.21.04.26.leila.fiore.new.love.1080p.mp4,2917781440,1903.363,,x723841d,"6K, Big Tits, Blonde, Blowjob, Deepthroat, Handjob, Hardcore, Outdoors, Shaved Pussy, Stockings"
wowgirls.21.04.22.anna.di.quality.time.alone.1080p.mp4,1199610143,782.721,,uc009cf1,"4K, 60 Frames, Bathroom, Blonde, Masturbation, Shaved Pussy, Small Tits, Solo"
ultrafilms.21.04.20.melena.maria.delicious.puss.1080p.mp4,2790651664,1819.585,,w9a07a40,"Anal, Dildo and Toys, Lingerie, Masturbation, Shaved Pussy, Small Tits, Solo, Stockings"
wowgirls.21.04.15.emmy.accel.anal.intense.1080p.mp4,3201111253,2087.915,,v7cfbeaf,"4K, 60 Frames, 6K, Acoustic Intimacy, Anal, Blowjob, Creampie, Deepthroat, Hardcore, Masturbation, Pussy Licking, Rimming, Shaved Pussy"
ultrafilms.21.04.15.emily.cutie.and.sofi.smile.call.girl.1080p.mp4,2398885726,1564.421,,hf33e169,"Blonde, Dildo and Toys, Lesbian, Lingerie, Masturbation, Pussy Licking, Shaved Pussy, Small Tits"
ultrafilms.21.04.12.sasha.sparrow.sex.with.strangers.1080p.mp4,3317738139,2165.887,,uf7a8fef,"Blowjob, Brunette, Cum In Mouth, Cum On Face, Deepthroat, Hardcore, MMF, Masturbation, Outdoors, POV, Pussy Licking, Shaved Pussy, Small Tits, Threesome"
ultrafilms.21.04.09.molly.brown.my.fav.pastime.1080p.mp4,2113448833,1376.664,,c955272c,"6K, Brunette, Dildo and Toys, Masturbation, Shaved Pussy, Small Tits, Solo"
wowgirls.21.04.07.ivi.rein.sex.sun.bathing.1080p.mp4,1996956676,1302.035,,xafa8447,"4K, 60 Frames, 6K, Blonde, Dildo, Masturbation, Outdoors, Shaved Pussy, Small Tits, Solo"
ultrafilms.21.04.03.gina.gerson.and.sybil.69.lovers.1080p.mp4,2932160327,1913.719,,f34825cd,"69, Big Tits, Hairy Pussy, Kissing, Lesbian, Lingerie, Masturbation, Pussy Licking, Shaved Pussy, Small Tits"
ultrafilms.21.04.01.cindy.shine.naughty.experience.1080p.mp4,2478849146,1616.7834,,zc6519b9,"Blowjob, Cum In Mouth, Cum On Face, Hardcore, Kissing, MMF, Pantyhose, Pussy Licking, Shaved Pussy, Small Tits, Threesome"
ultrafilms.21.03.29.leona.mia.music.makes.girls.wet.1080p.mp4,2002792880,1306.842,,e414a318,"Brunette, Masturbation, Shaved Pussy, Solo"
wowgirls.21.03.28.dixie.brown.open.me.up.1080p.mp4,1410314116,922.946,,ub8a7c3a,"4K, 60 Frames, 6K, Masturbation, Shaved Pussy, Small Tits, Solo"
wowgirls.21.03.26.nancy.a.jade.and.anna.di.perfect.doggy.style.1080p.mp4,3131390193,2043.913,,u29732e1,"4K, 60 Frames, Blonde, FFF+, Lesbian, Masturbation, Pussy Licking, Shaved Pussy, Small Tits, Threesome"
ultrafilms.21.03.25.nelya.biggy.vs.tight.1080p.mp4,3831148530,2499.86,,yee8933d,"Blowjob, Brunette, Deepthroat, Hardcore, Kissing, Masturbation, Pussy Licking, Shaved Pussy, Small Tits"
ultrafilms.21.03.23.sherice.lustful.and.intense.1080p.mp4,2343559162,1529.545,,u035f3e8,"6K, Dildo and Toys, Fetish, Hairy Pussy, Masturbation, Redhead, Small Tits, Solo"
ultrafilms.21.03.14.stacy.cruz.naughty.girl.1080p.mp4,1807695129,1179.527,,jb9de735,"6K, Big Tits, Dildo and Toys, Hairy Pussy, Masturbation, Outdoors, Solo"
wowgirls.21.03.12.sia.siberia.hot.as.her.fuck.1080p.mp4,4660904290,3044.322,,je44425d,"4K, 60 Frames, 6K, Big Tits, Blonde, Blowjob, Creampie, Handjob, Hardcore, POV, Shaved Pussy"
ultrafilms.21.03.12.nancy.a.forgotten.interview.with.nancy.1080p.mp4,2306893484,1505.21,,c2bdd821,"6K, Blonde, Interview, Shaved Pussy, Solo"
wowgirls.21.03.06.amanda.dee.bathtub.orgasms.are.the.best.1080p.mp4,1764579901,1153.59,,a58bb969,"4K, 60 Frames, Bathroom, Brunette, Masturbation, Shaved Pussy, Small Tits, Solo"
wowgirls.21.02.28.nancy.a.and.aislin.lust.supreme.1080p.mp4,2762196542,1801.218,,d2cdb754,"4K, 60 Frames, 6K, Big Tits, Blonde, Lesbian, Lingerie, Masturbation, Pussy Licking, RED, Shaved Pussy"
ultrafilms.21.02.28.leila.fiore.fantasy.of.boys.1080p.mp4,4235438602,2762.3623,,zb6b380e,"6K, Big Tits, Blonde, Blowjob, Cum In Mouth, Cum On Face, Handjob, Hardcore, Kissing, MMF, Masturbation, Outdoors, Pussy Licking, Shaved Pussy, Threesome"
wowgirls.21.02.26.katty.west.the.horny.fluffer.1080p.mp4,2970337702,1937.403,,uaf60822,"4K, 60 Frames, 6K, Blowjob, Brunette, Hardcore, Masturbation, Pussy Licking, Shaved Pussy, Small Tits"
wowgirls.21.02.13.kinsley.white.lonely.corner.1080p.mp4,1654290440,1080.958,,h16edb58,"4K, 60 Frames, Brunette, Lingerie, Masturbation, Shaved Pussy, Solo"
ultrafilms.21.02.12.astrid.lady.with.beautiful.style.1080p.mp4,1909405142,1245.472,,f0cc215f,"Big Tits, Brunette, Lingerie, Masturbation, Shaved Pussy, Solo"
wowgirls.21.02.05.leah.maus.and.alexa.flexy.free.love.1080p.mp4,4033122897,2631.424,,ve4ca39c,"4K, 60 Frames, 6K, Blowjob, Cum In Mouth, Cum On Face, Dildo, FFM, Hardcore, Masturbation, Outdoors, Pussy Licking, Shaved Pussy, Small Tits, Threesome"
ultrafilms.21.01.31.alecia.fox.and.nelya.orgy.lover.1080p.mp4,3067701815,2001.212,,ve23a2b9,"Blonde, Blowjob, Brunette, Cum In Mouth, Cum On Face, Group, Handjob, Hardcore, Kissing, Masturbation, Pussy Licking, Shaved Pussy, Small Tits"
ultrafilms.21.01.27.astrid.stunning.elegance.1080p.mp4,1606878359,1050.726,,vb672e6f,"Big Tits, Brunette, Lingerie, Masturbation, Shaved Pussy, Solo"
ultrafilms.21.01.23.nelya.horny.bunny.1080p.mp4,3014381757,1966.8461,,h492ad60,"Blowjob, Cum In Mouth, Cum On Face, Handjob, Hardcore, Kissing, Shaved Pussy, Small Tits"
wowgirls.21.01.21.eva.elfie.and.emmy.accel.angels.fuck.1080p.mp4,3014613099,1967.473,,y63e0a53,"4K, 60 Frames, 69, 6K, Acoustic Intimacy, Big Tits, Blonde, Lesbian, Masturbation, Pussy Licking, Shaved Pussy, Toys"
ultrafilms.21.01.19.mila.azul.perfect.date.with.mila.1080p.mp4,2066944449,1347.895,,a3cbbb9a,"6K, Big Tits, Masturbation, Shaved Pussy, Solo, Stockings"
wowgirls.21.01.15.emmy.accel.go.big.1080p.mp4,1358835228,886.723,,a9e80cb8,"4K, 60 Frames, 6K, Acoustic Intimacy, Dildo, Lingerie, Masturbation, Shaved Pussy, Solo, Stockings"
wowgirls.21.01.07.charli.red.warm.inside.1080p.mp4,3012631442,1965.569,,a844130c,"4K, 60 Frames, Blowjob, Creampie, Dildo, Hardcore, Masturbation, POV, Redhead, Shaved Pussy, Small Tits, Toys"
ultrafilms.21.01.05.olivia.she.is.hot.1080p.mp4,1433029035,935.137,,ib7c2333,"Lingerie, Masturbation, Shaved Pussy, Solo"
wowgirls.20.12.31.anjelica.deep.ecstasy.1080p.mp4,3858445814,2516.068,,xd6925f8,"4K, Anal, Blonde, Blowjob, Hardcore, Masturbation, Outdoors, Pussy Licking, Shaved Pussy, Small Tits"
wowgirls.20.12.26.jade.and.anna.di.play.with.we.1080p.mp4,1577082554,1028.272,,fee3f0a5,"4K, 60 Frames, 6K, Blonde, Lesbian, Masturbation, Pussy Licking, Shaved Pussy, Small Tits"
ultrafilms.20.12.22.mila.azul.delicious.pussy.1080p.mp4,1948913128,1271.571,,j743766d,"Big Tits, Masturbation, Shaved Pussy, Solo"
ultrafilms.20.12.19.sienna.kim.nerd.chicks.are.hot.1080p.mp4,1645575817,1072.413,,d6526d25,"Masturbation, Shaved Pussy, Solo"
wowgirls.20.12.18.anna.swix.intimate.moments.with.anna.swix.1080p.mp4,1864419845,1215.634,,zdf59109,"4K, 60 Frames, Dance, Interview, Lingerie, RED, Redhead, Shaved Pussy, Small Tits, Softcore, Solo"
ultrafilms.20.12.14.jenny.wild.cant.live.a.day.without.sex.1080p.mp4,3385708191,2210.214,,ffda010c,"6K, Blonde, Blowjob, Cum On Face, Handjob, Hardcore, Kissing, Lingerie, Masturbation, Pussy Licking, Shaved Pussy, Small Tits"
ultrafilms.20.12.10.leona.mia.very.intimate.moment.2.1080p.mp4,2482208662,1619.615,,w8497279,"6K, Masturbation, Shaved Pussy, Solo"
ultrafilms.20.12.05.leah.maus.nelya.and.sia.siberia.femme.delight.1080p.mp4,2954676683,1927.442,,v865cc92,"69, 6K, Big Tits, Blonde, Brunette, FFF+, Kissing, Lesbian, Masturbation, Pussy Licking, Shaved Pussy, Small Tits, Threesome"
wowgirls.20.12.04.leona.mia.stunning.gift.of.nature.1080p.mp4,1697689202,1108.102,,f0bc4129,"4K, 60 Frames, Brunette, Masturbation, Shaved Pussy, Solo"
wowgirls.20.11.27.rebecca.volpetti.i.like.to.play.to.tease.1080p.mp4,3031549971,1977.829,,e432c030,"4K, 60 Frames, 6K, Acoustic Intimacy, Blonde, Blowjob, Cum In Mouth, Handjob, Hardcore, Masturbation, Pussy Licking, Shaved Pussy, Small Tits"
ultrafilms.20.11.27.eva.elfie.smoking.hot.1080p.mp4,4507397835,2945.753,,z71217ed,"69, 6K, Big Tits, Blonde, Blowjob, Hardcore, Kissing, Masturbation, Pussy Licking, Shaved Pussy"
ultrafilms.20.11.23.aislin.naughty.call.1080p.mp4,1623953522,1060.548,,zcd60d70,"Big Tits, Dildo and Toys, Masturbation, Shaved Pussy, Solo"
wowgirls.20.11.20.nancy.a.and.ellie.leen.two.goddesses.1080p.mp4,377498218,574.113,,u81f5e12,"4K, Bathroom, Blonde, Lesbian, Shaved Pussy, Small Tits, Softcore"
ultrafilms.20.11.18.olivia.meet.olivia.1080p.mp4,1442279107,941.522,,x6da18fc,"Lingerie, Masturbation, Shaved Pussy, Solo"
wowgirls.20.11.16.nancy.a.and.anna.di.pros.in.bed.1080p.mp4,3037084009,1980.267,,h83851be,"4K, 60 Frames, Blonde, Lesbian, Lingerie, Masturbation, Pussy Licking, Shaved Pussy, Small Tits"
ultrafilms.20.11.10.sienna.kim.puffy.nipples.queen.1080p.mp4,2122497012,1389.342,,xb089b51,"Masturbation, Shaved Pussy, Solo"
ultrafilms.20.11.06.lika.star.skills.exchange.1080p.mp4,3394702454,2216.832,,babfc084,"Blonde, Blowjob, Handjob, Hardcore, Kissing, Masturbation, Outdoors, Pussy Licking, Shaved Pussy, Small Tits, Sport and Fitness"
wowgirls.20.11.05.mila.azul.princess.bed.1080p.mp4,2241405142,1462.137,,v28226ad,"4K, 60 Frames, Big Tits, Lingerie, Masturbation, Shaved Pussy, Solo"
ultrafilms.20.11.02.leona.mia.get.closer.to.leona.mia.1080p.mp4,1726706814,1126.794,,c37b985a,"Lingerie, Masturbation, Shaved Pussy, Solo"
ultrafilms.20.10.29.nancy.a.naughty.start.to.the.evening.1080p.mp4,1946000515,1270.851,,a9268d58,"Bathroom, Blonde, Dildo and Toys, Masturbation, Shaved Pussy, Solo"
ultrafilms.20.10.25.sybil.perfect.match.1080p.mp4,4149419757,2707.214,,wcac5a7b,"6K, Big Tits, Blowjob, Cum In Mouth, Cum On Face, Hairy Pussy, Handjob, Hardcore, Kissing, Lingerie, Masturbation, Pussy Licking"
ultrafilms.20.10.21.mila.azul.bath.with.naked.mila.1080p.mp4,1532239821,998.50397,,f220ccce,"Bathroom, Big Tits, Masturbation, Shaved Pussy, Solo"
wowgirls.20.10.18.kinsley.white.unleashing.beauty.1080p.mp4,1574294725,1029.387,,v48dff1d,"4K, 60 Frames, Brunette, Finger Licking, Lingerie, Masturbation, Shaved Pussy, Solo"
ultrafilms.20.10.17.aislin.all.for.your.satisfaction.1080p.mp4,2359404439,1538.4385,,u2d95968,"Big Tits, Masturbation, Oil and Cream, Shaved Pussy, Solo"
wowgirls.20.10.14.nancy.a.sex.for.a.1080p.mp4,3855752964,2515.58,,b786a1e2,"4K, 60 Frames, 6K, Blonde, Blowjob, Cum On Face, Handjob, Hardcore, Shaved Pussy"
ultrafilms.20.10.13.jenny.wild.and.leah.maus.nerd.gets.the.best.fuck.of.his.life.1080p.mp4,3920869967,2557.469,,e42de6df,"69, 6K, Blonde, Blowjob, Cum In Mouth, Cum On Face, FFM, Handjob, Hardcore, Kissing, Masturbation, POV, Pussy Licking, Shaved Pussy, Small Tits, Threesome"
ultrafilms.20.10.09.stefanie.moon.eye.rolling.orgasms.1080p.mp4,4584083772,2988.315,,bcd931d4,"69, Blowjob, Cum In Mouth, Dildo and Toys, Fetish, Handjob, Hardcore, Masturbation, Shaved Pussy, Small Tits"
wowgirls.20.10.06.sybil.and.stacy.cruz.skills.that.make.you.desirable.1080p.mp4,4771601013,3111.497,,xa2b5b32,"4K, 60 Frames, Acoustic Intimacy, Big Tits, Blowjob, Cum On Face, FFM, Hardcore, Masturbation, Pussy Licking, RED, Threesome"
ultrafilms.20.10.06.hayli.sanders.and.sienna.kim.bed.friend.1080p.mp4,2897076143,1888.409,,e67488da,"Brunette, Dildo and Toys, Kissing, Lesbian, Lingerie, Masturbation, Pussy Licking, Shaved Pussy, Small Tits"
wowgirls.20.10.03.aislin.and.anna.di.natural.desire.1080p.mp4,3285695364,2142.342,,u6afcbfa,"4K, 60 Frames, Big Tits, Lesbian, Masturbation, Pussies Slip 'n' Slide, Pussy Licking, Shaved Pussy, Small Tits"
ultrafilms.20.10.02.nancy.a.all.for.your.satisfaction.2.1080p.mp4,1983124050,1292.864,,a8bc9097,"Blonde, Masturbation, Shaved Pussy, Solo"
ultrafilms.20.09.27.nelya.insatiable.girl.1080p.mp4,3687220674,2403.962,,ze30ebcb,"6K, Anal, Blowjob, Cum In Mouth, Cum On Face, DP, Deepthroat, Handjob, Hardcore, MMF, Masturbation, Shaved Pussy, Small Tits, Threesome"
ultrafilms.20.09.22.leona.mia.naughty.in.bed.1080p.mp4,1919011265,1251.3013,,ic9fe154,"Lingerie, Masturbation, Shaved Pussy, Solo"
wowgirls.20.09.16.leah.maus.and.molly.brown.slutty.mood.for.a.threesome.1080p.mp4,4495226250,2930.73,,ad36ebfb,"4K, 60 Frames, 6K, Acoustic Intimacy, Blowjob, Brunette, FFM, Handjob, Hardcore, Masturbation, Pussy Licking, Shaved Pussy, Small Tits, Threesome"
ultrafilms.20.09.12.sienna.kim.basic.instinct.1080p.mp4,2374597142,1549.119,,he40e871,"Dildo and Toys, Lingerie, Masturbation, Shaved Pussy, Solo"
wowgirls.20.09.12.leona.mia.enchanting.beauty.1080p.mp4,787625968,1196.199,,g2719704,"4K, Brunette, Lingerie, Masturbation, Shaved Pussy, Solo"
wowgirls.20.09.04.ellie.leen.cute.as.fuck.1080p.mp4,365658326,555.839,,bc32b1d4,"4K, Shaved Pussy, Small Tits, Softcore, Solo"
ultrafilms.20.08.31.aislin.anna.di.and.nancy.a.kinks.and.fetishes.1080p.mp4,2804196287,1829.036,,h33037e9,"Big Tits, Blonde, FFF+, Finger Licking, Kissing, Lesbian, Masturbation, Pussy Licking, Shaved Pussy, Small Tits, Threesome"
ultrafilms.20.08.28.sherice.adorable.affection.1080p.mp4,2858816173,1865.7,,gbdfdcf9,"Dildo and Toys, Hairy Pussy, Masturbation, Redhead, Small Tits, Solo"
wowgirls.20.08.26.anna.di.beautiful.girl.always.gets.wet.1080p.mp4,2173775576,1418.321,,u103552b,"4K, 60 Frames, Blonde, Lingerie, Masturbation, Pantyhose, Shaved Pussy, Small Tits, Solo"
ultrafilms.20.08.24.eva.elfie.lika.star.and.sasha.sparrow.lessons.of.wetness.1080p.mp4,4040483091,2644.358,,f26ddf40,"Big Tits, Blonde, Blowjob, Cum In Mouth, Deepthroat, Handjob, Hardcore, Kissing, POV, Shaved Pussy, Stockings"
wowgirls.20.08.22.dixie.brown.dixies.anal.dream.1080p.mp4,2406392667,1576.147,,ibb5e589,"4K, 60 Frames, Acoustic Intimacy, Anal, Blowjob, Creampie, Hardcore, Lingerie, Masturbation, Pussy Licking, Shaved Pussy, Small Tits, Stockings"
ultrafilms.20.08.20.leona.mia.smell.of.lust.1080p.mp4,2140765107,1395.914,,ub97d821,"Lingerie, Masturbation, Shaved Pussy, Solo"
wowgirls.20.08.17.nancy.a.sybil.and.leah.maus.cant.be.hotter.than.this.1080p.mp4,4639788090,3025.3755,,fc43abef,"4K, 60 Frames, 6K, Acoustic Intimacy, Big Tits, Blonde, Brunette, FFF+, Hairy Pussy, Lesbian, Lingerie, Masturbation, Pussy Licking, Shaved Pussy, Small Tits, Threesome"
wowgirls.20.08.13.victoria.skye.fuck.me.victoria.skye.1080p.mp4,2071846230,1351.308,,bcd10af1,"4K, 60 Frames, Acoustic Intimacy, Brunette, Fuck Me, Lingerie, RED, Shaved Pussy, Softcore, Solo"
ultrafilms.20.08.11.sienna.kim.new.sexual.outfits.1080p.mp4,2194802981,1431.51,,zd5459af,"Dildo and Toys, Fashion Show, Masturbation, Shaved Pussy, Solo"
wowgirls.20.08.09.emmy.accel.her.summer.crush.1080p.mp4,4171158975,2726.208,,b75fbf65,"4K, 60 Frames, 6K, Acoustic Intimacy, Blowjob, Cum In Mouth, Cum On Face, Hardcore, Masturbation, Shaved Pussy"
ultrafilms.20.08.07.nancy.a.nancys.slutty.mood.1080p.mp4,4495347791,2931.914,,j49b4ca9,"Blonde, Blowjob, Handjob, Hardcore, Kissing, Masturbation, POV, Shaved Pussy"
wowgirls.20.08.05.leona.mia.yoga.with.leona.mia.1080p.mp4,2030775068,1323.607,,d01e8c38,"4K, 60 Frames, Brunette, Masturbation, Shaved Pussy, Solo, Sport and Fitness"
ultrafilms.20.08.03.leona.mia.always.wet.1080p.mp4,1783576800,1163.134,,je712218,"6K, Brunette, Lingerie, Masturbation, Shaved Pussy, Solo"
wowgirls.20.07.28.sia.siberia.cant.get.enough.of.her.pie.1080p.mp4,1947407397,1272.593,,b89f4c89,"4K, 60 Frames, 6K, Acoustic Intimacy, Big Tits, Blonde, Masturbation, Shaved Pussy, Solo"
ultrafilms.20.07.26.aislin.and.sienna.kim.go.lesbian.overnight.1080p.mp4,2494056542,1626.256,,ideb3e4e,"Big Tits, Blonde, Kissing, Lesbian, Lingerie, Masturbation, Pussy Licking, Shaved Pussy"
wowgirls.20.07.24.nancy.a.morning.wood.1080p.mp4,3353115324,2188.991,,df0c5697,"4K, 60 Frames, Blonde, Blowjob, Handjob, Hardcore, Lingerie, Masturbation, Pussy Licking, Shaved Pussy"
ultrafilms.20.07.22.sherice.ride.for.one.1080p.mp4,2195964201,1432.601,,xe05c5c0,"Dildo and Toys, Hairy Pussy, Masturbation, Redhead, Small Tits, Solo"
wowgirls.20.07.20.nancy.a.nelya.and.leah.maus.three.very.horny.girls.1080p.mp4,2556677026,1667.1,,ea78a700,"4K, 60 Frames, Acoustic Intimacy, Blonde, Brunette, FFF+, Lesbian, Masturbation, Pantyhose, Pussy Licking, Shaved Pussy, Small Tits, Threesome"
ultrafilms.20.07.14.aislin.take.a.dip.with.aislin.1080p.mp4,1877875286,1224.0406,,y36ae7ee,"Bathroom, Big Tits, Lingerie, Masturbation, Shaved Pussy, Solo"
wowgirls.20.07.12.baby.dream.take.my.breath.away.1080p.mp4,3164329285,2069.339,,efe713a4,"4K, 60 Frames, Blonde, Blowjob, Cum On Face, Deepthroat, Hardcore, Shaved Pussy, Sport and Fitness"
ultrafilms.20.07.10.jenny.wild.the.right.guy.1080p.mp4,3633632952,2370.804,,dec99648,"6K, Blonde, Blowjob, Cum On Face, Deepthroat, Hardcore, Kissing, Lingerie, Masturbation, POV, Pussy Licking, Shaved Pussy, Small Tits"
wowgirls.20.07.08.hayli.sanders.and.anna.di.fuck.us.1080p.mp4,3834217532,2500.208,,z18adb43,"4K, 60 Frames, Blonde, Brunette, Fuck Me, Lesbian, Masturbation, Pussy Licking, Shaved Pussy, Small Tits"
ultrafilms.20.07.05.eva.elfie.and.hayli.sanders.sly.seductress.1080p.mp4,3007378825,1965.3829,,abd1ceef,"Big Tits, Blonde, Brunette, Kissing, Lesbian, Masturbation, Oil and Cream, POV, Pussy Licking, Shaved Pussy"
wowgirls.20.07.04.dixie.brown.intensely.aroused.1080p.mp4,1876552332,1223.877,,x91de774,"4K, 60 Frames, 6K, Acoustic Intimacy, Masturbation, Shaved Pussy, Small Tits, Solo"
ultrafilms.20.07.01.leona.mia.sweet.and.tender.1080p.mp4,1863277474,1218.002,,ae57a81f,"Lingerie, Masturbation, Shaved Pussy, Solo"
wowgirls.20.06.30.nelya.and.leah.maus.two.hotties.on.my.bed.1080p.mp4,4445001634,2898.268,,i2e0cf42,"4K, 60 Frames, 6K, Acoustic Intimacy, Blowjob, Brunette, Cum In Mouth, Cum On Face, Dildo, FFM, Hardcore, Masturbation, POV, Pussy Licking, Shaved Pussy, Small Tits, Threesome, Toys"
ultrafilms.20.06.27.nina.north.and.paula.shy.pampered.boy.1080p.mp4,3394162181,2217.7844,,jf18c16b,"Blowjob, Brunette, FFM, Handjob, Lingerie, Masturbation, POV, Redhead, Shaved Pussy, Stockings, Threesome"
wowgirls.20.06.26.ellie.leen.arousing.nature.1080p.mp4,459751102,699.779,,ddfe6f22,"4K, Oil and Cream, Outdoors, Small Tits, Softcore, Solo"
ultrafilms.20.06.23.aislin.and.nancy.a.bathe.shave.and.fuck.1080p.mp4,2998844461,1955.005,,bd45c795,"Big Tits, Blonde, Dildo and Toys, Kissing, Lesbian, Masturbation, Oil and Cream, Shaved Pussy, Shaving"
wowgirls.20.06.22.aislin.and.hayli.sanders.lesbian.bed.1080p.mp4,2885611840,1881.768,,d57470da,"4K, 60 Frames, 69, Acoustic Intimacy, Big Tits, Blonde, Brunette, Hairy Pussy, Lesbian, Lingerie, Masturbation, Pussy Licking, Shaved Pussy"
ultrafilms.20.06.19.hayli.sanders.fuck.me.hayli.sanders.1080p.mp4,1614686378,1053.814,,f076fe5c,"Brunette, Fuck Me, Masturbation, Shaved Pussy, Solo"
wowgirls.20.06.18.sia.siberia.butter.my.ass.1080p.mp4,3489019766,2275.6257,,h55a5165,"4K, 60 Frames, 6K, Acoustic Intimacy, Anal, Big Tits, Blonde, Blowjob, Creampie, Hardcore, Masturbation, POV, Pussy Licking, Shaved Pussy"
ultrafilms.20.06.15.leah.maus.ass.pussy.1080p.mp4,3598193498,2351.02,,u4e0994a,"Anal, Blowjob, Cum In Mouth, DP, Hardcore, MMF, Masturbation, Pussy Licking, Shaved Pussy, Small Tits, Threesome"
wowgirls.20.06.14.leona.mia.sweet.and.tender.1080p.mp4,1971569280,1286.292,,x3264229,"4K, 60 Frames, Acoustic Intimacy, Brunette, Lingerie, Shaved Pussy, Softcore, Solo, Stockings"
ultrafilms.20.06.11.hayli.sanders.and.sienna.kim.lesbian.play.1080p.mp4,3178873370,2076.7,,f846b431,"69, Brunette, Kissing, Lesbian, Lingerie, Masturbation, Pussy Licking, Shaved Pussy"
ultrafilms.20.06.07.leona.mia.dainty.hottie.1080p.mp4,2308953575,1506.209,,a3d9470f,"Fashion Show, Lingerie, Masturbation, Shaved Pussy, Solo"
wowgirls.20.06.06.nancy.a.and.leila.fiore.two.delicious.pies.1080p.mp4,4319408490,2814.514,,afec040a,"4K, 60 Frames, 69, Blonde, Lesbian, Lingerie, Masturbation, Pussy Licking, Shaved Pussy, Sport and Fitness, Toys"
ultrafilms.20.06.03.nancy.a.their.first.time.1080p.mp4,3423864851,2245.694,,a84db4e5,"Blonde, Blowjob, Hardcore, Kissing, Masturbation, Outdoors, Pussy Licking"
ultrafilms.20.05.30.leah.maus.and.molly.brown.heavenly.punishment.1080p.mp4,3124173373,2037.295,,ab1398ae,"69, 6K, Brunette, Dildo and Toys, Finger Licking, Kissing, Lesbian, Masturbation, Outdoors, Pee, Pussy Licking, Shaved Pussy, Small Tits"
wowgirls.20.05.29.rebecca.volpetti.i.am.always.horny.1080p.mp4,3480294954,2271.492,,gadca95c,"4K, 60 Frames, Acoustic Intimacy, Blonde, Blowjob, Cum In Mouth, Hardcore, Lingerie, POV, Pussy Licking, Shaved Pussy, Small Tits"
ultrafilms.20.05.26.hayli.sanders.and.nancy.a.caress.me.hot.1080p.mp4,2964844961,1934.593,,cc7d7edb,"Blonde, Brunette, Kissing, Lesbian, Masturbation, Pussy Licking, Shaved Pussy"
wowgirls.20.05.25.melena.maria.hottest.erogenous.zones.1080p.mp4,2345859525,1529.707,,f9bcea37,"4K, 60 Frames, Acoustic Intimacy, Dildo, Lingerie, Masturbation, Shaved Pussy, Small Tits, Solo, Stockings, Toys"
ultrafilms.20.05.22.jenny.wild.cute.and.naughty.1080p.mp4,1580641084,1031.778,,w77335aa,"Blonde, Dildo and Toys, Masturbation, Shaved Pussy, Small Tits, Solo"
wowgirls.20.05.21.nancy.a.and.jia.lissa.yummies.1080p.mp4,2235203944,1458.608,,ya09c0e4,"4K, 60 Frames, Blonde, Hairy Pussy, Lesbian, Masturbation, Pussy Licking, Redhead, Shaved Pussy, Small Tits, Toys"
ultrafilms.20.05.18.eva.elfie.divine.beauty.1080p.mp4,3000497533,1957.2572,,y65f0a6f,"6K, Big Tits, Blonde, Blowjob, Cum In Mouth, Handjob, Hardcore, Kissing, POV, Pussy Licking, Shaved Pussy"
ultrafilms.20.05.14.leah.maus.and.nancy.a.true.lust.1080p.mp4,3021292459,1970.027,,z4377e0e,"Blonde, Finger Licking, Kissing, Lesbian, Masturbation, Pantyhose, Pussy Licking, Shaved Pussy, Small Tits"
wowgirls.20.05.13.nancy.a.blonde.temptress.1080p.mp4,1894502868,1238.924,,w4ff05eb,"4K, 60 Frames, 69, Blonde, Blowjob, Cum In Mouth, Hardcore, Outdoors, Pussy Licking"
ultrafilms.20.05.10.sherice.wake.up.with.sherice.1080p.mp4,2439749745,1591.263,,ic189dda,"Bathroom, Hairy Pussy, Masturbation, Redhead, Small Tits, Solo"
wowgirls.20.05.09.sybil.and.hayli.sanders.lick.of.love.1080p.mp4,4061657674,2648.305,,w3a446db,"4K, 60 Frames, 69, Acoustic Intimacy, Big Tits, Brunette, Hairy Pussy, Lesbian, Masturbation, Pussy Licking, Shaved Pussy"
ultrafilms.20.05.06.nelya.30.days.without.sex.1080p.mp4,4348700268,2836.203,,j1f846d8,"Blowjob, Cum In Mouth, Cum On Face, Hardcore, Kissing, Lingerie, Masturbation, Shaved Pussy, Small Tits"
wowgirls.20.05.05.leona.mia.it.makes.me.so.wet.1080p.mp4,2294866334,1497.826,,a142868b,"4K, 60 Frames, 6K, Acoustic Intimacy, Brunette, Masturbation, Shaved Pussy, Solo, Toys"
wowgirls.20.05.03.leona.mia.intimate.insight.1080p.mp4,616239100,936.112,,i301d8df,"4K, Brunette, Lingerie, Masturbation, Shaved Pussy, Solo"
ultrafilms.20.05.01.leanne.lace.following.her.favourite.spots.1080p.mp4,3405895665,2220.387,,h7663f33,"Blowjob, Brunette, Handjob, Hardcore, Kissing, Masturbation, POV, Pussy Licking"
wowgirls.20.04.30.sia.siberia.say.hi.to.bombshell.1080p.mp4,4021310252,2625.876,,ue44dd3c,"4K, 60 Frames, 6K, Acoustic Intimacy, Big Tits, Blowjob, Creampie, Hardcore, Lingerie, POV, Shaved Pussy"
ultrafilms.20.04.26.sienna.kim.intimate.moments.1080p.mp4,1819427941,1186.772,,wccd28fe,"Bathroom, Dildo and Toys, Lingerie, Masturbation, Shaved Pussy, Solo"
wowgirls.20.04.26.adelle.unicorn.love.me.harder.1080p.mp4,2377482394,1549.189,,jd6e10d3,"4K, 60 Frames, Acoustic Intimacy, Bathroom, Dildo, Hairy Pussy, Masturbation, Solo"
wowgirls.20.04.22.sybil.and.dixie.brown.the.secret.language.of.lesbian.lust.1080p.mp4,2447890191,1598.508,,z3bf42a7,"4K, 60 Frames, 69, 6K, Acoustic Intimacy, Big Tits, Hairy Pussy, Lesbian, Masturbation, Pantyhose, Pussy Licking, Shaved Pussy, Small Tits"
ultrafilms.20.04.22.jenny.wild.and.leah.maus.fem.to.fem.1080p.mp4,3226475944,2104.355,,e11117b9,"69, Blonde, Finger Licking, Kissing, Lesbian, Masturbation, POV, Pussy Licking, Shaved Pussy, Small Tits"
ultrafilms.20.04.18.sherice.love.to.talk.about.sex.1080p.mp4,1896760175,1236.625,,ue1a2d44,"Dildo and Toys, Lingerie, Masturbation, Redhead, Shaved Pussy, Small Tits, Solo"
wowgirls.20.04.17.victoria.skye.beyond.gorgeous.1080p.mp4,2475391956,1613.531,,zb14d2df,"4K, 60 Frames, 6K, Acoustic Intimacy, Brunette, Masturbation, Shaved Pussy, Solo, Stockings, Toys"
ultrafilms.20.04.14.nekane.my.secret.date.1080p.mp4,2594573767,1698.238,,g3646e47,"Big Tits, Blowjob, Brunette, Hardcore, Kissing, Masturbation, Outdoors, POV, Shaved Pussy"
wowgirls.20.04.13.sybil.leanne.lace.and.katty.west.lovers.of.pink.1080p.mp4,3546023690,2312.546,,fb1ef8dc,"4K, 60 Frames, 69, 6K, Big Tits, Brunette, FFF+, Hairy Pussy, Lesbian, Masturbation, Pantyhose, Pussy Licking, Shaved Pussy, Small Tits, Threesome, Toys"
ultrafilms.20.04.10.nancy.a.no.nude.with.nanacy.a.1080p.mp4,1374258283,896.545,,cdea6fe3,"Blonde, Non-Nude, Solo"
wowgirls.20.04.09.sia.siberia.fuck.me.sia.siberia.1080p.mp4,2341273279,1527.385,,da8a00e0,"4K, 60 Frames, 6K, Acoustic Intimacy, Big Tits, Blonde, Fuck Me, Masturbation, Shaved Pussy, Solo, Stockings"
ultrafilms.20.04.05.hayli.sanders.and.sybil.a.beautiful.lovemaking.again.1080p.mp4,3534164382,2304.72,,u6ce6b1a,"6K, Big Tits, Brunette, Kissing, Lesbian, Pussy Licking, Shaved Pussy"
wowgirls.20.04.04.katty.west.cute.seducer.1080p.mp4,3469748565,2265.269,,d4603cf3,"4K, 60 Frames, 6K, Acoustic Intimacy, Blowjob, Brunette, Cum In Mouth, Cum On Face, Hardcore, Masturbation, Pussy Licking, Shaved Pussy, Small Tits"
ultrafilms.20.04.01.leona.mia.naked.break.1080p.mp4,2796597186,1829.663,,ed642828,"Masturbation, Shaved Pussy, Solo"
wowgirls.20.03.31.rebecca.volpetti.fuck.me.rebecca.volpetti.1080p.mp4,2589424033,1687.928,,bc00527f,"4K, 60 Frames, Acoustic Intimacy, Blonde, Fuck Me"
ultrafilms.20.03.27.adelle.unicorn.big.cock.vs.tight.pussy.1080p.mp4,3277968191,2138.488,,x552110a,"Blowjob, Creampie, Hairy Pussy, Hardcore, Kissing, Masturbation, Pussy Licking"
wowgirls.20.03.26.nancy.a.leah.maus.and.sia.siberia.lust.in.shades.1080p.mp4,4074536833,2658.429,,fd16f44a,"4K, 60 Frames, 6K, Acoustic Intimacy, Big Tits, Blonde, FFF+, Lesbian, Lingerie, Masturbation, POV, Pussy Licking, RED, Shaved Pussy, Small Tits, Stockings, Threesome"
ultrafilms.20.03.23.jenny.wild.fuck.me.jenny.wild.1080p.mp4,2317328519,1512.78,,ifd0a000,"Blonde, Fuck Me, Masturbation, Shaved Pussy, Small Tits, Solo, Stockings"
wowgirls.20.03.22.eveline.dellai.and.emmy.accel.who.doesnt.like.threesomes.1080p.mp4,4091770901,2669.203,,d5b48c75,"4K, 60 Frames, 6K, Acoustic Intimacy, Big Tits, Blowjob, Brunette, Group, Hairy Pussy, Hardcore, Small Tits"
ultrafilms.20.03.19.leah.maus.love.my.butt.1080p.mp4,3655774383,2386.268,,ub53b610,"Anal, Blowjob, Brunette, Deepthroat, Hardcore, Shaved Pussy, Small Tits"
wowgirls.20.03.18.victoria.skye.the.art.of.female.pleasure.1080p.mp4,2469736031,1610.141,,d055461c,"4K, 60 Frames, Acoustic Intimacy, Brunette, Dildo, Masturbation, RED, Shaved Pussy, Solo"
wowgirls.20.03.14.dixie.brown.big.cock.fantasy.1080p.mp4,3755503509,2457.646,,bdb7e82d,"4K, 60 Frames, Acoustic Intimacy, Blowjob, Cum In Mouth, Handjob, Hardcore, Masturbation, POV, Pussy Licking, Shaved Pussy, Small Tits"
ultrafilms.20.03.14.aislin.hayli.sanders.and.nancy.a.taking.a.dip.in.the.lady.pond.1080p.mp4,2633138271,1716.628,,c5172d8b,"69, Big Tits, Blonde, Brunette, Group, Kissing, Lesbian, Pussy Licking, Shaved Pussy"
ultrafilms.20.03.10.sherice.very.intimate.moment.1080p.mp4,2430398239,1585.737,,xc260873,"Dildo and Toys, Hairy Pussy, Masturbation, Pantyhose, Redhead, Small Tits, Solo"
wowgirls.20.03.09.nancy.a.in.my.prime.1080p.mp4,2079482625,1356.881,,cf83bfb6,"4K, 60 Frames, Blonde, Masturbation, Outdoors, RED, Solo"
ultrafilms.20.03.06.jenny.wild.when.sex.is.a.hobby.1080p.mp4,3147894593,2052.551,,d4308029,"Blonde, Blowjob, Handjob, Hardcore, Lingerie, Masturbation, Shaved Pussy, Small Tits"
wowgirls.20.03.05.molly.brown.lust.at.first.sight.1080p.mp4,3687333821,2407.445,,y83174dc,"4K, 60 Frames, 69, Acoustic Intimacy, Blowjob, Brunette, Cum In Mouth, Deepthroat, Handjob, Hardcore, Lingerie, Masturbation, Pussy Licking, RED, Shaved Pussy, Small Tits"
ultrafilms.20.03.02.leona.mia.wet.all.the.time.1080p.mp4,1577369117,1027.645,,j3a55456,"6K, Brunette, Lingerie, Masturbation, Shaved Pussy, Solo"
wowgirls.20.03.01.dixie.brown.fuck.me.dixie.brown.1080p.mp4,1823100715,1190.0233,,j5d7b4ca,"4K, 60 Frames, Acoustic Intimacy, Fuck Me, Lingerie, Masturbation, Shaved Pussy, Small Tits, Solo, Stockings"
ultrafilms.20.02.27.leah.maus.a.girl.who.likes.big.dicks.1080p.mp4,4386206742,2860.28,,e43f3502,"6K, Blowjob, Brunette, Deepthroat, Hardcore, Kissing, Small Tits"
wowgirls.20.02.26.nelya.and.leah.maus.my.two.beauties.1080p.mp4,2995588490,1954.679,,xf40cd33,"4K, 60 Frames, 6K, Acoustic Intimacy, Blowjob, Cum In Mouth, Cum On Face, FFM, Fetish, Hardcore, Lingerie, Masturbation, RED, Shaved Pussy, Small Tits, Threesome"
ultrafilms.20.02.23.aislin.fuck.me.aislin.1080p.mp4,2737150133,1785.243,,cb837d2f,"Big Tits, Fuck Me, Hairy Pussy, Masturbation, Pantyhose, Solo"
wowgirls.20.02.21.hayli.sanders.and.eva.elfie.cock.detox.1080p.mp4,2454309858,1601.875,,u5bd59f6,"4K, 60 Frames, Acoustic Intimacy, Big Tits, Blonde, Brunette, Lesbian, Lingerie, Masturbation, Pussy Licking, Shaved Pussy"
ultrafilms.20.02.19.eva.elfie.lika.star.sasha.sparrow.and.sybil.one.mistress.and.three.kittens.1080p.mp4,3386653958,2216.6929,,w1f99d39,"Big Tits, Blonde, Brunette, FFF+, Fetish, Group, Hairy Pussy, Lesbian, Lingerie, Masturbation, Pussy Licking, Shaved Pussy, Small Tits"
wowgirls.20.02.17.emily.cutie.blondes.easy.seduce.1080p.mp4,3902959816,2556.935,,x322ec27,"4K, 60 Frames, Acoustic Intimacy, Blonde, Blowjob, Cum In Mouth, Cum On Face, Handjob, Hardcore, POV, Pussy Licking, Shaved Pussy, Small Tits"
ultrafilms.20.02.14.leona.mia.softly.touching.delicious.pie.1080p.mp4,1648452282,1079.449,,if4c8692,"Lingerie, Shaved Pussy, Solo"
wowgirls.20.02.13.emmy.accel.show.of.passion.1080p.mp4,2722625936,1778.068,,z73bb576,"4K, 60 Frames, 69, 6K, Acoustic Intimacy, Blowjob, Creampie, Hardcore, Lingerie, Masturbation, Pussy Licking, RED, Shaved Pussy"
ultrafilms.20.02.10.nina.north.olivka.and.paula.shy.astonish.the.boy.1080p.mp4,1128618123,1731.419,,yca18973,"Blonde, Blowjob, Deepthroat, Group, Handjob, Hardcore, Kissing, Masturbation, Pussy Licking, Redhead, Shaved Pussy, Small Tits"
wowgirls.20.02.08.adelle.unicorn.hairy.and.wet.1080p.mp4,2473552720,1616.434,,xfe60897,"4K, 60 Frames, Acoustic Intimacy, Dildo, Hairy Pussy, Lingerie, Masturbation, Solo"
ultrafilms.20.02.06.anie.darling.and.stefanie.moon.cute.girls.love.porn.too.1080p.mp4,2434993915,1594.398,,wb4359a4,"69, Brunette, Kissing, Lesbian, Masturbation, Pussy Licking, Shaved Pussy, Small Tits"
wowgirls.20.02.04.evelina.darling.lustful.dream.come.true.1080p.mp4,1571517329,2412.669,,hb925eb7,"4K, Anal, Blowjob, Cum On Face, Handjob, Hardcore, IR, MMF, Pussy Licking, Shaved Pussy, Threesome"
ultrafilms.20.02.03.sybil.dominance.and.submission.1080p.mp4,3763407071,2461.909,,y6f4600b,"Big Tits, Blowjob, Cum In Mouth, Dildo and Toys, Fetish, Hairy Pussy, Handjob, Hardcore, Kissing, Lingerie, Masturbation, Pussy Licking, Stockings"
wowgirls.20.01.31.dixie.brown.delicious.pie.1080p.mp4,2364725984,1547.285,,ic3670e9,"4K, 60 Frames, Acoustic Intimacy, Masturbation, RED, Shaved Pussy, Small Tits, Solo, Stockings, Toys"
ultrafilms.20.01.30.sabrisse.slide.into.heaven.1080p.mp4,1839470704,1199.264,,w4e64e37,"Lingerie, Masturbation, Oil and Cream, Outdoors, Pool, Solo"
wowgirls.20.01.27.eva.elfie.seduction.of.a.handsome.teacher.1080p.mp4,3227742951,2110.869,,d76d8226,"4K, 60 Frames, 69, Acoustic Intimacy, Big Tits, Blonde, Blowjob, Creampie, Deepthroat, Hardcore, Masturbation, POV, Pussy Licking, Shaved Pussy, Stockings"
ultrafilms.20.01.26.eva.elfie.hayli.sanders.and.sienna.kim.girls.got.horny.1080p.mp4,2605049561,1699.19,,j90e2ece,"6K, Big Tits, Blonde, Brunette, FFF+, Kissing, Lesbian, Masturbation, Pantyhose, Pussy Licking, Sapphic First, Shaved Pussy, Threesome"
wowgirls.20.01.23.nancy.a.fell.in.love.with.a.strangers.cock.1080p.mp4,1598424304,1046.291,,c969b1c8,"4K, 60 Frames, Blonde, Masturbation, RED, Shaved Pussy, Solo"
ultrafilms.20.01.22.sienna.kim.fuck.me.sienna.kim.1080p.mp4,2831726841,1852.757,,z438c25e,"Fuck Me, Masturbation, Shaved Pussy, Solo"
wowgirls.20.01.19.sofi.smile.naughty.dreams.1080p.mp4,3171161669,2078.789,,ecf2568b,"4K, 60 Frames, Acoustic Intimacy, Blowjob, Cum In Mouth, Hardcore, Lingerie, Masturbation, Pussy Licking, Shaved Pussy, Small Tits, Stockings"
ultrafilms.20.01.18.stacy.bloom.and.stacy.cruz.suddenly.youre.twice.as.lucky.1080p.mp4,4017392231,2632.864,,vee3c945,"69, Big Tits, Blowjob, Brunette, FFM, Hardcore, Kissing, Lingerie, Masturbation, POV, Pussy Licking, Shaved Pussy, Threesome"
wowgirls.20.01.15.emmy.accel.emmys.private.moments.1080p.mp4,1697743710,1111.936,,j0edb00c,"4K, 60 Frames, Acoustic Intimacy, Lingerie, Masturbation, Shaved Pussy, Solo"
ultrafilms.20.01.14.nancy.a.lustroom.1080p.mp4,3420793659,2232.668,,ada718a5,"Blonde, Blowjob, Cum On Face, Fetish, Hardcore, Kissing, Masturbation, Pussy Licking, Shaved Pussy"
wowgirls.20.01.13.nancy.a.man.kneels.before.woman.1080p.mp4,3428672695,2235.872,,ba836175,"4K, 60 Frames, Acoustic Intimacy, Blonde, Creampie, Footjob, Hardcore, Masturbation, POV, Pussy Licking, Shaved Pussy"
ultrafilms.20.01.10.alexis.crystal.makeup.artist.ep.3.1080p.mp4,3676161298,2414.016,,j9cccf9e,"69, Blowjob, Cum In Mouth, Handjob, Hardcore, Kissing, Masturbation, POV, Pussy Licking, Shaved Pussy"
wowgirls.20.01.09.sybil.lustful.eye.1080p.mp4,2779610934,1818.494,,xb7226fb,"4K, 60 Frames, Acoustic Intimacy, Big Tits, Blowjob, Hairy Pussy, Handjob, Hardcore, Lingerie, POV"
ultrafilms.20.01.06.nancy.a.shaving.session.with.nancy.1080p.mp4,1516382405,989.14703,,v2180cf4,"Bathroom, Blonde, Shaved Pussy, Shaving, Solo"
wowgirls.20.01.05.leah.maus.and.molly.brown.lustful.med.care.1080p.mp4,3607701778,2360.238,,g8634af9,"4K, 60 Frames, Blowjob, Brunette, Handjob, Hardcore, Masturbation, Pantyhose, Pussy Licking, RED, Shaved Pussy, Small Tits"
ultrafilms.20.01.02.leah.maus.molly.brown.and.nancy.a.mistress.and.docile.kitties.2.1080p.mp4,4351847118,2853.616,,yb66cd63,"Blonde, Brunette, Dildo and Toys, FFF+, Fetish, Lesbian, Masturbation, Pussy Licking, Shaved Pussy, Small Tits, Threesome"
wowgirls.20.01.01.anjelica.endless.lust.1080p.mp4,2420511225,1590.776,,fd6c572f,"4K, 60 Frames, 69, Blonde, Blowjob, Cum In Mouth, Handjob, Hardcore, Masturbation, Outdoors, Pussy Licking, RED, Shaved Pussy, Small Tits"
ultrafilms.19.12.29.nelya.revenge.threesome.1080p.mp4,3096405334,2026.243,,b378f306,"Blowjob, Cum In Mouth, Cum On Face, Deepthroat, Hardcore, Kissing, MMF, Masturbation, Pussy Licking, Shaved Pussy, Small Tits, Threesome"
wowgirls.19.12.28.mila.azul.when.masturbation.is.a.hobby.1080p.mp4,2163855414,1415.07,,aafc4edd,"4K, 60 Frames, Acoustic Intimacy, Big Tits, Masturbation, Shaved Pussy, Solo"
ultrafilms.19.12.25.kate.rich.inside.that.hot.ass.1080p.mp4,3030242703,1983.704,,i7277c0e,"Anal, Blowjob, Deepthroat, Hardcore, Pussy Licking, Redhead, Shaved Pussy, Small Tits"
wowgirls.19.12.24.melena.maria.looking.for.the.right.cock.size.1080p.mp4,1713682452,1120.943,,fd4ec8d5,"4K, 60 Frames, Dildo, Masturbation, Shaved Pussy, Small Tits, Solo"
ultrafilms.19.12.21.eva.elfie.and.leah.maus.magic.penetration.1080p.mp4,3240402764,2123.813,,ea2b5910,"69, Big Tits, Blonde, Kissing, Lesbian, Masturbation, Pussy Licking, Sapphic First, Shaved Pussy, Small Tits"
wowgirls.19.12.20.leila.fiore.a.slutty.guest.1080p.mp4,4072234858,2670.875,,u0221a0f,"4K, 60 Frames, Acoustic Intimacy, Big Tits, Blonde, Blowjob, Handjob, Hardcore, Masturbation, POV, Pussy Licking, Shaved Pussy"
ultrafilms.19.12.17.alexis.crystal.and.janice.catching.hotties.in.the.act.1080p.mp4,2928265411,1919.454,,e478cfa6,"Blowjob, FFM, Handjob, Hardcore, Kissing, Masturbation, POV, Pussy Licking, Redhead, Shaved Pussy, Threesome"
wowgirls.19.12.16.mila.azul.shares.her.orgasms.1080p.mp4,2090830178,1369.071,,idcc53a3,"4K, 60 Frames, Acoustic Intimacy, Big Tits, Masturbation, Shaved Pussy, Solo"
ultrafilms.19.12.13.lika.star.and.sybil.lust.for.blonde.1080p.mp4,3484825226,2286.306,,bb8de6bb,"69, Big Tits, Blonde, Fetish, Hairy Pussy, Kissing, Lesbian, Lingerie, Masturbation, Pussy Licking, Shaved Pussy, Small Tits"
wowgirls.19.12.12.elin.holm.redheads.are.always.horny.1080p.mp4,2939890032,1923.309,,xc71e3a2,"4K, 60 Frames, Acoustic Intimacy, Blowjob, Deepthroat, Handjob, Hardcore, Masturbation, Pussy Licking, Redhead, Shaved Pussy"
ultrafilms.19.12.09.alexis.crystal.makeup.artist.ep.2.1080p.mp4,2240643605,1469.591,,b14d23c9,"Blowjob, Cum In Mouth, Cum On Face, Handjob, Hardcore, Kissing, Pussy Licking, Shaved Pussy"
wowgirls.19.12.08.ivi.rein.exposing.lust.for.anal.1080p.mp4,3915798266,2566.989,,h57cdc87,"4K, 60 Frames, Acoustic Intimacy, Anal, Blonde, Blowjob, Creampie, Hardcore, Masturbation, Pussy Licking, Shaved Pussy, Small Tits"
ultrafilms.19.12.05.eva.elfie.lika.star.sasha.sparrow.and.sofi.smile.four.girls.one.bed.1080p.mp4,3769878158,2467.7239,,c6b9fa7f,"Big Tits, Blonde, Brunette, FFF+, Group, Kissing, Lesbian, Lingerie, Masturbation, Outdoors, Pussy Licking, Shaved Pussy, Small Tits, Stockings"
wowgirls.19.12.04.nancy.a.hazel.anna.di.and.elina.de.lion.four.delicious.pussies.1080p.mp4,4088722244,2674.637,,gd466496,"4K, 60 Frames, Acoustic Intimacy, Blonde, Dildo, FFF+, Group, Masturbation, Pussy Licking, Shaved Pussy, Small Tits, Toys"
ultrafilms.19.12.01.belle.claire.and.katy.rose.between.two.fires.fucking.two.ex-girlfriends.1080p.mp4,4160329647,,,,
wowgirls.19.11.30.leila.fiore.jumping.session.with.leila.1080p.mp4,1794952966,1175.998,,x6ffd0a7,"4K, 60 Frames, Big Tits, Blonde, Dildo, Masturbation, Outdoors, Shaved Pussy, Solo"
ultrafilms.19.11.27.emily.cutie.lika.star.and.nikki.hill.a.hot.day.at.blonde.college.1080p.mp4,3174814126,2080.902,,j65d7fb3,"Blonde, FFF+, Kissing, Lesbian, Masturbation, Pussy Licking, Shaved Pussy, Small Tits, Threesome"
wowgirls.19.11.26.nancy.a.making.love.to.nancy.1080p.mp4,3225671570,2111.46,,ee6c6315,"4K, 60 Frames, Blonde, Blowjob, Handjob, Hardcore, Lingerie, POV, Shaved Pussy, Stockings"
ultrafilms.19.11.23.anny.aurora.cecilia.and.clover.supreme.dream.1080p.mp4,4715546683,3089.252,,xfcf3e0d,"Blonde, Blowjob, Fetish, Group, Handjob, Hardcore, Masturbation, POV, Pussy Licking, Redhead, Shaved Pussy, Small Tits"
wowgirls.19.11.22.nancy.a.adel.morel.eva.elfie.and.alice.shea.lustful.intimacy.1080p.mp4,2588980065,1693.245,,b4af593e,"4K, 60 Frames, Big Tits, Blonde, Brunette, FFF+, Group, Lesbian, Lingerie, Masturbation, Pussy Licking, Shaved Pussy, Small Tits"
ultrafilms.19.11.19.alexis.crystal.hayli.sanders.and.sybil.sapphic.orgasms.1080p.mp4,4003982202,2623.506,,vd1455be,"Big Tits, Brunette, FFF+, Hairy Pussy, Kissing, Lesbian, Lingerie, Masturbation, Pussy Licking, Shaved Pussy, Threesome"
wowgirls.19.11.18.leah.maus.and.ivi.rein.lust.exposed.1080p.mp4,3595347373,2356.129,,f736c0fc,"4K, 60 Frames, Acoustic Intimacy, Blowjob, Cum In Mouth, Cum On Face, FFM, Handjob, Hardcore, Masturbation, Pussy Licking, Shaved Pussy, Small Tits, Threesome"
ultrafilms.19.11.15.eva.elfie.unleashing.a.sexual.beast.1080p.mp4,3661440318,2401.872,,w65210c9,"Big Tits, Blonde, Blowjob, Hardcore, Lingerie, Masturbation, Shaved Pussy, Stockings"
wowgirls.19.11.14.mila.azul.flirting.with.mila.1080p.mp4,1106377490,1702.255,,de1235c1,"4K, Big Tits, Masturbation, Outdoors, Shaved Pussy, Solo"
ultrafilms.19.11.11.eva.hayli.sanders.and.nancy.a.mistress.and.docile.kitties.1080p.mp4,3468256388,2268.961,,jaf88b35,"Blonde, Brunette, FFF+, Kissing, Lesbian, Lingerie, Masturbation, POV, Pussy Licking, Shaved Pussy, Small Tits, Threesome"
wowgirls.19.11.10.nikki.hill.and.emily.cutie.in.bed.with.two.hot.blondes.1080p.mp4,3975159664,2609.272,,f664782d,"4K, 60 Frames, Acoustic Intimacy, Blonde, Blowjob, FFM, Handjob, Hardcore, Masturbation, POV, Pussy Licking, Shaved Pussy, Small Tits, Threesome"
ultrafilms.19.11.07.leah.maus.and.leila.fiore.pornstar.bang.1080p.mp4,3844630740,2520.99,,d50820b2,"69, Big Tits, Blonde, Blowjob, Cum In Mouth, FFM, Hardcore, Kissing, Masturbation, Outdoors, Pussy Licking, Shaved Pussy, Small Tits, Threesome"
wowgirls.19.11.06.adelle.unicorn.date.for.intense.orgasms.1080p.mp4,2901929941,1898.208,,cc76dc81,"4K, 60 Frames, Acoustic Intimacy, Blowjob, Cum In Mouth, Fetish, Hardcore, Masturbation, Pussy Licking, Shaved Pussy, Stockings, Toys"
ultrafilms.19.11.03.mila.azul.love.poetry.1080p.mp4,2189225109,1428.027,,h18be1dd,"6K, Big Tits, Lingerie, Masturbation, Shaved Pussy, Solo"
wowgirls.19.11.02.emily.cutie.captivating.beauty.1080p.mp4,2096373653,1377.524,,c4b8279d,"4K, 60 Frames, Blonde, Masturbation, Outdoors, Shaved Pussy, Small Tits, Solo"
ultrafilms.19.10.30.sofi.smile.sophias.wet.dreams.1080p.mp4,4101182516,2688.731,,cc8e4155,"Blowjob, Cum In Mouth, Fetish, Handjob, Hardcore, MMF, Masturbation, Outdoors, POV, Pussy Licking, Shaved Pussy, Small Tits, Threesome"
wowgirls.19.10.29.nancy.a.sybil.and.kate.rich.pussy.tasting.1080p.mp4,3357438075,2194.982,,d6e57a16,"4K, 60 Frames, Acoustic Intimacy, Big Tits, Blonde, FFF+, Fetish, Hairy Pussy, Lesbian, Masturbation, Pussy Licking, Redhead, Shaved Pussy, Small Tits, Threesome"
ultrafilms.19.10.26.leah.maus.and.leila.fiore.in.pursuit.of.intense.orgasms.1080p.mp4,3378640353,2213.233,,gb4eb46d,"Big Tits, Blonde, Dildo and Toys, Fetish, Kissing, Lesbian, Masturbation, Pussy Licking, Shaved Pussy, Small Tits"
wowgirls.19.10.25.gina.gerson.in.bed.with.a.porn.star.1080p.mp4,3281350063,2147.404,,fea7db7b,"4K, 60 Frames, Acoustic Intimacy, Blowjob, Handjob, Hardcore, Masturbation, POV, Pussy Licking, Shaved Pussy, Small Tits"
ultrafilms.19.10.22.sybil.naughty.lessons.1080p.mp4,4583744239,3006.543,,j529336e,"69, Big Tits, Blowjob, Cum In Mouth, Cum On Face, Hairy Pussy, Handjob, Hardcore, Kissing, Lingerie, Masturbation, POV, Pussy Licking"
wowgirls.19.10.21.anie.darling.and.adel.morel.playing.lesbians.1080p.mp4,1566409857,1025.393,,i27006d6,"4K, 60 Frames, Brunette, Dance, Lesbian, Masturbation, Shaved Pussy, Small Tits"
wowgirls.19.10.19.taisia.shanti.no.nude.with.taisia.shanti.1080p.mp4,1106299162,719.72504,,vb30225c,"4K, 60 Frames, Brunette, Non-Nude, Outdoors, Shaved Pussy, Softcore, Solo"
ultrafilms.19.10.18.eva.elfie.stacy.cruz.and.sybil.queens.of.natural.boobs.1080p.mp4,4009706797,2630.263,,dc186f89,"69, Big Tits, Blonde, Hairy Pussy, Kissing, Lesbian, Masturbation, Pussy Licking, Shaved Pussy"
wowgirls.19.10.17.mila.azul.fun.time.with.naked.mila.1080p.mp4,2169542858,1419.505,,wcb64b66,"4K, 60 Frames, Acoustic Intimacy, Big Tits, Masturbation, Shaved Pussy, Solo"
ultrafilms.19.10.14.molly.brown.olivers.naughty.dreams.1080p.mp4,3853817347,2525.286,,b4f51640,"Blowjob, Brunette, Cum On Face, Deepthroat, Handjob, Hardcore, Kissing, Masturbation, Pussy Licking, Shaved Pussy, Small Tits, Stockings"
wowgirls.19.10.13.nancy.a.really.wants.to.get.laid.1080p.mp4,3559418958,2328.079,,e678e195,"4K, 60 Frames, Acoustic Intimacy, Big Tits, Blonde, Blowjob, Cum In Mouth, Hardcore, Pussy Licking, Shaved Pussy"
ultrafilms.19.10.10.nancy.a.and.sybil.nancys.erogenous.anus.1080p.mp4,4597052218,3006.125,,fc134619,"Anal, Big Tits, Blonde, Dildo and Toys, Hairy Pussy, Kissing, Lesbian, Masturbation, Pussy Licking, Shaved Pussy"
wowgirls.19.10.09.eva.elfie.leah.maus.molly.brown.and.alexa.flexy.glorious.foursome.1080p.mp4,3285285517,2151.421,,e54d5274,"4K, 60 Frames, Acoustic Intimacy, Big Tits, Blonde, FFF+, Group, Lesbian, Lingerie, Masturbation, Pussy Licking, RED, Shaved Pussy, Small Tits"
ultrafilms.19.10.06.eva.elfie.wet.session.with.eva.elfie.1080p.mp4,1553313189,1018.148,,e2d49a6c,"Big Tits, Blonde, Masturbation, Outdoors, Shaved Pussy, Solo"
wowgirls.19.10.05.nikki.hill.anal.lust.1080p.mp4,2690509485,1765.436,,ja8e6691,"4K, 60 Frames, Acoustic Intimacy, Anal, Blonde, Blowjob, Cum In Mouth, Hardcore, Lingerie, Masturbation, Pussy Licking, Shaved Pussy, Small Tits"
wowgirls.19.10.05.nancy.a.kira.and.anna.swix.experiments.with.new.love.1080p.mp4,3064078384,1997.752,,e17adb9b,"4K, 60 Frames, Blonde, FFF+, Hairy Pussy, Lesbian, Masturbation, Pussy Licking, Redhead, Shaved Pussy, Small Tits, Threesome"
ultrafilms.19.10.02.apolonia.lapiedra.and.marina.visconti.immersion.in.lust.1080p.mp4,4040250524,2642.756,,u6cc1312,"Big Tits, Blowjob, Brunette, FFM, Fetish, Hairy Pussy, Hardcore, Kissing, Masturbation, Pussy Licking, Shaved Pussy, Threesome"
wowgirls.19.10.01.molly.brown.fuck.me.molly.brown.1080p.mp4,1959902762,1283.0651,,bc55cb05,"4K, 60 Frames, Brunette, Fuck Me, Shaved Pussy, Small Tits, Softcore, Solo"
ultrafilms.19.09.28.anjelica.hottie.is.making.a.comeback.1080p.mp4,1951152621,1277.515,,j5da2645,"Blonde, Blowjob, Deepthroat, Hardcore, Kissing, Masturbation, Oil and Cream, Outdoors, Pussy Licking, Shaved Pussy, Small Tits"
wowgirls.19.09.27.eva.elfie.evas.adventures.1080p.mp4,4156841195,2711.417,,vba72d8f,"4K, 60 Frames, 69, 6K, Acoustic Intimacy, Big Tits, Blonde, Blowjob, Creampie, Cum In Mouth, Handjob, Hardcore, POV, Pussy Licking, Shaved Pussy"
ultrafilms.19.09.24.anna.jolie.crystal.greenvelle.and.nancy.a.hot.maid.ep.5.1080p.mp4,2282788075,1489.095,,iac5a388,"Blonde, Brunette, FFF+, Lesbian, Lingerie, Masturbation, POV, Pussy Licking, Shaved Pussy, Small Tits, Threesome"
wowgirls.19.09.23.ivi.rein.the.privilege.of.choosing.a.cock.1080p.mp4,3103814568,2034.857,,b8e3ca52,"4K, 60 Frames, Blonde, Blowjob, Hardcore, Lingerie, Masturbation, Pussy Licking, Shaved Pussy, Small Tits, Stockings"
ultrafilms.19.09.20.sofi.goldfinger.anal.intense.orgasms.1080p.mp4,4208724413,2762.385,,udf3bb96,"Anal, Blowjob, Cum In Mouth, Handjob, Hardcore, Lingerie, Masturbation, POV, Pussy Licking, Shaved Pussy, Small Tits"
wowgirls.19.09.19.sofi.smile.naughty.experiments.in.classroom.1080p.mp4,2217938812,1450.225,,c804ee1c,"4K, 60 Frames, Masturbation, Shaved Pussy, Small Tits, Solo, Toys"
ultrafilms.19.09.16.leah.maus.and.molly.brown.sharing.her.first.anal.story.1080p.mp4,3403550743,2230.137,,fe638770,"69, Brunette, Kissing, Lesbian, Masturbation, Pussy Licking, Shaved Pussy, Small Tits"
wowgirls.19.09.15.sybil.and.eva.elfie.busty.in.a.love.session.1080p.mp4,2870171421,1877.542,,iaa5daf5,"4K, 60 Frames, Acoustic Intimacy, Big Tits, Blonde, Fetish, Finger Licking, Hairy Pussy, Lesbian, Lingerie, Masturbation, Pussy Licking, Shaved Pussy, Stockings"
ultrafilms.19.09.12.alexis.crystal.and.stefanie.moon.catching.two.lesbos.1080p.mp4,3638412850,2371.988,,vb86f1e4,"Blowjob, Cum In Mouth, FFM, Handjob, Hardcore, Kissing, Masturbation, POV, Pussy Licking, Shaved Pussy, Small Tits, Threesome"
wowgirls.19.09.11.nata.ocean.and.kate.rich.gorgeous.threesome.1080p.mp4,3189899734,2086.777,,xa17f91e,"4K, 60 Frames, Acoustic Intimacy, Blowjob, Creampie, FFM, Hardcore, Lingerie, Masturbation, Pussy Licking, Redhead, Shaved Pussy, Small Tits, Threesome"
ultrafilms.19.09.08.clarice.wet.joyful.1080p.mp4,1690458274,1101.996,,vc0a14ba,"Lingerie, Outdoors, Shaved Pussy, Small Tits, Solo"
wowgirls.19.09.07.leah.maus.jump.session.with.leah.maus.1080p.mp4,1979837705,1294.814,,z0bb37e9,"4K, 60 Frames, Dildo, Masturbation, Outdoors, Shaved Pussy, Small Tits, Solo"
ultrafilms.19.09.04.elin.holm.lust.explorer.1080p.mp4,2054464415,1345.852,,y26bda59,"Blowjob, Cum In Mouth, Deepthroat, Fetish, Hardcore, Kissing, Masturbation, Pussy Licking, Redhead, Shaved Pussy"
wowgirls.19.09.03.alina.crystal.and.ivi.rein.horny.spying.1080p.mp4,2372884379,1552.393,,z181da02,"4K, 60 Frames, Acoustic Intimacy, Blonde, Brunette, Lesbian, Masturbation, Pussy Licking, Shaved Pussy, Small Tits"
ultrafilms.19.08.31.molly.brown.naked.and.naughty.1080p.mp4,1581318666,1036.864,,fb34ab84,"Brunette, Masturbation, Oil and Cream, Pool, Shaved Pussy, Small Tits, Solo"
wowgirls.19.08.30.sofi.smile.slutty.mood.for.fiancee.1080p.mp4,2607789089,1710.498,,w6f7eef1,"4K, 60 Frames, Blowjob, Creampie, Deepthroat, Hardcore, Lingerie, Masturbation, Pussy Licking, Shaved Pussy, Small Tits"
ultrafilms.19.08.27.eva.elfie.fall.in.love.at.the.first.kiss.1080p.mp4,3284125290,2151.77,,z307d8a7,"Big Tits, Blonde, Blowjob, Creampie, Deepthroat, Hardcore, Kissing, Masturbation, POV, Pussy Licking, Shaved Pussy"
wowgirls.19.08.26.sofi.smile.and.nikki.hill.erotic.song.1080p.mp4,2884394508,1891.056,,x0c79c3a,"4K, 60 Frames, Acoustic Intimacy, Blonde, Brunette, Lesbian, Masturbation, Pussy Licking, Shaved Pussy, Small Tits, Toys"
ultrafilms.19.08.23.melena.maria.beautiful.selfsex.1080p.mp4,2226158476,1459.699,,je7b3dfb,"Dildo and Toys, Masturbation, Shaved Pussy, Small Tits, Solo"
wowgirls.19.08.22.sasha.sparrow.fuck.buddy.1080p.mp4,3064683411,2008.828,,dba7a198,"4K, 60 Frames, 69, Acoustic Intimacy, Blowjob, Brunette, Cum In Mouth, Cum On Face, Deepthroat, Handjob, Hardcore, Masturbation, Pussy Licking, Shaved Pussy, Small Tits, Toys"
wowgirls.19.08.19.nancy.a.and.sybil.penetration.of.beauty.1080p.mp4,3294967779,2154.765,,dba032eb,"4K, 60 Frames, Acoustic Intimacy, Big Tits, Blowjob, Hairy Pussy, Hardcore, Masturbation, Pussy Licking"
ultrafilms.19.08.19.alexis.crystal.and.cindy.shine.two.stunning.doms.1080p.mp4,2622542416,1717.208,,vbc20e04,"Blowjob, FFM, Fetish, Handjob, Hardcore, Kissing, Lingerie, Masturbation, Pantyhose, Pussy Licking, Shaved Pussy, Small Tits, Threesome"
wowgirls.19.08.18.nancy.a.slutty.mood.for.nancy.1080p.mp4,2739996857,1793.463,,v3820f16,"4K, 60 Frames, Acoustic Intimacy, Blonde, Blowjob, Creampie, Hardcore, POV, Pussy Licking, Shaved Pussy"
ultrafilms.19.08.15.elina.de.lion.hazel.and.nancy.a.angels.of.lust.1080p.mp4,2729065650,1784.453,,c9a85263,"Blonde, FFF+, Kissing, Lesbian, Masturbation, Pussy Licking, Shaved Pussy, Small Tits, Threesome"
wowgirls.19.08.14.mila.azul.spark.of.lust.1080p.mp4,561884239,1062.08,,h3aac392,"4K, 60 Frames, Acoustic Intimacy, Big Tits, Masturbation, Oil and Cream, Shaved Pussy, Solo"
ultrafilms.19.08.11.leanne.lace.and.lena.reif.three.horny.lovers.1080p.mp4,3881210013,2538.591,,e496676a,"Blowjob, Brunette, Cum On Face, FFM, Hardcore, Kissing, Masturbation, Pussy Licking, Shaved Pussy, Threesome"
wowgirls.19.08.10.lena.reif.encounter.with.a.boner.boy.2.1080p.mp4,3082715843,2017.442,,f2de3007,"4K, 60 Frames, Acoustic Intimacy, Blowjob, Cum In Mouth, Handjob, Hardcore, Masturbation, Pussy Licking, Shaved Pussy, Stockings"
ultrafilms.19.08.07.mila.azul.mila.closer.1080p.mp4,530357088,1005.586,,f7c06847,"Big Tits, Finger Licking, Masturbation, Shaved Pussy, Solo, Stockings"
wowgirls.19.08.06.adel.morel.alice.shea.and.kate.rich.lust.of.the.eye.1080p.mp4,2747488274,1799.453,,a88ca947,"4K, 60 Frames, Acoustic Intimacy, Blonde, FFF+, Lesbian, Masturbation, Pantyhose, Redhead, Shaved Pussy, Small Tits, Threesome, Toys"
ultrafilms.19.08.03.gina.gerson.chilling.with.a.tiny.girl.1080p.mp4,1086124883,2057.845,,v9d0deae,"Blowjob, Cum In Mouth, Handjob, Hardcore, Kissing, Outdoors, POV, Pool, Pussy Licking, Shaved Pussy, Small Tits"
wowgirls.19.08.02.eva.elfie.beautiful.slave.game.1080p.mp4,1016383144,1922.264,,u3a5a859,"4K, 60 Frames, Big Tits, Blonde, Blowjob, Creampie, Hardcore, POV, Pantyhose, Shaved Pussy"
ultrafilms.19.07.30.anna.jolie.and.crystal.greenvelle.hot.maid.ep.4.1080p.mp4,743664435,1405.295,,g537d63e,"Brunette, Kissing, Lesbian, Lingerie, Masturbation, Pussy Licking, Shaved Pussy, Small Tits"
wowgirls.19.07.29.sofi.smile.fuck.me.sofi.smile.1080p.mp4,2113213764,1385.093,,d601f42a,"4K, 60 Frames, Fuck Me, Masturbation, Shaved Pussy, Small Tits, Solo"
ultrafilms.19.07.26.marina.visconti.anal.lust.1080p.mp4,1166739590,2209.448,,ifdd587a,"Anal, Big Tits, Dildo and Toys, Hardcore, Kissing, Masturbation, Outdoors, Pussy Licking, Shaved Pussy"
wowgirls.19.07.25.kate.rich.vagina.scents.1080p.mp4,2526392666,1653.377,,i15550f0,"4K, 60 Frames, Acoustic Intimacy, Blowjob, Cum In Mouth, Cum On Face, Handjob, Hardcore, Masturbation, POV, Redhead, Shaved Pussy, Small Tits"
ultrafilms.19.07.22.belle.claire.cheated.with.her.ex.1080p.mp4,1009625352,1910.677,,ide4306b,"69, Blowjob, Handjob, Hardcore, Kissing, Lingerie, Masturbation, Pussy Licking, Shaved Pussy, Stockings"
wowgirls.19.07.21.nancy.a.hazel.and.jade.lust.fantasy.fulfilled.1080p.mp4,2478344782,1622.099,,ifccb59b,"4K, 60 Frames, Acoustic Intimacy, Blonde, FFF+, Fetish, Lesbian, Lingerie, Masturbation, Pussy Licking, Shaved Pussy, Small Tits, Stockings, Threesome, Toys"
wowgirls.19.07.20.adelle.unicorn.a.burnout.inside.1080p.mp4,716535986,1356.835,,h0e0f246,"4K, 60 Frames, Lingerie, Masturbation, Shaved Pussy, Solo, Stockings"
ultrafilms.19.07.18.melena.maria.anal.orgasms.are.real.1080p.mp4,974441120,1860.847,,y8e16d7b,"Anal, Dildo and Toys, Masturbation, Shaved Pussy, Small Tits, Solo"
wowgirls.19.07.17.jia.lissa.redhead.vagina.1080p.mp4,445824392,839.006,,i9ef32d4,"4K, 60 Frames, Acoustic Intimacy, Dance, Hairy Pussy, Lingerie, Masturbation, Redhead, Small Tits, Solo"
ultrafilms.19.07.14.linda.sweet.finally.dped.1080p.mp4,514663041,975.865,,h22b08e9,"Anal, Blowjob, Cum On Face, DP, Deepthroat, Handjob, Hardcore, Kissing, MMF, Masturbation, Pussy Licking, Redhead, Shaved Pussy, Threesome"
wowgirls.19.07.13.sybil.sybils.new.favourite.1080p.mp4,1259156303,2380.742,,y5e3fd49,"4K, 60 Frames, Acoustic Intimacy, Big Tits, Blowjob, Hairy Pussy, Handjob, Hardcore, Masturbation"
ultrafilms.19.07.10.maria.pie.and.nomi.friends.turn.into.lovers.1080p.mp4,1386249655,2069.973,,gc94a69e,"Blonde, Kissing, Lesbian, Masturbation, Pussy Licking, Shaved Pussy, Small Tits"
wowgirls.19.07.09.melena.maria.feeding.beautiful.pussy.1080p.mp4,741868452,1407.477,,y8e7985f,"4K, 60 Frames, Dildo, Finger Licking, Lingerie, Masturbation, Shaved Pussy, Small Tits, Solo"
ultrafilms.19.07.06.adelle.unicorn.siesta.fuck.1080p.mp4,1210331024,1403.948,,yef44d4c,"Blowjob, Cum In Mouth, Hardcore, Kissing, Lingerie, Masturbation, Shaved Pussy"
wowgirls.19.07.05.lexi.dona.and.hayli.sanders.haylis.dreams.come.true.1080p.mp4,1009984838,1912.651,,vf5e53cc,"4K, 60 Frames, Acoustic Intimacy, Brunette, Lesbian, Masturbation, Pussy Licking, Shaved Pussy"
ultrafilms.19.07.02.cindy.shine.elin.holm.and.nancy.a.ecstatic.lust.1080p.mp4,737604726,1389.946,,u6a0305f,"Blonde, FFF+, Fetish, Kissing, Lesbian, Masturbation, Redhead, Shaved Pussy, Small Tits, Threesome"
wowgirls.19.07.01.stacy.bloom.vanilla.night.1080p.mp4,1162844969,2199.2551,,zb9be60f,"4K, 60 Frames, 69, Acoustic Intimacy, Blowjob, Brunette, Cum In Mouth, Deepthroat, Handjob, Hardcore, Lingerie, Masturbation, Pussy Licking, Shaved Pussy"
ultrafilms.19.06.28.kate.rich.from.belorussia.with.lust.1080p.mp4,1370701654,1574.684,,cef9a5ee,"69, Blowjob, Cum In Mouth, Deepthroat, Handjob, Hardcore, Kissing, Lingerie, Masturbation, Pussy Licking, Redhead, Shaved Pussy, Small Tits, Stockings"
wowgirls.19.06.27.mila.azul.indisputable.hotness.1080p.mp4,740581442,926.29,,gce6bb7a,"4K, 60 Frames, Big Tits, Finger Licking, Lingerie, Masturbation, Shaved Pussy, Solo, Stockings"
wowgirls.19.06.27.gina.gerson.the.sex.artist.1080p.mp4,1496123085,2242.281,,u88c3af1,"4K, 60 Frames, 69, Acoustic Intimacy, Blowjob, Handjob, Hardcore, Masturbation, POV, Pussy Licking, Shaved Pussy, Small Tits"
ultrafilms.19.06.24.adel.morel.eva.elfie.nancy.a.and.sybil.foursome.of.goddesses.1080p.mp4,1139559879,2156.298,,u81ea9a0,"Big Tits, Blonde, Brunette, FFF+, Group, Hairy Pussy, Kissing, Lesbian, Lingerie, Masturbation, Pussy Licking, Shaved Pussy, Small Tits"
wowgirls.19.06.23.sybil.lustful.girl.1080p.mp4,1511495518,1846.358,,d7ff60e9,"4K, 60 Frames, Acoustic Intimacy, Big Tits, Blowjob, Footjob, Hairy Pussy, Handjob, Hardcore, Lingerie, Pantyhose, Pussy Licking"
ultrafilms.19.06.20.elin.holm.inexplicably.wonderful.3.1080p.mp4,1211474468,2291.322,,z45d8f30,"Blowjob, Handjob, Hardcore, Kissing, Masturbation, Redhead, Shaved Pussy, Small Tits"
wowgirls.19.06.19.alexis.crystal.and.anna.jolie.girlfriends.best.friend.1080p.mp4,791123293,1503.887,,g352e753,"4K, 60 Frames, 69, Brunette, Lesbian, Masturbation, Pussy Licking, Shaved Pussy, Small Tits, Toys"
ultrafilms.19.06.16.nancy.a.nude.fitness.with.nancy.1080p.mp4,940862038,1040.486,,yaa74c07,"Blonde, Masturbation, Outdoors, Shaved Pussy, Solo, Sport and Fitness"
wowgirls.19.06.15.lena.reif.sweet.girlfriend.1080p.mp4,1804162473,2165.655,,y3fba1a3,"4K, 60 Frames, Blowjob, Cum In Mouth, Cum On Face, Deepthroat, Handjob, Hardcore, Masturbation, POV, Pussy Licking, Shaved Pussy"
wowgirls.19.06.13.nancy.a.and.kira.nude.training.gone.wild.1080p.mp4,1239160424,2321.642,,z4a8b0ce,"4K, 60 Frames, Blonde, Brunette, Hairy Pussy, Lesbian, Masturbation, Pussy Licking, Small Tits, Sport and Fitness"
ultrafilms.19.06.12.adelle.unicorn.and.sybil.the.dump.for.lust.1080p.mp4,1326779412,2511.888,,uc5dba74,"Big Tits, Blowjob, Handjob, Hardcore, Kissing, Masturbation, POV, Pussy Licking, Shaved Pussy"
wowgirls.19.06.09.melena.maria.melenas.happy.hour.1080p.mp4,1027948636,1565.698,,fd0abeeb,"4K, 60 Frames, Lingerie, Masturbation, Shaved Pussy, Small Tits, Solo, Stockings, Toys"
ultrafilms.19.06.08.cindy.shine.kate.rich.and.nancy.a.pillow.princess.1080p.mp4,1051413352,1981.869,,gd7de1c2,"Blonde, Dildo and Toys, FFF+, Kissing, Lesbian, Masturbation, Pussy Licking, Redhead, Shaved Pussy, Small Tits, Threesome"
wowgirls.19.06.05.kate.rich.docile.lady.1080p.mp4,1317978218,2492.824,,j9728a77,"4K, 60 Frames, 69, Acoustic Intimacy, Blowjob, Cum In Mouth, Deepthroat, Handjob, Hardcore, Masturbation, Pussy Licking, Redhead, Shaved Pussy, Small Tits"
ultrafilms.19.06.04.cindy.shine.and.kate.rich.lustful.welcome.for.new.girl.1080p.mp4,2022437553,2632.516,,z6cfe56e,"Blowjob, Creampie, FFM, Hardcore, Kissing, Masturbation, POV, Pussy Licking, Redhead, Shaved Pussy, Small Tits, Threesome"
wowgirls.19.06.01.lady.d.and.sybil.private.show.1080p.mp4,1124025386,2109.9739,,i6fb84e3,"4K, 60 Frames, 69, Big Tits, Brunette, Finger Licking, Hairy Pussy, Lesbian, Lingerie, Masturbation, Pussy Licking, RGB Light, Shaved Pussy, Small Tits"
ultrafilms.19.05.31.adel.morel.and.nancy.a.bad.girls.found.out.1080p.mp4,1105272822,1105.038,,cd1b096e,"Blonde, Brunette, Dildo and Toys, Kissing, Lesbian, Lingerie, Masturbation, Shaved Pussy, Small Tits, Stockings"
wowgirls.19.05.28.elin.holm.unexpected.anal.gift.1080p.mp4,1154724968,2183.651,,w6279c3a,"4K, 60 Frames, Anal, Blowjob, Creampie, Hardcore, Redhead, Shaved Pussy"
wowgirls.19.05.27.ulia.need.seed.1080p.mp4,1237299230,1702.301,,ue48236a,"4K, 60 Frames, Blowjob, Cum On Face, Hardcore, Lingerie, Masturbation, Pussy Licking, Shaved Pussy, Small Tits"
ultrafilms.19.05.27.eva.elfie.cumming.in.ecstasy.1080p.mp4,1294793080,1722.41,,z37ca5bd,"Big Tits, Blonde, Blowjob, Handjob, Hardcore, Kissing, Masturbation, Shaved Pussy"
wowgirls.19.05.24.nancy.a.extraordinary.wet.1080p.mp4,888132620,1573.848,,j1012006,"4K, 60 Frames, Acoustic Intimacy, Blonde, Lingerie, Masturbation, Shaved Pussy, Solo"
ultrafilms.19.05.23.lexi.dona.and.sybil.bedroom.reserved.for.girls.1080p.mp4,1161605559,2195.4,,b390e12e,"Big Tits, Brunette, Kissing, Lesbian, Pussy Licking"
wowgirls.19.05.20.nata.ocean.and.eva.elfie.nerd.gets.fuck.of.his.lifetime.2.1080p.mp4,1297209506,2458.32,,e6a04cf3,"4K, 60 Frames, Acoustic Intimacy, Big Tits, Blonde, Blowjob, Cum On Face, FFM, Finger Licking, Hardcore, Masturbation, POV, Pussy Licking, Shaved Pussy, Threesome, WowGirls Hottest"
ultrafilms.19.05.19.tali.dova.flicking.my.vagina.1080p.mp4,546053528,1031.151,,efc16292,"Hairy Pussy, Masturbation, Outdoors, Solo"
wowgirls.19.05.16.mila.azul.rediscovering.self.joy.1080p.mp4,1124725946,1347.616,,gab01d2c,"4K, 60 Frames, Acoustic Intimacy, Big Tits, Masturbation, Shaved Pussy, Solo"
ultrafilms.19.05.15.nancy.a.playing.with.wet.nancy.1080p.mp4,1509309113,1966.01,,a9234fa7,"Blonde, Blowjob, Fetish, Handjob, Hardcore, Kissing, Masturbation, Pussy Licking, Shaved Pussy"
wowgirls.19.05.12.nancy.a.sybil.and.eva.elfie.warm.welcome.1080p.mp4,1559847232,1855.623,,v84f6c5f,"4K, 60 Frames, 69, Acoustic Intimacy, Big Tits, Blonde, FFF+, Hairy Pussy, Lesbian, Lingerie, Masturbation, Pussy Licking, Shaved Pussy, Threesome"
ultrafilms.19.05.11.eva.elfie.and.nancy.a.the.scent.of.lust.1080p.mp4,1166467581,1671.465,,h4b996d6,"Big Tits, Blonde, Kissing, Lesbian, Masturbation, Pussy Licking, Shaved Pussy"
wowgirls.19.05.08.sybil.tied.up.beauty.1080p.mp4,1625469783,2521.966,,j8cfa467,"4K, 60 Frames, 69, Acoustic Intimacy, Big Tits, Blowjob, Fetish, Hairy Pussy, Handjob, Hardcore, Lingerie, Masturbation, POV, Pussy Licking"
ultrafilms.19.05.07.elin.holm.gamification.of.sex.1080p.mp4,1584350855,2537.082,,fab87ab3,"69, Blowjob, Handjob, Hardcore, Lingerie, Masturbation, POV, Pussy Licking, Redhead, Shaved Pussy, Small Tits"
wowgirls.19.05.04.sybil.and.hayli.sanders.obsessed.with.amazing.pussy.smell.1080p.mp4,1425310920,2390.494,,ua65c9c2,"4K, 60 Frames, 69, Acoustic Intimacy, Big Tits, Brunette, Hairy Pussy, Lesbian, Masturbation, Pussy Licking, Shaved Pussy"
ultrafilms.19.05.03.nomi.and.vanessa.wet.hotties.1080p.mp4,1003932834,1611.5115,,g11324ae,"Bathroom, Lesbian, Lingerie, Masturbation, Pool, Shaved Pussy, Small Tits"
wowgirls.19.04.30.nata.ocean.inter.view.of.nata.1080p.mp4,716476016,914.332,,x9210fa3,"4K, 60 Frames, Interview, Masturbation, RED, Shaved Pussy, Solo, Toys"
ultrafilms.19.04.29.sofi.goldfinger.and.violette.blondes.have.more.fun.1080p.mp4,1696341535,1562.285,,z1121154,"Anal, Blonde, Blowjob, FFM, Hardcore, Lingerie, Masturbation, Pussy Licking, Shaved Pussy, Small Tits, Stockings, Threesome"
wowgirls.19.04.26.nancy.a.role.playing.games.1080p.mp4,1506124094,1782.248,,ac5ce4db,"4K, 60 Frames, Acoustic Intimacy, Blonde, Blowjob, Fetish, Footjob, Handjob, Hardcore, Lingerie, POV"
wowgirls.19.04.25.charli.red.the.domino.effect.1080p.mp4,1236616774,1545.729,,ee3ccbb2,"4K, 60 Frames, 69, Acoustic Intimacy, Blowjob, Cum In Mouth, Handjob, Hardcore, Masturbation, POV, Pussy Licking, Redhead, Shaved Pussy, Small Tits"
ultrafilms.19.04.25.alecia.fox.lena.reif.and.nelya.jealous.to.share.1080p.mp4,1757298751,2286.5867,,cf3c0ce1,"Blowjob, Cum On Face, Deepthroat, Group, Handjob, Hardcore, Kissing, Lingerie, Masturbation, Pussy Licking, Shaved Pussy, Small Tits"
wowgirls.19.04.22.nancy.a.and.eva.elfie.busty.love.1080p.mp4,1607250694,2272.444,,w8feec61,"4K, 60 Frames, Acoustic Intimacy, Big Tits, Blonde, Lesbian, Masturbation, Pantyhose, Pussy Licking, Shaved Pussy, Toys"
ultrafilms.19.04.21.hazel.and.nancy.a.beautiful.sunset.1080p.mp4,1421268361,1417.2339,,fc668aa3,"Blonde, Kissing, Lesbian, Masturbation, Pussy Licking, Shaved Pussy"
wowgirls.19.04.18.melena.maria.clit.fitness.1080p.mp4,896956647,1387.95,,ya5182a4,"4K, 60 Frames, Masturbation, Shaved Pussy, Small Tits, Solo, Sport and Fitness"
ultrafilms.19.04.17.janice.i.am.only.anal.1080p.mp4,1064820428,1709.314,,z1f82d23,"Anal, Blowjob, Hardcore, Kissing, Masturbation, Outdoors, Pussy Licking, Redhead"
wowgirls.19.04.14.stacy.bloom.pink.mirror.1080p.mp4,777054235,1064.937,,z852f73f,"4K, 60 Frames, Blowjob, Brunette, Handjob, Hardcore, Lingerie, Shaved Pussy"
ultrafilms.19.04.13.elin.holm.and.kate.rich.girly.bedroom.1080p.mp4,633310438,946.585,,b0708b6d,"Kissing, Lesbian, Masturbation, Redhead, Sapphic First, Shaved Pussy, Small Tits"
wowgirls.19.04.10.maria.pie.nomi.paula.shy.and.vanessa.there.are.no.good.girls.4k.1080p.mp4,1143369714,1784.3511,,z809f154,"4K, Blonde, FFF+, Group, Ibiza Love, Lesbian, Masturbation, Oil and Cream, Outdoors, Pool, RED, Redhead, Shaved Pussy, Small Tits"
ultrafilms.19.04.09.stacy.cruz.and.sybil.boobs.date.1080p.mp4,1806970389,2696.162,,c4e4bddd,"Big Tits, Kissing, Lesbian, Masturbation, POV, Pantyhose, Pussy Licking"
wowgirls.19.04.06.nelya.pleasing.her.anal.1080p.mp4,1422515519,1792.8762,,udeb2328,"4K, 60 Frames, Acoustic Intimacy, Anal, Blowjob, Cum In Mouth, Deepthroat, Fetish, Handjob, Hardcore, Lingerie, Masturbation, Pussy Licking, Shaved Pussy, Small Tits"
ultrafilms.19.04.05.evelina.darling.too.big.for.my.pussy.1080p.mp4,1267797909,1516.356,,j95ab8b1,"Blowjob, Cum On Face, Deepthroat, Handjob, IR, Shaved Pussy"
wowgirls.19.04.02.hayli.sanders.and.stacy.bloom.new.girl.is.always.feels.special.1080p.mp4,1150811371,1856.041,,bf449027,"4K, 60 Frames, 69, Acoustic Intimacy, Brunette, Dildo, Fetish, Lesbian, Lingerie, Masturbation, Pussy Licking, Shaved Pussy"
ultrafilms.19.04.01.kate.rich.playing.with.a.doll.1080p.mp4,1135748582,1562.982,,h135702b,"Blowjob, Cum In Mouth, Fetish, Hardcore, Masturbation, Pussy Licking, Redhead, Shaved Pussy, Small Tits"
wowgirls.19.03.29.alice.k.love.experiments.1080p.mp4,1929288911,2303.675,,d3fb08c7,"4K, 60 Frames, Blowjob, Cum On Face, Hardcore, Masturbation, Pussy Licking, Shaved Pussy"
ultrafilms.19.03.28.nimfa.and.sade.mare.friendship.turns.into.love.1080p.mp4,1092712700,1529.8,,z3405115,"Brunette, Lesbian, Lingerie, Masturbation, Pussy Licking, Shaved Pussy, Small Tits"
wowgirls.19.03.25.eva.elfie.fuck.me.eva.elfie.1080p.mp4,886801818,1394.637,,ya2547f8,"4K, 60 Frames, Acoustic Intimacy, Big Tits, Blonde, Fuck Me, Masturbation, Shaved Pussy, Solo"
ultrafilms.19.03.24.lika.star.and.stefanie.moon.desire.for.blondes.1080p.mp4,2295670316,2614.869,,ec593652,"69, Blonde, Blowjob, Cum In Mouth, Deepthroat, FFM, Hardcore, Kissing, Masturbation, POV, Pussy Licking, Shaved Pussy, Small Tits, Threesome"
wowgirls.19.03.21.nikol.and.lena.reif.nymphos.get.damn.horny.1080p.mp4,1285026285,1659.8431,,j63dcab4,"4K, 60 Frames, Acoustic Intimacy, Hairy Pussy, Lesbian, Masturbation, Pussy Licking, Shaved Pussy, Sport and Fitness, Stockings"
ultrafilms.19.03.20.stacy.cruz.fuck.me.stacy.cruz.1080p.mp4,657359084,1044.201,,x01a6214,"Big Tits, Fuck Me, Lingerie, Masturbation, Solo"
wowgirls.19.03.17.eva.elfie.nerd.gets.fuck.of.a.lifetime.1080p.mp4,1384122491,2094.997,,w39a62dc,"4K, 60 Frames, Acoustic Intimacy, Big Tits, Blonde, Blowjob, Cum In Mouth, Handjob, Hardcore, Masturbation, POV, Pussy Licking, Shaved Pussy, WowGirls Hottest"
ultrafilms.19.03.16.anna.di.elina.de.lion.hazel.and.nancy.a.stunning.four.1080p.mp4,1107042652,1460.442,,w96ea328,"Blonde, FFF+, Group, Kissing, Lesbian, Lingerie, Masturbation, Shaved Pussy, Small Tits"
wowgirls.19.03.13.adel.morel.and.alice.shea.first.time.with.a.girl.1080p.mp4,1005694936,1727.495,,c969a98f,"4K, 60 Frames, Brunette, Lesbian, Masturbation, Pussy Licking, Shaved Pussy, Small Tits, Toys"
ultrafilms.19.03.12.anina.silk.clover.and.dione.girls.dream.1080p.mp4,1337125321,2040.1902,,v898c124,"69, Blowjob, Brunette, Deepthroat, Fetish, Group, Handjob, Hardcore, Kissing, Masturbation, Pussy Licking, Shaved Pussy, Stockings"
wowgirls.19.03.10.last.cheat.ep.2.1080p.mp4,1100402761,901.956,,ueb9500b,"4K, 60 Frames, Big Tits, Brunette, Dance, Group, Masturbation, Outdoors, Pussy Licking, Redhead, Shaved Pussy"
ultrafilms.19.03.08.adelle.unicorn.and.nikol.intense.orgasms.1080p.mp4,1384299109,1698.934,,jb52dd6a,"Big Tits, Dildo and Toys, Fetish, Hairy Pussy, Lesbian, Lingerie, Masturbation, Pantyhose, Pussy Licking, Shaved Pussy"
wowgirls.19.03.06.last.cheat.ep.1.1080p.mp4,725626240,1162.2289,,hc919add,"4K, 60 Frames, Anal, Big Tits, Blowjob, Brunette, Cum In Mouth, Deepthroat, Handjob, Hardcore, Pussy Licking, RED, Redhead, Shaved Pussy"
ultrafilms.19.03.04.lika.star.fair.play.1080p.mp4,1861724718,2326.175,,hdf75dcd,"Blonde, Blowjob, Cum In Mouth, Cum On Face, Handjob, Hardcore, Masturbation, Pussy Licking, Shaved Pussy, Small Tits"
wowgirls.19.03.02.stacy.bloom.fuck.me.stacy.bloom.1080p.mp4,478044783,905.5889,,v30536b1,"4K, 60 Frames, Brunette, Fuck Me, Masturbation, Shaved Pussy, Solo, Stockings"
ultrafilms.19.02.28.kate.rich.fuck.me.kate.rich.1080p.mp4,931966780,1470.473,,ib81f156,"Fuck Me, Masturbation, Pantyhose, Redhead, Shaved Pussy, Small Tits, Solo"
wowgirls.19.02.26.izzy.delphine.horny.lovers.1080p.mp4,1277557681,1797.48,,ibb361ad,"4K, 60 Frames, Blonde, Blowjob, Hardcore, Masturbation, Pussy Licking, RED, Shaved Pussy, Small Tits"
wowgirls.19.02.25.taisia.shanti.resistance.is.futile.1080p.mp4,1123137863,2179.4795,,x46e5df2,"4K, 60 Frames, Blowjob, Brunette, Cum In Mouth, Cum On Face, Deepthroat, Fetish, Hairy Pussy, Hardcore, Lingerie, Masturbation, RED, Small Tits"
ultrafilms.19.02.24.sybil.wet.dreams.come.true.1080p.mp4,1750898646,2463.266,,y5d7ee2a,"Big Tits, Blowjob, Handjob, Hardcore, Kissing, Masturbation, Pussy Licking"
wowgirls.19.02.22.mila.azul.private.orgasm.1080p.mp4,1776665609,1158.374,,v4f39b63,"4K, 60 Frames, 6K, Big Tits, Fuck Me, Masturbation, RED, Shaved Pussy, Solo"
ultrafilms.19.02.20.anjelica.sunny.skin.1080p.mp4,703668267,1108.6086,,u9983896,"Masturbation, Outdoors, Pool, Shaved Pussy, Small Tits, Solo"
wowgirls.19.02.18.anie.darling.lena.reif.and.jia.lissa.lickers.paradis.1080p.mp4,2306219902,2808.5752,,i690002d,"4K, 60 Frames, Acoustic Intimacy, Brunette, FFF+, Hairy Pussy, Lesbian, Lingerie, Masturbation, POV, Pussy Licking, Redhead, Rimming, Shaved Pussy, Small Tits, Threesome"
ultrafilms.19.02.16.elle.rose.leanne.lace.and.nelya.discovery.of.perfect.gigolo.1080p.mp4,2560777672,2635.72,,z5dd3d18,"Blowjob, Brunette, Group, Handjob, Hardcore, Kissing, Lingerie, Masturbation, Pussy Licking, Shaved Pussy, Small Tits, Stockings"
wowgirls.19.02.14.piper.perry.tiny.girl.who.loves.big.cocks.1080p.mp4,788944360,1691.4248,,xb9656ec,"4K, Blonde, Blowjob, Cum In Mouth, Fetish, Handjob, Hardcore, IR, Lingerie, Masturbation, POV, Shaved Pussy, Small Tits"
ultrafilms.19.02.12.anna.di.and.hazel.discovery.of.perfect.clit.toy.1080p.mp4,1251940643,1598.554,,y9d9a05c,"Blonde, Dildo and Toys, Kissing, Lesbian, Masturbation, Pussy Licking, Shaved Pussy, Small Tits"
wowgirls.19.02.10.jade.and.adel.morel.lustful.shave.1080p.mp4,1837194650,1684.8181,,g8f3ae09,"4K, 60 Frames, Acoustic Intimacy, Blonde, Brunette, Hairy Pussy, Lesbian, Lingerie, Masturbation, Oil and Cream, Pantyhose, Shaved Pussy, Shaving, Small Tits"
ultrafilms.19.02.08.adelle.unicorn.private.lesson.cliterally.1080p.mp4,1770466160,1883.4167,,c39c05f3,"Blowjob, Hardcore, Kissing, Lingerie, Masturbation, Pussy Licking, Shaved Pussy, Stockings"
wowgirls.19.02.06.nancy.a.gone.fishing.1080p.mp4,2335192087,2092.4424,,w43a5548,"4K, 60 Frames, Blonde, Blowjob, Hardcore, Lingerie, Masturbation, Outdoors, Pussy Licking, RED"
ultrafilms.19.02.04.adelle.unicorn.love.me.harder.1080p.mp4,784091803,1002.08545,,z6dddd7a,"Lingerie, Masturbation, Shaved Pussy, Solo"
wowgirls.19.02.02.clarice.wildberry.1080p.mp4,1491219132,1603.5536,,xacf83fc,"4K, 60 Frames, Lingerie, Oil and Cream, Outdoors, RED, Shaved Pussy, Small Tits, Softcore, Solo"
ultrafilms.19.01.31.ally.and.milena.devi.anal.shock.1080p.mp4,1712581010,3146.6133,,i40bea58,"Anal, Blowjob, Cum On Face, Dildo and Toys, FFM, Handjob, Hardcore, Lingerie, Masturbation, POV, Shaved Pussy, Small Tits, Stockings, Threesome"
wowgirls.19.01.29.anie.darling.and.adel.morel.friends.with.benefits.1080p.mp4,1500018040,1779.1458,,h1edda52,"4K, 60 Frames, Acoustic Intimacy, Brunette, Hairy Pussy, Lesbian, Masturbation, Pussy Licking, Shaved Pussy, Small Tits"
ultrafilms.19.01.27.hazel.and.lika.star.wetted.lips.1080p.mp4,922191797,2187.254,,x1df42ad,"Blonde, Brunette, Kissing, Lesbian, Lingerie, Masturbation, Pussy Licking, Shaved Pussy, Small Tits"
wowgirls.19.01.25.cindy.shine.and.lena.reif.cum.lovers.1080p.mp4,2197346079,2793.36,,x3bd0bb9,"4K, 60 Frames, Acoustic Intimacy, Blowjob, FFM, Handjob, Hardcore, Lingerie, Masturbation, POV, Pussy Licking, Shaved Pussy, Small Tits, Threesome, Toys"
wowgirls.19.01.23.lady.bug.fuck.me.lady.bug.1080p.mp4,1190718179,1568.3184,,v3e39d11,"4K, 60 Frames, Fuck Me, Lingerie, Masturbation, RED, Shaved Pussy, Small Tits, Solo"
ultrafilms.19.01.23.gina.gerson.dancing.to.the.heaven.episode.2.1080p.mp4,2421715865,1868.435,,xef3649c,"Anal, Hardcore, Kissing, Masturbation, Pussy Licking, Shaved Pussy, Small Tits"
wowgirls.19.01.21.nancy.a.and.sybil.rediscovering.friendship.1080p.mp4,1098771821,1588.1382,,x6447caf,"4K, 60 Frames, Acoustic Intimacy, Big Tits, Blonde, Dildo, Hairy Pussy, Interview, Lesbian, Lingerie, Masturbation, Pussy Licking, Shaved Pussy, Toys"
ultrafilms.19.01.19.michaela.isizzu.beautiful.coaching.1080p.mp4,737023262,1397.3307,,v6426d97,"Masturbation, Outdoors, Solo, Sport and Fitness"
wowgirls.19.01.17.cindy.shine.arousing.beauty.1080p.mp4,1304672440,1789.7397,,b0f539c1,"4K, 60 Frames, 69, Acoustic Intimacy, Blowjob, Cum In Mouth, Deepthroat, Handjob, Hardcore, Lingerie, Pussy Licking, RED, Shaved Pussy, Small Tits"
ultrafilms.19.01.15.olivka.anal.begger.1080p.mp4,1161220483,2330.1301,,ce3d4f05,"Anal, Blonde, Blowjob, Deepthroat, Dildo and Toys, Handjob, Hardcore, IR, Masturbation, POV, Shaved Pussy, Small Tits"
wowgirls.19.01.13.nelya.and.elle.rose.dripping.juices.girls.1080p.mp4,1615805922,2051.735,,f14e1f24,"4K, 60 Frames, Acoustic Intimacy, Anal, Lesbian, Lingerie, Masturbation, Pussy Licking, Shaved Pussy, Small Tits"
ultrafilms.19.01.11.maria.pie.and.virginie.lust.and.found.1080p.mp4,614506223,1180.0801,,f090250b,"Kissing, Lesbian, Masturbation, Pussy Licking, Shaved Pussy"
wowgirls.19.01.09.stefanie.moon.a.hot.quickie.1080p.mp4,2209184173,2341.675,,jd44ce67,"4K, 60 Frames, Acoustic Intimacy, Blowjob, Creampie, Deepthroat, Hardcore, Lingerie, Masturbation, Pantyhose, Shaved Pussy, Small Tits"
ultrafilms.19.01.07.lovenia.dancing.to.the.heaven.episode.3.1080p.mp4,922928550,1662.8962,,b0d0f79d,"Blowjob, Brunette, Deepthroat, Handjob, Hardcore, Lingerie, MMF, Masturbation, POV, Pussy Licking, Shaved Pussy, Small Tits, Threesome"
wowgirls.19.01.05.anna.di.and.jia.lissa.turned.on.peeking.1080p.mp4,1491072019,1601.3013,,x509bdb4,"4K, 60 Frames, Acoustic Intimacy, Bathroom, Blonde, Hairy Pussy, Lesbian, Lingerie, Masturbation, Pussy Licking, Redhead, Shaved Pussy, Small Tits"
wowgirls.19.01.03.dione.paula.shy.and.tina.three.horny.and.wet.1080p.mp4,1395511342,1686.0527,,j0721ee2,"4K, 60 Frames, Blowjob, Brunette, Deepthroat, Group, Handjob, Hardcore, Lingerie, Masturbation, RED, Redhead, Shaved Pussy, Small Tits"
ultrafilms.19.01.03.cassie.fire.sofi.goldfinger.and.vanessa.decker.dream.trio.1080p.mp4,997565414,1624.5579,,d6575d14,"Brunette, FFF+, Kissing, Lesbian, Lingerie, Masturbation, Pussy Licking, Shaved Pussy, Small Tits, Threesome"
wowgirls.19.01.01.hazel.tie.hazel.up.tie.hazel.down.1080p.mp4,1785278687,1963.1798,,wbfffbef,"4K, 60 Frames, Acoustic Intimacy, Blowjob, Fetish, Hardcore, Masturbation, Pussy Licking, Shaved Pussy, Toys"
ultrafilms.18.12.30.dasha.s.and.lucy.li.horny.squatters.1080p.mp4,1292819588,1965.406,,cbc388d0,"Big Tits, Blowjob, Brunette, Cum On Face, Group, Handjob, Hardcore, Outdoors, Shaved Pussy"
wowgirls.18.12.28.anna.di.and.elina.de.lion.from.friends.to.lovers.1080p.mp4,1458170054,1735.7858,,h64531ac,"4K, 60 Frames, 69, Acoustic Intimacy, Blonde, Lesbian, Lingerie, Masturbation, Pussy Licking, Shaved Pussy, Small Tits"
ultrafilms.18.12.26.nancy.a.wetting.all.around.1080p.mp4,1028356870,1801.268,,y29f423c,"Blonde, Lingerie, Masturbation, Oil and Cream, Solo"
wowgirls.18.12.24.nelya.and.stefanie.moon.slutty.maids.1080p.mp4,1898149559,2528.8955,,je7c9d3b,"4K, 60 Frames, Acoustic Intimacy, Blowjob, Deepthroat, FFM, Handjob, Hardcore, Masturbation, POV, Pussy Licking, Shaved Pussy, Small Tits, Threesome"
ultrafilms.18.12.22.lena.reif.encounter.with.a.boner.boy.1080p.mp4,1740865246,2350.2168,,bc0cffcf,"Anal, Blowjob, Cum In Mouth, Cum On Face, Hardcore, Lingerie, Masturbation, Pussy Licking, Rimming, Shaved Pussy"
wowgirls.18.12.22.alegra.and.cassie.fire.feel.better.soon.1080p.mp4,2119116136,2565.799,,d70e439b,"4K, 60 Frames, 69, Blowjob, Brunette, Deepthroat, FFM, Handjob, Hardcore, Masturbation, Pussy Licking, Shaved Pussy, Small Tits, Threesome"
wowgirls.18.12.20.alecia.fox.and.anie.darling.secret.lovers.1080p.mp4,1078192084,1466.0494,,zc130dd9,"4K, 60 Frames, 69, Acoustic Intimacy, Blonde, Brunette, Lesbian, Lingerie, Masturbation, Pussy Licking, Shaved Pussy, Small Tits"
ultrafilms.18.12.18.izzy.delphine.summer.affair.1080p.mp4,1052184132,2105.8726,,f2911b83,"69, Blonde, Blowjob, Cum In Mouth, Cum On Face, Hardcore, Kissing, Outdoors, Pussy Licking, Shaved Pussy, Small Tits"
wowgirls.18.12.16.mila.azul.fruit.of.love.1080p.mp4,1068331804,1481.081,,zdb1b75f,"4K, 60 Frames, Acoustic Intimacy, Big Tits, Finger Licking, Masturbation, Shaved Pussy, Solo"
ultrafilms.18.12.14.nimfa.and.sade.mare.arousing.shyness.1080p.mp4,672716415,1540.7074,,za9fa9f2,"Brunette, Kissing, Lesbian, Masturbation, Pussy Licking, Shaved Pussy, Small Tits, Stockings"
wowgirls.18.12.12.gina.gerson.anabelle.and.katy.rose.world.cup.final.battle.1080p.mp4,2362377913,1789.723,,h7b78c1f,"4K, 60 Frames, 69, Big Tits, Blonde, Blowjob, Group, Handjob, Hardcore, Masturbation, Outdoors, Shaved Pussy, Small Tits, Sport and Fitness"
wowgirls.18.12.10.lexi.dona.and.sybil.she.gets.me.1080p.mp4,1728225466,2114.381,,g5cfd980,"4K, 60 Frames, 69, Big Tits, Brunette, Hairy Pussy, Lesbian, Lingerie, Masturbation, Pussy Licking, RED, Shaved Pussy"
wowgirls.18.12.10.katy.rose.and.hazel.sharing.my.spoils.1080p.mp4,2082905524,2204.3542,,c6d4739c,"4K, 60 Frames, 69, Blowjob, Brunette, Cum On Face, Deepthroat, FFM, Handjob, Hardcore, Masturbation, Pussy Licking, RED, Shaved Pussy, Threesome"
ultrafilms.18.12.10.alexis.crystal.and.nancy.a.makeup.artist.ep.1.1080p.mp4,825931916,1583.1832,,g63551a8,"Blowjob, Hardcore, Kissing, Masturbation, Pussy Licking, Shaved Pussy"
wowgirls.18.12.06.nancy.a.anna.di.cindy.shine.and.jia.lissa.incredibly.horny.girls.1080p.mp4,1464550355,1820.4037,,g70b42b7,"4K, 60 Frames, 69, Acoustic Intimacy, Blonde, Group, Lesbian, Masturbation, Pussy Licking, Redhead, Shaved Pussy, Small Tits"
ultrafilms.18.12.06.crystal.greenvelle.and.paris.devine.hot.maid.ep.3.1080p.mp4,850939013,1444.7448,,z7e46554,"Blowjob, Brunette, FFM, Hardcore, Lingerie, Masturbation, Pussy Licking, Shaved Pussy, Small Tits, Threesome"
ultrafilms.18.12.02.in.a.room.with.five.horny.chicks.1080p.mp4,1218958245,2213.4133,,vc49eb18,"Blonde, Brunette, FFF+, Group, Kissing, Lesbian, Lingerie, Masturbation, Outdoors, Pussy Licking, Redhead, Shaved Pussy, Small Tits, Sport and Fitness"
wowgirls.18.12.01.elle.rose.and.leanne.lace.the.english.teacher.1080p.mp4,2696204327,2843.26,,we2f9f18,"4K, 60 Frames, Acoustic Intimacy, Blowjob, Brunette, Deepthroat, FFM, Hardcore, Masturbation, Pussy Licking, Shaved Pussy, Small Tits, Threesome, Toys"
ultrafilms.18.11.28.cayla.finally.fucked.1080p.mp4,923741587,1841.9419,,xfbfa00f,"Blonde, Blowjob, Cum On Face, Deepthroat, Handjob, Hardcore, Kissing, Masturbation, POV, Pussy Licking, Small Tits"
wowgirls.18.11.27.yarina.a.sport.time.with.yarina.a.1080p.mp4,1146472691,1211.9453,,ad2dd04a,"4K, 60 Frames, Outdoors, Softcore, Solo, Sport and Fitness"
wowgirls.18.11.26.hazel.and.charli.red.wanna.get.laid.1080p.mp4,2334286758,2304.104,,zaa33893,"4K, 60 Frames, Acoustic Intimacy, Blonde, Cum In Mouth, Deepthroat, FFM, Handjob, Hardcore, Masturbation, POV, Pussy Licking, Redhead, Shaved Pussy, Small Tits, Stockings, Threesome"
ultrafilms.18.11.23.lika.star.pretty.blonde.1080p.mp4,1070288620,1975.8091,,z913621a,"69, Blonde, Blowjob, Cum On Face, Deepthroat, Handjob, Hardcore, Lingerie, Masturbation, Pussy Licking, Shaved Pussy, Small Tits"
wowgirls.18.11.23.katy.rose.and.hazel.spontaneous.kiss.1080p.mp4,1479019945,1614.5979,,afbb8d86,"4K, 60 Frames, 69, Brunette, Lesbian, Masturbation, Pussy Licking, RED, Shaved Pussy"
ultrafilms.18.11.19.elle.rose.nancy.a.shrima.malati.and.stefanie.moon.fantastic.four.1080p.mp4,1180292853,2041.575,,jaf42f03,"Blonde, FFF+, Group, Kissing, Lesbian, Lingerie, Masturbation, Pussy Licking, Shaved Pussy, Small Tits"
wowgirls.18.11.19.cindy.shine.girl.without.panties.1080p.mp4,1340338287,1736.9369,,a5d77217,"4K, 60 Frames, Acoustic Intimacy, Blowjob, Cum On Face, Deepthroat, Hardcore, Masturbation, Pussy Licking, Shaved Pussy, Small Tits"
wowgirls.18.11.15.sybil.my.best.friends.boyfriend.1080p.mp4,1763676198,1849.0156,,x852734e,"4K, 60 Frames, Acoustic Intimacy, Big Tits, Blowjob, Hairy Pussy, Handjob, Hardcore, Masturbation, POV, Pussy Licking, RED"
ultrafilms.18.11.14.ulia.grand.slam.1080p.mp4,867841320,1713.7804,,g712558e,"Anal, Blowjob, Deepthroat, Handjob, Hardcore, Kissing, Masturbation, Outdoors, Pussy Licking, Shaved Pussy, Small Tits"
wowgirls.18.11.12.alexis.crystal.and.lovita.fate.tie.lovita.up.tie.lovita.down.1080p.mp4,1423880635,1956.6901,,zd0bc491,"4K, 60 Frames, 69, Acoustic Intimacy, Blonde, Dildo, Fetish, Hairy Pussy, Lesbian, Masturbation, Pussy Licking, Shaved Pussy"
wowgirls.18.11.12.adelle.unicorn.hottest.mess.1080p.mp4,1778669599,1947.1638,,ucbde26e,"4K, 60 Frames, Blowjob, Cum In Mouth, Hardcore, Masturbation, POV, Pussy Licking, Shaved Pussy"
ultrafilms.18.11.10.caroline.and.gina.gerson.lamour.a.trois.ep.2.1080p.mp4,1005609471,1950.05,,xc505e72,"Anal, Blowjob, Cum In Mouth, Cum On Face, Deepthroat, FFM, Handjob, Hardcore, Kissing, Lingerie, Masturbation, Outdoors, Pussy Licking, Shaved Pussy, Small Tits, Threesome"
wowgirls.18.11.07.hazel.hotel.girl.1080p.mp4,1709470243,1827.0104,,cfe370f7,"4K, 60 Frames, Blowjob, Brunette, Creampie, Hardcore, Lingerie, Masturbation, POV, Pussy Licking, RED, Shaved Pussy"
ultrafilms.18.11.05.paula.shy.enjoyed.satisfying.two.1080p.mp4,960182209,2030.297,,h219a29d,"Blowjob, Handjob, Hardcore, MMF, Masturbation, Oil and Cream, Redhead, Threesome"
wowgirls.18.11.03.anie.darling.cindy.shine.and.adel.morel.30.pleasing.fingers.1080p.mp4,1708665767,2067.4675,,f2792267,"4K, 60 Frames, Acoustic Intimacy, Brunette, FFF+, Lesbian, Lingerie, Masturbation, Pussy Licking, Shaved Pussy, Small Tits, Threesome"
ultrafilms.18.11.02.lika.star.fuck.me.lika.star.1080p.mp4,596667475,1210.9109,,x48dbe7f,"Blonde, Finger Licking, Fuck Me, Lingerie, Masturbation, Shaved Pussy, Small Tits, Solo"
ultrafilms.18.10.30.nancy.a.breathtaking.eye.contact.1080p.mp4,3314083764,2161.499,,h2e42f81,"6K, Blonde, Blowjob, Fetish, Handjob, Hardcore, Masturbation, POV, Pussy Licking, Shaved Pussy, Small Tits"
wowgirls.18.10.29.nelya.guide.to.dating.1080p.mp4,1596010528,1897.1638,,xdb1facf,"4K, 60 Frames, 69, Acoustic Intimacy, Blowjob, Cum In Mouth, Handjob, Hardcore, Masturbation, POV, Pussy Licking, Shaved Pussy, Small Tits"
wowgirls.18.10.29.leanne.lace.spontaneous.fuck.1080p.mp4,1145387207,1288.8054,,ia982854,"4K, 60 Frames, Acoustic Intimacy, Blowjob, Brunette, Cum In Mouth, Cum On Face, Deepthroat, Handjob, Hardcore, Masturbation, POV, Pussy Licking"
ultrafilms.18.10.26.stefanie.moon.slutty.mood.1080p.mp4,1175712450,1415.8658,,u8befa24,"Blowjob, Creampie, Deepthroat, Handjob, Hardcore, Kissing, Masturbation, POV, Pussy Licking, Shaved Pussy, Small Tits"
wowgirls.18.10.26.hayli.sanders.ready.for.you.1080p.mp4,1088114102,1269.7698,,gc659690,"4K, 60 Frames, Brunette, Fetish, Masturbation, Outdoors, RED, Shaved Pussy, Solo"
wowgirls.18.10.22.anna.jolie.nympho.seduced.in.the.park.1080p.mp4,1214496339,1283.0497,,h29ae568,"4K, 60 Frames, 69, Blowjob, Deepthroat, Handjob, Hardcore, Masturbation, Outdoors, Pussy Licking, RED, Shaved Pussy, Small Tits"
ultrafilms.18.10.21.lady.d.compulsive.cheater.1080p.mp4,1557877603,1997.2972,,h212068b,"Blowjob, Brunette, Deepthroat, Handjob, Hardcore, Kissing, Lingerie, MMF, Masturbation, Shaved Pussy, Threesome"
wowgirls.18.10.19.iness.and.nina.north.clit.lickers.1080p.mp4,1166908611,1610.7274,,e14e11ec,"4K, 60 Frames, Brunette, Lesbian, Masturbation, Pussy Licking, RED, Shaved Pussy, Small Tits"
ultrafilms.18.10.17.lady.bug.cockollo.castle.episode.3.1080p.mp4,1010655010,2116.917,,ad59fb03,"Blowjob, Deepthroat, Handjob, Hardcore, Kissing, Masturbation, Outdoors, Shaved Pussy, Small Tits"
wowgirls.18.10.16.leanne.lace.meet.leanne.lace.1080p.mp4,799671819,1193.7103,,u3a904b0,"4K, 60 Frames, Acoustic Intimacy, Brunette, Lingerie, Masturbation, Solo, Toys"
wowgirls.18.10.15.charli.red.and.adel.morel.taken.by.storm.1080p.mp4,1192893393,1528.4451,,baf6d028,"4K, 60 Frames, Acoustic Intimacy, Fetish, Lesbian, Lingerie, Masturbation, Pussy Licking, Redhead, Shaved Pussy, Small Tits"
ultrafilms.18.10.13.nancy.a.and.nelya.bath.time.with.horny.hotties.1080p.mp4,1729837428,1440.4905,,ued49c5a,"Bathroom, Blonde, Brunette, Finger Licking, Kissing, Lesbian, Masturbation, Sapphic First, Shaved Pussy, Small Tits"
wowgirls.18.10.12.nancy.a.exploring.horny.blonde.1080p.mp4,1078481526,1743.3099,,yf87172d,"4K, Blonde, Blowjob, Hardcore, Masturbation, Pussy Licking"
ultrafilms.18.10.10.hayli.sanders.and.sybil.cutest.love.1080p.mp4,1451695121,1774.5746,,d6011a22,"Big Tits, Brunette, Hairy Pussy, Kissing, Lesbian, Lingerie, Masturbation, Pussy Licking, Shaved Pussy"
wowgirls.18.10.08.nancy.a.in.bed.with.nancy.1080p.mp4,808552594,1209.226,,d586f63f,"4K, 60 Frames, Blonde, Lingerie, Masturbation, Oil and Cream, RED, Solo"
ultrafilms.18.10.06.stefanie.moon.cockollo.castle.episode.2.1080p.mp4,906536899,1477.8779,,g7e44a90,"Blowjob, Handjob, Hardcore, Outdoors, POV, Pee, Shaved Pussy, Small Tits"
wowgirls.18.10.04.alecia.fox.and.jia.lissa.mirror.of.your.paradise.1080p.mp4,2511967226,2456.2896,,vab6e066,"4K, 60 Frames, 69, Acoustic Intimacy, Blonde, Hairy Pussy, Lesbian, Lingerie, Masturbation, Pussy Licking, Redhead, Small Tits"
wowgirls.18.10.03.charli.red.less.talking.more.fucking.1080p.mp4,1014083258,1203.3033,,u8d1831a,"4K, 60 Frames, Acoustic Intimacy, Blowjob, Creampie, Handjob, Hardcore, Masturbation, POV, Pussy Licking, Redhead, Shaved Pussy, Small Tits"
ultrafilms.18.10.02.gina.gerson.lady.bug.and.stefanie.moon.cockollo.castle.episode.1.1080p.mp4,1631711522,2943.5103,,y08ec5c0,"69, Blowjob, Brunette, Group, Hardcore, Kissing, Masturbation, Outdoors, Pee, Pussy Licking, Shaved Pussy, Small Tits"
wowgirls.18.09.30.sasha.rose.and.tequila.fucking.two.lezzies.1080p.mp4,2114415313,2033.5336,,ub22c899,"4K, 60 Frames, 69, Blonde, Blowjob, Brunette, Cum On Face, Deepthroat, FFM, Hardcore, Masturbation, Pussy Licking, RED, Shaved Pussy, Small Tits, Threesome"
ultrafilms.18.09.29.anie.darling.and.elina.de.lion.elinas.first.time.with.a.girl.1080p.mp4,1137618923,1611.011,,h77f8426,"Brunette, Hairy Pussy, Kissing, Lesbian, Masturbation, Pussy Licking, Sapphic First, Small Tits"
wowgirls.18.09.26.sybil.sexting.addict.1080p.mp4,862909551,1384.6179,,z99779f9,"4K, 60 Frames, Acoustic Intimacy, Big Tits, Finger Licking, Hairy Pussy, Masturbation, Solo"
ultrafilms.18.09.25.elle.rose.lena.reif.and.nelya.spice.girls.1080p.mp4,1809369189,2075.5588,,c90e1be3,"69, Blowjob, Group, Hardcore, Lingerie, Masturbation, Pussy Licking, Shaved Pussy, Small Tits, Stockings"
wowgirls.18.09.22.lena.reif.creampie.kanpai.1080p.mp4,1465798931,1840.7407,,u0d24e9e,"4K, 60 Frames, Acoustic Intimacy, Blowjob, Creampie, Deepthroat, Handjob, Hardcore, Masturbation, POV, Pussy Licking, Shaved Pussy"
ultrafilms.18.09.21.nelya.shower.orgasm.1080p.mp4,1099022193,1029.2292,,fb00768d,"Bathroom, Lingerie, Masturbation, Shaved Pussy, Small Tits, Solo"
wowgirls.18.09.19.elle.rose.and.adelle.unicorn.first.chance.1080p.mp4,1177329007,1691.3413,,ff3a9bac,"4K, 60 Frames, Acoustic Intimacy, Lesbian, Lingerie, Masturbation, Pussy Licking, Shaved Pussy, Small Tits"
wowgirls.18.09.18.mila.azul.organic.beauty.1080p.mp4,1021644255,1578.979,,z83fa7d4,"4K, 60 Frames, Big Tits, Finger Licking, Masturbation, Outdoors, RED, Shaved Pussy, Solo, Sport and Fitness"
ultrafilms.18.09.17.sofi.goldfinger.and.vanessa.decker.ambushed.and.fucked.1080p.mp4,1371281039,2380.514,,c13aa07c,"Blowjob, Brunette, Cum In Mouth, FFM, Handjob, Hardcore, Kissing, Outdoors, POV, Pussy Licking, Shaved Pussy, Small Tits, Threesome"
ultrafilms.18.09.14.eva.hayli.sanders.and.nimfa.jump.on.moist.pussies.1080p.mp4,862758187,1795.4287,,u909dc79,"Brunette, FFF+, Kissing, Lesbian, Lingerie, Masturbation, POV, Shaved Pussy, Small Tits, Threesome"
wowgirls.18.09.14.cayla.and.alexa.tomas.beautiful.daybreak.1080p.mp4,2003838154,2122.8896,,bab872f8,"4K, 60 Frames, Blonde, Blowjob, Brunette, Deepthroat, FFM, Hardcore, Masturbation, POV, Pussy Licking, RED, Shaved Pussy, Small Tits, Threesome"
wowgirls.18.09.10.nancy.a.and.arteya.female.fluid.1080p.mp4,1172336805,1390.1068,,y3d8432f,"4K, 60 Frames, 69, Big Tits, Blonde, Lesbian, Lingerie, Masturbation, Pussy Licking, RED"
ultrafilms.18.09.10.alecia.fox.have.sex.not.work.1080p.mp4,1819844361,2314.648,,v343e7bf,"Blonde, Blowjob, Deepthroat, Handjob, Hardcore, Kissing, Lingerie, Masturbation, POV, Pussy Licking, Small Tits"
ultrafilms.18.09.07.kira.and.shrima.malati.splendid.orgasm.1080p.mp4,1126554846,2130.2969,,a2287ffc,"Brunette, Hairy Pussy, Kissing, Lesbian, Lingerie, Masturbation, Pussy Licking, Shaved Pussy, Small Tits"
wowgirls.18.09.06.shrima.malati.and.tee.nka.unseen.fruit.1080p.mp4,1880756677,2169.286,,ab531fdd,"4K, 60 Frames, Blonde, Blowjob, Brunette, Deepthroat, FFM, Hairy Pussy, Handjob, Hardcore, Lingerie, Masturbation, Pussy Licking, RED, Shaved Pussy, Small Tits, Threesome"
wowgirls.18.09.05.adelle.unicorn.fuck.me.adelle.unicorn.1080p.mp4,1022294519,1189.3894,,ba4f1584,"4K, 60 Frames, Acoustic Intimacy, Fuck Me, Masturbation, Shaved Pussy, Solo"
ultrafilms.18.09.03.silvie.aroused.forever.1080p.mp4,1358720664,2364.0974,,ic6a89f5,"Blowjob, Handjob, Hardcore, Kissing, Masturbation, Outdoors, POV, Pantyhose, Pussy Licking, Shaved Pussy"
wowgirls.18.09.03.lena.reif.and.jia.lissa.lenas.first.date.with.a.girl.1080p.mp4,1864473714,2446.313,,cedf521c,"4K, 60 Frames, 69, Lesbian, Lingerie, Masturbation, Pussy Licking, Redhead, Shaved Pussy, Small Tits"
wowgirls.18.08.31.shrima.malati.stefanie.moon.and.elle.rose.incredible.foursome.1080p.mp4,2387406667,2061.011,,haed8b29,"4K, 60 Frames, Blowjob, Brunette, Cum In Mouth, Cum On Face, Deepthroat, Group, Hardcore, Masturbation, Outdoors, POV, Pussy Licking, RED, Shaved Pussy, Small Tits"
ultrafilms.18.08.31.private.naked.party.1080p.mp4,4240921051,2764.869,,v13434a8,"69, Big Tits, Blonde, Brunette, Dance, FFF+, Group, Hairy Pussy, Kissing, Lesbian, Masturbation, Outdoors, Pool, Pussy Licking, Shaved Pussy, Small Tits"
ultrafilms.18.08.27.sade.mare.playing.with.sade.mare.1080p.mp4,512791565,999.8999,,b91ebefc,"Brunette, Masturbation, Shaved Pussy, Solo"
wowgirls.18.08.27.hazel.and.jade.cuteness.dominates.1080p.mp4,1154549662,1494.2776,,e55dc632,"4K, 60 Frames, 69, Acoustic Intimacy, Blonde, Hairy Pussy, Lesbian, Masturbation, Pussy Licking, Shaved Pussy, Small Tits"
wowgirls.18.08.26.eveline.day.dream.1080p.mp4,1325467081,1635.7357,,i5bfb11c,"4K, 60 Frames, 69, Acoustic Intimacy, Blowjob, Brunette, Handjob, Hardcore, Masturbation, Pussy Licking"
wowgirls.18.08.23.hazel.and.cindy.shine.seducing.nerd.into.threesome.1080p.mp4,1600549093,2210.11,,w9efb5a6,"4K, 60 Frames, 69, Acoustic Intimacy, Blowjob, FFM, Handjob, Hardcore, Lingerie, Masturbation, POV, Shaved Pussy, Small Tits, Threesome, WowGirls Hottest"
ultrafilms.18.08.23.belle.claire.mademoiselle.analable.1080p.mp4,3739318696,2449.5662,,aa2e3e93,"6K, Anal, Blowjob, Cum In Mouth, Hardcore, Kissing, Masturbation, Pussy Licking, Shaved Pussy"
wowgirls.18.08.20.anna.di.lips.to.die.for.1080p.mp4,920159812,1183.1998,,b44a50f3,"4K, 60 Frames, Acoustic Intimacy, Blonde, Dildo, Masturbation, Shaved Pussy, Small Tits, Solo"
ultrafilms.18.08.19.aislin.and.jessey.first.girl-girl.date.episode.2.1080p.mp4,1047845789,,,,
wowgirls.18.08.16.jessey.morning.horny.1080p.mp4,895586794,1444.4445,,b12fb87f,"4K, 60 Frames, Blonde, Lingerie, Masturbation, RED, Shaved Pussy, Small Tits, Solo"
ultrafilms.18.08.15.nimfa.and.sade.mare.two.beauties.anyone.1080p.mp4,816865854,1526.9269,,c417ec58,"Brunette, Kissing, Lesbian, Masturbation, Pussy Licking, Shaved Pussy, Small Tits"
wowgirls.18.08.13.anina.silk.clover.and.gina.gerson.good.girls.dream.1080p.mp4,2834926929,3018.602,,wf6b81f3,"4K, 60 Frames, Blowjob, Group, Handjob, Hardcore, IR, Lingerie, Masturbation, Outdoors, Pussy Licking, RED, Shaved Pussy, Small Tits"
ultrafilms.18.08.12.gina.gerson.inexplicably.wonderful.2.1080p.mp4,1843236795,2055.9727,,z91ffe96,"Anal, Blowjob, Deepthroat, Hardcore, Kissing, Lingerie, Pussy Licking, Shaved Pussy, Small Tits"
wowgirls.18.08.09.katarina.muti.show.for.one.1080p.mp4,2121155814,1794.2776,,j24fb384,"4K, 60 Frames, Anal, Big Tits, Hardcore, Lingerie, Shaved Pussy, Stockings"
ultrafilms.18.08.09.anna.swix.and.kira.pinky.paramour.1080p.mp4,1051045787,2025.2252,,wbc0c64a,"Bathroom, Brunette, Kissing, Lesbian, Lingerie, Masturbation, Pussy Licking, Redhead, Shaved Pussy, Small Tits"
wowgirls.18.08.08.mila.azul.she.is.a.horny.pip.1080p.mp4,797903702,1168.103,,be690873,"4K, 60 Frames, Big Tits, Masturbation, Outdoors, RED, Shaved Pussy, Solo"
ultrafilms.18.08.05.olivka.and.taisia.shanti.unfuckably.big.1080p.mp4,1571675695,2675.519,,b00e1466,"69, Anal, Blonde, Blowjob, Brunette, Cum On Face, Deepthroat, FFM, Handjob, Hardcore, IR, Kissing, Masturbation, Outdoors, POV, Pool, Pussy Licking, Shaved Pussy, Small Tits, Threesome"
wowgirls.18.08.04.nancy.a.hidden.toy.1080p.mp4,608298428,735.492,,w1b959df,"4K, 60 Frames, Bathroom, Blonde, Masturbation, RED, Solo"
wowgirls.18.08.02.gina.gerson.pornstars.room.1080p.mp4,2202355650,2408.4084,,w947bad2,"4K, 60 Frames, Blowjob, Deepthroat, Hardcore, Lingerie, POV, Pussy Licking, RED, Shaved Pussy, Small Tits"
ultrafilms.18.08.01.serena.wood.from.serena.with.love.1080p.mp4,510386552,939.1058,,eb6a7add,"Shaved Pussy, Solo"
wowgirls.18.07.31.sybil.playing.with.a.kitty.1080p.mp4,1526681303,1751.9854,,x55c7337,"4K, 60 Frames, Acoustic Intimacy, Big Tits, Blowjob, Handjob, Hardcore, Lingerie, Masturbation, POV"
wowgirls.18.07.29.milena.devi.first.time.anal.1080p.mp4,1545697526,2189.3894,,zbc515b7,"4K, 60 Frames, Anal, Blowjob, Deepthroat, Hardcore, IR, Lingerie, Masturbation, Outdoors, Pussy Licking, RED, Shaved Pussy, Small Tits"
ultrafilms.18.07.29.jackie.o.and.maria.pie.two.femme.fatale.1080p.mp4,1255842385,2129.363,,g3a3bf69,"Brunette, Kissing, Lesbian, Masturbation, Outdoors, Shaved Pussy"
wowgirls.18.07.27.eveline.and.hayli.sanders.the.hostel.1080p.mp4,983643882,1507.908,,ha94a9c3,"4K, 60 Frames, 69, Acoustic Intimacy, Brunette, Lesbian, Masturbation, Pussy Licking, Shaved Pussy"
ultrafilms.18.07.25.daniella.rose.and.timea.bella.easy.to.fuck.1080p.mp4,1387230158,2486.5867,,f0fe6fd4,"Blowjob, Brunette, Group, Handjob, Hardcore, Kissing, Masturbation, Outdoors, POV, Pussy Licking, Shaved Pussy, Small Tits"
wowgirls.18.07.24.anna.jolie.morning.wetness.3.1080p.mp4,926396862,1475.628,,yc29ef54,"4K, 60 Frames, Brunette, Masturbation, RED, Shaved Pussy, Small Tits, Solo"
ultrafilms.18.07.22.aislin.jessey.and.lovenia.lesbian.homework.1080p.mp4,847584548,1472.1055,,ef5762da,"Blonde, Brunette, FFF+, Kissing, Lesbian, Lingerie, Masturbation, Pussy Licking, Sapphic First, Shaved Pussy, Small Tits, Threesome"
wowgirls.18.07.20.alexis.crystal.and.nancy.a.seducing.her.teacher.episode.2.1080p.mp4,1206170626,1624.2576,,v035602a,"4K, 60 Frames, Blonde, Lesbian, Masturbation, Pussy Licking, RED, Shaved Pussy"
ultrafilms.18.07.18.sabrisse.menage.a.moi.1080p.mp4,699863185,1477.4108,,d0cb4acf,"Masturbation, Pantyhose, Solo"
wowgirls.18.07.17.shrima.malati.and.elle.rose.slutty.mood.1080p.mp4,2544533721,3113.747,,x9c890ee,"4K, 60 Frames, Bathroom, Blowjob, Brunette, Deepthroat, FFM, Handjob, Hardcore, Lingerie, Masturbation, POV, Pussy Licking, RED, Shaved Pussy, Small Tits, Threesome"
wowgirls.18.07.17.lady.bug.wetting.love.letters.1080p.mp4,1342825219,2044.447,,gf3913b6,"4K, 60 Frames, Finger Licking, Masturbation, RED, Shaved Pussy, Small Tits, Solo"
ultrafilms.18.07.15.anabelle.gina.gerson.and.katy.rose.world.cup.final.battle.1080p.mp4,2361659382,1789.723,,y63df62e,"69, Big Tits, Blonde, Blowjob, Group, Handjob, Hardcore, Kissing, Masturbation, Outdoors, Shaved Pussy, Small Tits, Sport and Fitness"
wowgirls.18.07.13.gina.gerson.love.experiments.1080p.mp4,1330315026,1367.934,,v04e4239,"4K, 60 Frames, Fetish, Lingerie, RED, Shaved Pussy, Small Tits, Softcore, Solo, Stockings"
ultrafilms.18.07.11.taisia.shanti.anal.by.night.1080p.mp4,1111212184,2559.7598,,e8833828,"Anal, Blowjob, Brunette, Hairy Pussy, Hardcore, IR, Kissing, Lingerie, Masturbation, Outdoors, POV, Small Tits"
wowgirls.18.07.09.j.joanna.sharing.explicit.wetness.1080p.mp4,2034339490,1948.735,,u118866e,"4K, 60 Frames, Anal, Blowjob, Cum In Mouth, Handjob, Hardcore, Masturbation, Outdoors, POV, Pussy Licking, RED, Shaved Pussy"
wowgirls.18.07.08.cassie.fire.fantasy.massage.1080p.mp4,2371830833,2682.903,,w3706515,"4K, 60 Frames, Anal, Blowjob, Brunette, Footjob, Handjob, Hardcore, Oil and Cream, Outdoors, RED, Shaved Pussy, Small Tits"
ultrafilms.18.07.07.melissa.benz.and.sybil.stretching.lesson.1080p.mp4,1403778834,1591.7584,,jeb0bd52,"Big Tits, Lesbian, Masturbation, Shaved Pussy, Small Tits, Sport and Fitness"
wowgirls.18.07.06.nancy.a.and.kira.seducing.her.teacher.episode.1.1080p.mp4,1289751733,1696.798,,g3a6c159,"4K, 60 Frames, Blonde, Brunette, Hairy Pussy, Lesbian, Masturbation, Pussy Licking, RED, Small Tits"
ultrafilms.18.07.04.mila.azul.raw.delicious.1080p.mp4,2211672964,1452.292,,ia89c6c3,"6K, Big Tits, Masturbation, Shaved Pussy, Solo"
wowgirls.18.07.02.caroline.and.izzy.delphine.lamour.ideal.1080p.mp4,1663694220,2035.67,,g27b3ee8,"4K, 60 Frames, Blonde, Blowjob, Deepthroat, FFM, Handjob, Hardcore, Masturbation, Outdoors, Pussy Licking, RED, Shaved Pussy, Small Tits, Threesome"
ultrafilms.18.07.01.marina.visconti.anal.by.day.1080p.mp4,1191934951,2463.8638,,b9468e16,"Anal, Big Tits, Blowjob, Creampie, Dildo and Toys, Hardcore, IR, Masturbation, Pussy Licking, Shaved Pussy"
wowgirls.18.06.29.nancy.a.and.lady.bug.persuasion.1080p.mp4,1417358841,1892.728,,jac9bc68,"4K, 60 Frames, Blonde, Lesbian, Lingerie, Masturbation, Pussy Licking, RED, Shaved Pussy, Small Tits"
wowgirls.18.06.28.maria.pie.stunning.arousal.1080p.mp4,842182937,1129.3961,,he9e64e1,"4K, 60 Frames, Masturbation, RED, Solo"
ultrafilms.18.06.28.eva.and.hayli.sanders.lust.of.the.flesh.1080p.mp4,1290814925,2601.468,,b002e04f,"69, Brunette, Dildo and Toys, Lesbian, Lingerie, Masturbation, Pussy Licking, Shaved Pussy, Small Tits"
wowgirls.18.06.24.eveline.anal.satisfaction.1080p.mp4,1306305393,1728.842,,bd17b868,"4K, 60 Frames, Anal, Blowjob, Brunette, Handjob, Hardcore, Masturbation, Outdoors, POV, Pussy Licking, RED"
ultrafilms.18.06.24.cherry.bright.last.tango.in.prague.1080p.mp4,1328140878,2134.9348,,j8f4901c,"Blonde, Blowjob, Cum In Mouth, Cum On Face, Deepthroat, Hardcore, Kissing, Masturbation, Pussy Licking, Shaved Pussy"
wowgirls.18.06.21.hayli.sanders.with.hayli.in.bed.1080p.mp4,1063476006,1065.076,,xc9e3c92,"4K, 60 Frames, Brunette, Interview, Lingerie, RED, Shaved Pussy, Softcore, Solo"
wowgirls.18.06.21.alexa.tomas.love.and.fuck.1080p.mp4,1665780548,1710.707,,b8c3c5e1,"4K, 60 Frames, Anal, Bathroom, Blowjob, Brunette, Cum On Face, Handjob, Hardcore, Masturbation, POV, Pussy Licking, RED, Shaved Pussy"
ultrafilms.18.06.20.anjelica.and.kiki.girl.-.girls.battle.1080p.mp4,781226057,,,,
wowgirls.18.06.17.shrima.malati.excuse.to.fuck.1080p.mp4,1333685126,1578.957,,y025f9b9,"4K, 60 Frames, Blowjob, Brunette, Cum In Mouth, Handjob, Hardcore, Outdoors, RED, Shaved Pussy, Small Tits"
ultrafilms.18.06.17.nimfa.and.sade.mare.exclusive.date.1080p.mp4,795610623,2021.7551,,gfff572d,"Brunette, Kissing, Lesbian, Masturbation, Pussy Licking, Shaved Pussy, Small Tits"
wowgirls.18.06.14.ulia.i.want.to.ride.my.bicycle.1080p.mp4,1119942558,1173.072,,a1c77527,"4K, 60 Frames, Finger Licking, Masturbation, Outdoors, RED, Shaved Pussy, Small Tits, Solo, Sport and Fitness"
ultrafilms.18.06.14.cassie.fire.sofi.goldfinger.and.violette.world.cup.winners.2018.1080p.mp4,1749029403,2882.6494,,x237246b,"69, Blonde, Blowjob, Brunette, Cum In Mouth, Cum On Face, Deepthroat, Group, Handjob, Hardcore, Kissing, Masturbation, Outdoors, POV, Pussy Licking, Shaved Pussy, Small Tits, Sport and Fitness, Stockings"
wowgirls.18.06.12.lady.bug.unrestrained.1080p.mp4,1387701759,1815.452,,cb122547,"4K, 60 Frames, Masturbation, RED, Shaved Pussy, Small Tits, Solo, Toys"
ultrafilms.18.06.10.silvia.dellai.muse.of.lust.1080p.mp4,1434923878,2513.2466,,a68fdca1,"Anal, Blowjob, Cum On Face, Handjob, Hardcore, Kissing, Lingerie, Masturbation, Pussy Licking, Shaved Pussy"
wowgirls.18.06.10.nancy.a.intimate.tease.1080p.mp4,786847753,1132.669,,u2e0c5f3,"4K, 60 Frames, Blonde, Lingerie, RED, Shaved Pussy, Softcore, Solo"
ultrafilms.18.06.07.izzy.delphine.and.silvie.luca.pussy.lickers.paradise.1080p.mp4,682252666,1572.2722,,b67169f6,"Blonde, Kissing, Lesbian, Masturbation, Outdoors, Pussy Licking, Shaved Pussy, Small Tits"
wowgirls.18.06.07.gina.gerson.bent.over.for.anal.1080p.mp4,1586409846,1738.989,,j48fe59c,"4K, 60 Frames, Anal, Blowjob, Hardcore, Lingerie, Masturbation, Pussy Licking, RED, Shaved Pussy, Small Tits, Stockings"
wowgirls.18.06.04.mila.azul.horny.student.1080p.mp4,834179026,808.379,,g8000406,"4K, 60 Frames, Big Tits, Masturbation, Outdoors, RED, Shaved Pussy, Solo"
ultrafilms.18.06.04.elle.rose.and.nancy.a.on.a.knife.edge.2.1080p.mp4,972818352,1925.7925,,zb04b9bd,"Blonde, Blowjob, Handjob, Hardcore, Kissing, Lingerie, Masturbation, Pussy Licking, Shaved Pussy"
wowgirls.18.06.02.katarina.muti.hardpressed.1080p.mp4,1841538028,2212.885,,y864eb00,"4K, 60 Frames, Anal, Big Tits, Blowjob, Handjob, Hardcore, Masturbation, Oil and Cream, Pussy Licking, RED, Shaved Pussy"
wowgirls.18.06.01.chelsy.sun.and.anabelle.boyfriend.to.share.1080p.mp4,1976543158,1856.273,,x6116f6c,"4K, 60 Frames, Blowjob, Deepthroat, FFM, Handjob, Hardcore, Masturbation, Outdoors, RED, Shaved Pussy, Threesome"
ultrafilms.18.06.01.anie.darling.lika.star.and.stefanie.moon.madness.threesome.1080p.mp4,987028788,2030.4304,,a6bbf69f,"Blonde, Brunette, FFF+, Kissing, Lesbian, Masturbation, Pussy Licking, Shaved Pussy, Small Tits, Threesome"
ultrafilms.18.05.29.elle.rose.and.nancy.a.on.a.knife.edge.1.1080p.mp4,1040632268,2179.9465,,h20e88b1,"Bathroom, Blonde, Kissing, Lesbian, Masturbation, Outdoors, Pussy Licking, Shaved Pussy, Small Tits, Sport and Fitness"
wowgirls.18.05.29.clarice.the.generals.daughter.1080p.mp4,919319159,1010.277,,yba8aebc,"4K, 60 Frames, RED, Shaved Pussy, Small Tits, Softcore, Solo"
ultrafilms.18.05.26.anna.swix.the.dreamers.1080p.mp4,1320415554,2462.7627,,x545a8cb,"Blowjob, Cum In Mouth, Handjob, Hardcore, Kissing, Lingerie, MMF, Masturbation, Pussy Licking, Redhead, Shaved Pussy, Small Tits, Threesome"
wowgirls.18.05.25.melissa.benz.coworker.affair.1080p.mp4,1557810616,1931.598,,c2631c97,"4K, 60 Frames, Blowjob, Handjob, Hardcore, Masturbation, Pussy Licking, Shaved Pussy, Small Tits"
ultrafilms.18.05.22.hayli.sanders.first.time.naked.on.cam.1080p.mp4,851874716,1651.6183,,ia142944,"Brunette, Masturbation, Shaved Pussy, Solo"
wowgirls.18.05.21.shrima.malati.and.anna.swix.help.is.on.the.way.1080p.mp4,2184954139,2875.954,,d4b2c00d,"4K, 60 Frames, Blowjob, Brunette, FFM, Hairy Pussy, Handjob, Hardcore, Lingerie, Masturbation, Pussy Licking, RED, Redhead, Shaved Pussy, Small Tits, Threesome"
wowgirls.18.05.21.anna.jolie.morning.wetness.2.1080p.mp4,540795446,809.146,,ad3726ca,"4K, 60 Frames, Brunette, Lingerie, Masturbation, RED, Shaved Pussy, Small Tits, Solo"
ultrafilms.18.05.19.clover.and.gina.gerson.intimacy.retreat.1080p.mp4,1362627015,2269.7698,,fde16b62,"Blowjob, FFM, Handjob, Hardcore, IR, Kissing, Masturbation, Outdoors, Pool, Pussy Licking, Shaved Pussy, Small Tits, Threesome"
wowgirls.18.05.18.stefanie.moon.anal.play.1080p.mp4,2397222279,3268.487,,h5e1c009,"4K, 60 Frames, Anal, Blowjob, Cum In Mouth, Deepthroat, Handjob, Hardcore, Masturbation, POV, RED, Shaved Pussy, Small Tits"
ultrafilms.18.05.16.silvie.and.silvie.luca.girl.sex.lesson.1080p.mp4,730868950,1836.2029,,f99ec26a,"69, Brunette, Kissing, Lesbian, Lingerie, Masturbation, Oil and Cream, Pussy Licking, Shaved Pussy"
wowgirls.18.05.15.hayli.sanders.discovering.selfsex.1080p.mp4,1490805985,1764.856,,cc110c20,"4K, 60 Frames, Brunette, Finger Licking, Lingerie, Masturbation, RED, Shaved Pussy, Solo, Stockings, Toys"
ultrafilms.18.05.13.paula.shy.paulas.addiction.1080p.mp4,1868358398,3022.756,,z2c4c59a,"Blowjob, Cum In Mouth, Cum On Face, Handjob, Hardcore, IR, Kissing, MMF, Masturbation, Outdoors, Pussy Licking, Redhead, Shaved Pussy, Threesome"
wowgirls.18.05.12.sofia.like.hard.love.1080p.mp4,2432367227,3162.929,,vfaed613,"4K, 60 Frames, Anal, Blowjob, Brunette, Cum In Mouth, Deepthroat, Hardcore, Masturbation, POV, Pussy Licking, RED, Rimming, Shaved Pussy, Small Tits"
wowgirls.18.05.12.clover.sleepover.fee.1080p.mp4,1954429233,2762.13,,dee21cc4,"4K, 60 Frames, Handjob, IR, Lingerie, Outdoors, Pool, RED, Shaved Pussy"
wowgirls.18.05.09.gina.gerson.anal.makeup.1080p.mp4,683268586,849.9666,,w563d684,"4K, 60 Frames, Anal, Dildo, Masturbation, RED, Shaved Pussy, Small Tits, Solo"
ultrafilms.18.05.09.caroline.michelle.and.vanessa.first.licking.orgasm.1080p.mp4,887469653,1509.8766,,z112314d,"FFF+, Kissing, Lesbian, Masturbation, Outdoors, Pussy Licking, Redhead, Shaved Pussy, Small Tits, Threesome"
ultrafilms.18.05.06.arwen.gold.and.cassie.fire.girls.love.anal.1080p.mp4,1533162952,2551.8518,,ca8a8868,"Anal, Blowjob, Brunette, FFM, Handjob, Hardcore, Kissing, Outdoors, POV, Shaved Pussy, Small Tits, Threesome"
wowgirls.18.05.06.arteya.russian.tourist.1080p.mp4,2029822434,2182.002,,w5800fba,"4K, 60 Frames, Big Tits, Blonde, Blowjob, Cum In Mouth, Deepthroat, Handjob, Hardcore, Lingerie, MMF, Outdoors, RED, Threesome"
wowgirls.18.05.04.alegra.fuck.me.now.1080p.mp4,2130259146,2465.518,,ed053a12,"4K, 60 Frames, Anal, Blowjob, Handjob, Hardcore, Masturbation, Pussy Licking, Shaved Pussy"
ultrafilms.18.05.03.ally.american.guest.1080p.mp4,1402442691,2628.1614,,y71ac03d,"Anal, Blowjob, Deepthroat, Handjob, Hardcore, IR, Lingerie, Masturbation, POV, Shaved Pussy, Stockings"
wowgirls.18.05.02.mila.azul.morning.wetness.1080p.mp4,916102253,1550.652,,y61efd95,"4K, 60 Frames, Big Tits, Masturbation, RED, Shaved Pussy, Solo"
ultrafilms.18.04.30.eva.fuck.me.eva.1080p.mp4,566911384,1449.5496,,gdaedc8b,"Brunette, Fuck Me, Shaved Pussy, Small Tits, Solo"
wowgirls.18.04.29.alexis.crystal.curing.sex.addict.1080p.mp4,1613140510,2410.5105,,wc43ce8f,"4K, 60 Frames, Blowjob, Handjob, Hardcore, Masturbation, Pussy Licking, RED, Shaved Pussy"
ultrafilms.18.04.27.arteya.selfie.with.biggie.1080p.mp4,1157344366,1959.6263,,wf5b566f,"Big Tits, Blonde, Blowjob, Deepthroat, Handjob, Hardcore, Kissing, Masturbation"
wowgirls.18.04.25.naomi.nia.newlyweds.anal.lessons.1080p.mp4,1173147754,1473.376,,ybf72afb,"4K, 60 Frames, Anal, Blonde, Blowjob, Handjob, Hardcore, Lingerie, Masturbation, RED, Shaved Pussy, Stockings"
wowgirls.18.04.25.iness.and.nancy.a.that.first.kiss.1080p.mp4,1202752114,1947.3881,,d30beebb,"4K, Blonde, Brunette, Lesbian, Masturbation, Shaved Pussy, Small Tits"
ultrafilms.18.04.24.nancy.a.shaving.for.you.1080p.mp4,656937524,1327.5609,,ye1cf213,"Bathroom, Blonde, Lingerie, Shaved Pussy, Shaving, Solo"
wowgirls.18.04.22.shrima.malati.worth.the.risk.1080p.mp4,2234344722,2417.128,,d1558fd4,"4K, 60 Frames, Anal, Blowjob, Brunette, Deepthroat, Hairy Pussy, Hardcore, Masturbation, Outdoors, Pussy Licking, RED, Small Tits"
ultrafilms.18.04.21.anie.darling.katy.rose.paris.devine.and.tee.nka.girly.birthday.gift.1080p.mp4,1290032838,2093.2266,,g31dc27d,"Blonde, Blowjob, Brunette, Deepthroat, Group, Hairy Pussy, Handjob, Hardcore, Masturbation, POV, Redhead, Shaved Pussy, Small Tits"
wowgirls.18.04.19.katy.rose.and.tee.nka.an.accidental.affair.1080p.mp4,776962919,1769.871,,ec9683e5,"4K, 60 Frames, Blonde, Lesbian, Masturbation, Pussy Licking, RED, Shaved Pussy, Small Tits"
ultrafilms.18.04.18.anna.jolie.keira.and.lovenia.wanabee.in.their.bed.1080p.mp4,1860738642,1217.352,,b7287369,"Brunette, FFF+, Kissing, Lesbian, Masturbation, Shaved Pussy, Small Tits, Stockings, Threesome"
wowgirls.18.04.16.ulia.vanilla.on.top.1080p.mp4,2064050632,2405.123,,z6107c2f,"4K, 60 Frames, Anal, Blowjob, Cum On Face, Handjob, Hardcore, Masturbation, POV, Pussy Licking, RED, Shaved Pussy, Small Tits"
wowgirls.18.04.16.cecilia.clover.and.taylor.sands.because.we.belong.1080p.mp4,1130302115,1610.722,,v395f589,"4K, 60 Frames, Blonde, Brunette, FFF+, Lesbian, Masturbation, Pussy Licking, RED, Shaved Pussy, Threesome"
ultrafilms.18.04.15.elle.rose.handy.man.ep.1.1080p.mp4,1304858071,2185.0852,,j9e90f57,"Blowjob, Deepthroat, Dildo and Toys, Handjob, Hardcore, Masturbation, POV, Shaved Pussy, Small Tits"
wowgirls.18.04.13.nancy.a.good.in.bed.1080p.mp4,1502464586,1901.203,,ff129245,"4K, 60 Frames, 69, Blonde, Blowjob, Hardcore, Masturbation, Pussy Licking, Shaved Pussy"
ultrafilms.18.04.12.arteya.and.nancy.a.experiments.with.blondes.1080p.mp4,741074477,1536.4364,,f9e7639b,"Big Tits, Blonde, Kissing, Lesbian, Masturbation, Outdoors, Pussy Licking"
wowgirls.18.04.10.sybil.breathe.with.me.1080p.mp4,1013675015,978.582,,x878df44,"4K, 60 Frames, Big Tits, Hairy Pussy, Outdoors, RED, Softcore, Solo, Sport and Fitness"
wowgirls.18.04.09.alegra.and.nikki.waine.dance.for.me.1080p.mp4,2898941705,2740.442,,db3c4353,"4K, 60 Frames, Anal, Blowjob, Cum On Face, Dance, FFM, Handjob, Hardcore, POV, Shaved Pussy, Threesome"
ultrafilms.18.04.09.alegra.and.arwen.gold.anal.overload.1080p.mp4,1386456774,2572.8062,,u6235cea,"Anal, Blowjob, Brunette, FFM, Handjob, Hardcore, Lingerie, Masturbation, POV, Shaved Pussy, Threesome"
wowgirls.18.04.06.hazel.owned.1080p.mp4,4053310601,2647.167,,v1b46fdb,"4K, 60 Frames, 6K, Blowjob, Brunette, Cum In Mouth, Cum On Face, Hardcore, Lingerie, Masturbation, POV, Pussy Licking, RED, Shaved Pussy, WowGirls Hottest"
ultrafilms.18.04.06.guerlain.may.the.force.be.with.me.1080p.mp4,757760883,1004.217,,fec7a958,"Dance, Solo"
ultrafilms.18.04.04.eva.hayli.sanders.and.nimfa.your.delightful.threesome.1080p.mp4,675340000,1385.8191,,d61f5038,"Brunette, FFF+, Finger Licking, Kissing, Lesbian, Masturbation, Sapphic First, Shaved Pussy, Small Tits, Threesome"
wowgirls.18.04.03.hazel.fuck.me.hazel.1080p.mp4,1174481641,1771.984,,v40993d8,"4K, 60 Frames, Brunette, Fuck Me, Lingerie, RED, Shaved Pussy, Softcore, Solo"
wowgirls.18.04.02.shrima.malati.izzy.delphine.and.sofia.like.triple.delight.1080p.mp4,1504895799,2102.915,,c9c1ebbf,"4K, 60 Frames, Blonde, Brunette, Dildo, FFF+, Lesbian, Lingerie, Masturbation, Pussy Licking, RED, Shaved Pussy, Small Tits, Stockings, Threesome"
ultrafilms.18.04.01.clarice.never.will.be.left.hungry.1080p.mp4,780609715,1356.59,,x09c67c8,"Outdoors, Shaved Pussy, Small Tits, Solo"
wowgirls.18.03.31.lovenia.sofia.like.and.tequila.catching.fire.1080p.mp4,1968287166,2228.14,,xcd0aeee,"4K, 60 Frames, Blonde, Brunette, FFF+, Lesbian, Masturbation, Pussy Licking, RED, Shaved Pussy, Small Tits, Threesome"
wowgirls.18.03.30.mila.azul.a.damsel.in.distress.1080p.mp4,901877757,714.269,,y5daec5b,"4K, 60 Frames, Big Tits, Fuck Me, Outdoors, RED, Shaved Pussy, Softcore, Solo"
ultrafilms.18.03.29.izzy.delphine.and.michelle.the.hottest.pickup.1080p.mp4,2263769220,2694.049,,i7d22712,"Blonde, Blowjob, Creampie, Group, Hardcore, Kissing, Masturbation, Oil and Cream, Outdoors, Pool, Pussy Licking, Redhead, Shaved Pussy, Small Tits"
wowgirls.18.03.28.anna.jolie.its.all.in.the.cards.1080p.mp4,505106628,657.4741,,h2c0a732,"4K, 60 Frames, Brunette, Masturbation, RED, Shaved Pussy, Small Tits, Solo"
ultrafilms.18.03.26.sasha.rose.me.only.anal.1080p.mp4,1117764521,2162.9297,,a9ffa990,"Anal, Blowjob, Brunette, Deepthroat, Handjob, Hardcore, Kissing, Lingerie, Masturbation, Pussy Licking, Shaved Pussy"
wowgirls.18.03.26.eveline.dellai.exposed.to.you.1080p.mp4,1297348586,1402.183,,b0b8ec05,"4K, 60 Frames, Blowjob, Brunette, Deepthroat, Hardcore, Masturbation, Outdoors, Pussy Licking, RED, Shaved Pussy, Small Tits"
wowgirls.18.03.25.nancy.a.sacred.revelations.1080p.mp4,949678372,1300.921,,b0105b84,"4K, 60 Frames, Blonde, Masturbation, Outdoors, RED, Solo"
ultrafilms.18.03.23.arteya.blonde.punk.stunning.breast.1080p.mp4,672981050,1322.6893,,jc7fcac5,"Big Tits, Blonde, Finger Licking, Lingerie, Masturbation, Solo"
wowgirls.18.03.23.anie.darling.slammed.1080p.mp4,1555490283,2181.886,,a525180d,"4K, 60 Frames, Blowjob, Brunette, Hairy Pussy, Handjob, Hardcore, Lingerie, Pussy Licking, RED, Small Tits"
ultrafilms.18.03.20.anna.jolie.and.crystal.greenvelle.hot.maid.ep.2.1080p.mp4,587459603,1432.1655,,zaf9ecc4,"Brunette, Kissing, Lesbian, Masturbation, Pussy Licking, Shaved Pussy, Small Tits"
wowgirls.18.03.19.mila.azul.blind.obsession.1080p.mp4,831507150,1232.585,,i727a2ba,"4K, 60 Frames, Big Tits, Masturbation, Outdoors, RED, Shaved Pussy, Solo"
wowgirls.18.03.19.cassie.fire.and.arwen.gold.gateway.to.heaven.1080p.mp4,2224042784,2069.92,,e9d4f006,"4K, 60 Frames, Blowjob, Brunette, Deepthroat, FFM, Handjob, Hardcore, Masturbation, POV, RED, Shaved Pussy, Small Tits, Threesome"
ultrafilms.18.03.16.virginie.lustful.sunset.1080p.mp4,1036309915,1925.933,,cb6d771a,"Blowjob, Handjob, Hardcore, Kissing, Outdoors, Pool, Pussy Licking, Shaved Pussy"
wowgirls.18.03.16.alexis.crystal.deep.in.the.woods.1080p.mp4,1877703878,1621.542,,z80d57d0,"4K, 60 Frames, Interview, Lingerie, Outdoors, RED, Shaved Pussy, Softcore, Solo"
wowgirls.18.03.16.alexis.crystal.and.arteya.seducing.director.1080p.mp4,2195910432,2404.24,,j82fa90d,"4K, 60 Frames, Big Tits, Blonde, Blowjob, Deepthroat, FFM, Hardcore, Outdoors, Pussy Licking, RED, Threesome"
ultrafilms.18.03.13.lika.star.and.stefanie.moon.pussies.bliss.1080p.mp4,1141469363,2370.971,,jd0bec58,"69, Blonde, Brunette, Kissing, Lesbian, Lingerie, Masturbation, Pussy Licking, Shaved Pussy, Small Tits"
wowgirls.18.03.13.lady.bug.my.every.touch.1080p.mp4,1040801919,1545.1951,,u63fc9c1,"4K, 60 Frames, Bathroom, Masturbation, RED, Shaved Pussy, Small Tits, Solo"
wowgirls.18.03.13.arteya.riding.the.night.1080p.mp4,1301375519,1589.475,,x4491666,"4K, 60 Frames, Anal, Big Tits, Blonde, Dildo, Fetish, Masturbation, RED, Solo"
wowgirls.18.03.10.tequila.dirty.together.1080p.mp4,1661962163,1998.286,,bef0e768,"4K, 60 Frames, Armpit Licking, Bathroom, Blonde, Blowjob, Handjob, Hardcore, POV, Pussy Licking, RED, Rimming, Shaved Pussy, Shaving, Small Tits"
ultrafilms.18.03.10.dream.team.1080p.mp4,1075291737,1786.62,,vf549332,"Blonde, Brunette, FFF+, Group, Hairy Pussy, Kissing, Lesbian, Lingerie, Masturbation, Redhead, Shaved Pussy, Small Tits"
wowgirls.18.03.07.stefanie.moon.full.throttle.1080p.mp4,1719123070,2008.758,,uc273519,"4K, 60 Frames, Dildo, Lingerie, Masturbation, RED, Shaved Pussy, Small Tits, Solo"
wowgirls.18.03.07.kira.aislin.and.eveline.dellai.plays.well.with.others.1080p.mp4,1898374961,1820.328,,x89a170d,"4K, 60 Frames, Big Tits, Blonde, Brunette, FFF+, Lesbian, Lingerie, Masturbation, Outdoors, Pussy Licking, RED, Shaved Pussy, Small Tits, Threesome"
ultrafilms.18.03.06.kristy.black.the.hottest.hitchhiking.1080p.mp4,1564245966,1689.414,,z14d9689,"Blowjob, Brunette, Deepthroat, Handjob, Hardcore, Kissing, MMF, Masturbation, Outdoors, Shaved Pussy, Small Tits, Threesome"
wowgirls.18.03.04.cherry.bright.and.ria.sun.a.perfect.storm.1080p.mp4,1772283663,1906.2897,,w610dbc0,"4K, 60 Frames, 69, Blonde, Blowjob, Deepthroat, FFM, Handjob, Hardcore, Lingerie, Masturbation, Pussy Licking, Shaved Pussy, Threesome"
ultrafilms.18.03.03.michaela.isizzu.one.beautiful.puss.1080p.mp4,694203967,1277.4108,,y2ac5407,"Outdoors, Solo, Stockings"
wowgirls.18.02.28.clarice.the.summer.garden.1080p.mp4,1310031768,1198.103,,b0d7eae0,"4K, 60 Frames, Finger Licking, Outdoors, RED, Shaved Pussy, Small Tits, Softcore, Solo"
ultrafilms.18.02.28.anabelle.loosing.game.1080p.mp4,1190303761,1988.8555,,a28356cf,"Anal, Blowjob, Hardcore, Masturbation, Outdoors, Shaved Pussy, Sport and Fitness"
wowgirls.18.02.27.shrima.malati.mission.dp.1080p.mp4,1606568804,2265.641,,f847c5cb,"4K, 60 Frames, Anal, Blowjob, Brunette, Hairy Pussy, Hardcore, MMF, Masturbation, RED, Small Tits, Threesome"
wowgirls.18.02.25.piper.perry.and.baby.dream.night.after.night.1080p.mp4,1381226973,2770.582,,b24c3810,"4K, Blonde, Blowjob, Cum In Mouth, FFM, Handjob, Hardcore, IR, Lingerie, Masturbation, POV, RED, Shaved Pussy, Small Tits, Threesome"
ultrafilms.18.02.25.mila.azul.girl.who.loves.guitar.1080p.mp4,2330919168,1534.374,,w7651833,"6K, Big Tits, Finger Licking, Lingerie, Masturbation, Shaved Pussy, Solo"
wowgirls.18.02.22.hayli.sanders.wet.and.happy.1080p.mp4,909493631,935.021,,h1bfa1b8,"4K, 60 Frames, Bathroom, Brunette, Masturbation, RED, Shaved Pussy, Solo"
ultrafilms.18.02.22.alexis.crystal.lustful.neighbour.ep.2.1080p.mp4,1062480434,1989.1558,,h04f6a38,"69, Bathroom, Blowjob, Creampie, Fetish, Handjob, Hardcore, Kissing, Lingerie, POV, Pussy Licking, Shaved Pussy"
wowgirls.18.02.20.daisy.lee.and.lady.bug.never.enough.1080p.mp4,2187468924,2467.77,,hd8abd04,"4K, 60 Frames, Blonde, Blowjob, Deepthroat, FFM, Handjob, Hardcore, Masturbation, POV, Pussy Licking, RED, Shaved Pussy, Threesome"
wowgirls.18.02.19.ulia.flatout.love.1080p.mp4,1546333175,1958.371,,yb56b228,"4K, 60 Frames, Blowjob, Deepthroat, Handjob, Hardcore, Masturbation, POV, Pussy Licking, RED, Shaved Pussy, Small Tits"
ultrafilms.18.02.19.anie.darling.and.stefanie.moon.slutty.maid.1080p.mp4,1521491867,2739.039,,jada5078,"69, Blowjob, Brunette, Cum On Face, FFM, Handjob, Hardcore, Kissing, Masturbation, POV, Pussy Licking, Shaved Pussy, Small Tits, Threesome"
wowgirls.18.02.15.nancy.a.and.sybil.girlfriends.forever.1080p.mp4,1436705899,2001.421,,af0a53c2,"4K, 60 Frames, Big Tits, Blonde, Hairy Pussy, Lesbian, Lingerie, Masturbation, Pussy Licking, RED"
ultrafilms.18.02.15.baby.dream.i.want.you.1080p.mp4,1285202317,2675.984,,j5cc5752,"Bathroom, Blonde, Blowjob, Creampie, Handjob, Hardcore, IR, Kissing, POV, Pussy Licking, Shaved Pussy"
wowgirls.18.02.14.keira.need.1080p.mp4,2267942601,1668.238,,v845eca7,"4K, 60 Frames, Blowjob, Brunette, Handjob, Hardcore, Lingerie, Shaved Pussy, Small Tits"
wowgirls.18.02.12.tequila.deeper.1080p.mp4,1254254191,1377.199,,i22ec2f5,"4K, 60 Frames, Anal, Blonde, Blowjob, Deepthroat, Hardcore, Lingerie, Masturbation, POV, Pussy Licking, RED, Shaved Pussy, Small Tits"
ultrafilms.18.02.12.taylor.sands.two.joysticks.please.1080p.mp4,1501905221,2516.857,,yf5e126a,"Blowjob, Cum In Mouth, Deepthroat, Handjob, Hardcore, IR, MMF, Outdoors, Shaved Pussy, Threesome"
wowgirls.18.02.08.sofia.like.and.kristy.black.all.he.needs.1080p.mp4,2543989187,2565.921,,x8d40aaf,"4K, 60 Frames, Anal, Blowjob, Brunette, FFM, Handjob, Hardcore, Masturbation, Oil and Cream, Outdoors, RED, Shaved Pussy, Small Tits, Threesome"
ultrafilms.18.02.08.nimfa.and.sade.mare.hands.of.lovers.1080p.mp4,677784845,1530.5973,,aea3c12a,"69, Brunette, Kissing, Lesbian, Masturbation, Pussy Licking, Shaved Pussy, Small Tits"
wowgirls.18.02.07.sofia.like.and.sarah.kay.all.he.desires.1080p.mp4,2002607086,1932.829,,c7550ba8,"4K, 60 Frames, Blowjob, Brunette, Cum In Mouth, Deepthroat, FFM, Handjob, Hardcore, Masturbation, Outdoors, Shaved Pussy, Small Tits, Sport and Fitness, Threesome"
wowgirls.18.02.05.lovenia.and.ria.sun.kiss.and.tell.1080p.mp4,2596734334,2308.203,,v535b412,"4K, 60 Frames, 69, Anal, Blonde, Blowjob, Brunette, Deepthroat, FFM, Handjob, Hardcore, Masturbation, Outdoors, Pussy Licking, RED, Rimming, Shaved Pussy, Small Tits, Threesome"
ultrafilms.18.02.05.guerlain.sleeping.beauty.1080p.mp4,1059623256,941.825,,aaa5c512,"Lingerie, Solo"
wowgirls.18.02.02.sasha.rose.lovenia.and.kristy.black.the.hunger.games.1080p.mp4,1420754091,1868.37,,b3dc843b,"4K, 60 Frames, Brunette, FFF+, Lesbian, Lingerie, Masturbation, POV, Pussy Licking, Shaved Pussy, Small Tits, Stockings, Threesome"
ultrafilms.18.02.01.gina.gerson.and.kiara.lord.sharing.the.baldy.1080p.mp4,857765490,1968.8689,,y1e12fa7,"69, Big Tits, Blonde, Blowjob, Cum In Mouth, FFM, Handjob, Hardcore, Kissing, Masturbation, Pussy Licking, Shaved Pussy, Small Tits, Threesome"
wowgirls.18.01.30.eveline.dellai.riding.on.instinct.1080p.mp4,1837731917,1556.178,,gdc965ba,"4K, 60 Frames, Anal, Bathroom, Blowjob, Brunette, Hardcore, Masturbation, Oil and Cream, Pussy Licking, Shaved Pussy, Small Tits"
wowgirls.18.01.30.cayla.pleasures.edge.1080p.mp4,1803504233,2010.8943,,ufb75888,"4K, 60 Frames, 69, Blonde, Blowjob, Hairy Pussy, Handjob, Hardcore, Lingerie, Masturbation, Oil and Cream, Outdoors, RED, Small Tits"
ultrafilms.18.01.29.alexis.crystal.and.nancy.a.lustful.neighbour.ep.1.1080p.mp4,1245705164,2283.3833,,c07fb50d,"69, Blonde, Dildo and Toys, Fetish, Lesbian, Lingerie, Masturbation, Pussy Licking, Shaved Pussy"
wowgirls.18.01.27.tee.nka.get.closer.baby.1080p.mp4,218922863,518.52313,,ca194925,"4K, Blonde, Lingerie, Masturbation, Shaved Pussy, Small Tits, Solo"
ultrafilms.18.01.26.ulia.only.for.him.1080p.mp4,1311481183,2102.242,,a3d2242b,"Blowjob, Cum In Mouth, Handjob, Hardcore, Kissing, POV, Shaved Pussy, Small Tits"
wowgirls.18.01.24.nikki.waine.and.silvia.dellai.wanted.1080p.mp4,2517208109,2216.345,,j38b1f29,"4K, 60 Frames, Blowjob, Deepthroat, FFM, Fetish, Handjob, Hardcore, Masturbation, RED, Shaved Pussy, Threesome"
wowgirls.18.01.24.lovenia.screwdrivered.1080p.mp4,1229708382,1296.718,,c572ebe9,"4K, 60 Frames, Blowjob, Brunette, Cum In Mouth, Deepthroat, Hardcore, Pussy Licking, RED, Shaved Pussy, Small Tits"
ultrafilms.18.01.23.lexi.dona.analfall.1080p.mp4,1153253805,2202.7026,,zfb27e92,"Anal, Blowjob, Brunette, Hairy Pussy, Handjob, Hardcore, Kissing, Masturbation, Pussy Licking, Squirt"
wowgirls.18.01.21.alexis.crystal.my.fantasies.1080p.mp4,836537564,1436.34,,cfa55986,"4K, 60 Frames, Finger Licking, Masturbation, RED, Shaved Pussy, Solo, Stockings"
ultrafilms.18.01.20.eva.and.hayli.sanders.first.time.with.a.girl.1080p.mp4,891370926,1727.9946,,ge1008a2,"Brunette, Lesbian, Lingerie, Masturbation, POV, Pussy Licking, Shaved Pussy, Small Tits"
wowgirls.18.01.17.lexi.dona.a.beautiful.mess.1080p.mp4,1334629286,1745.4454,,y01924d5,"4K, 60 Frames, Blowjob, Brunette, Deepthroat, Hairy Pussy, Hardcore, Lingerie, Masturbation, Pussy Licking, RED, Squirt, Stockings"
wowgirls.18.01.17.eveline.dellai.looking.for.directions.1080p.mp4,1497210776,1361.7117,,a1d2da8b,"4K, 60 Frames, Blowjob, Brunette, Cum In Mouth, Hardcore, Masturbation, Outdoors, Pussy Licking, RED, Shaved Pussy, Small Tits"
ultrafilms.18.01.16.paris.devine.dance.me.to.the.best.orgasm.1080p.mp4,1242310869,1464.3977,,a23e27be,"Blowjob, Hardcore, Masturbation, Pussy Licking, Redhead, Shaved Pussy, Small Tits"
wowgirls.18.01.14.mila.azul.long.distance.love.1080p.mp4,1038837332,1097.932,,wbcaec12,"4K, 60 Frames, Big Tits, Lingerie, Masturbation, RED, Shaved Pussy, Solo"
ultrafilms.18.01.13.lovenia.dancing.to.the.heaven.1080p.mp4,1328424954,2217.918,,u6224876,"Blowjob, Brunette, Hardcore, Masturbation, POV, Shaved Pussy, Small Tits"
wowgirls.18.01.11.nimfa.and.hayli.sanders.tempt.me.tonight.1080p.mp4,1609441268,2626.734,,g1d489a8,"4K, 60 Frames, Brunette, Lesbian, Masturbation, Pussy Licking, RED, Shaved Pussy, Small Tits"
ultrafilms.18.01.10.paula.shy.and.tali.dova.getting.closer.to.action.1080p.mp4,875593505,1522.2222,,z1e25c70,"Hairy Pussy, Kissing, Lesbian, Masturbation, Outdoors, Pussy Licking, Shaved Pussy"
wowgirls.18.01.10.nikki.waine.insatiable.girl.1080p.mp4,2233223021,2285.865,,j5dcc9e3,"4K, 60 Frames, Anal, Blowjob, Handjob, Hardcore, Masturbation, Pussy Licking, Shaved Pussy"
ultrafilms.18.01.06.nancy.a.first.date.with.her.boyfriend.1080p.mp4,990131206,1864.4978,,x924a602,"69, Blowjob, Hardcore, Kissing, Lingerie, Masturbation, Pussy Licking"
wowgirls.18.01.05.katy.rose.and.tee.nka.pushing.the.limits.1080p.mp4,1577616308,1969.122,,g33bc2cd,"4K, 60 Frames, Blonde, Blowjob, Deepthroat, FFM, Hardcore, Lingerie, Masturbation, Pussy Licking, RED, Shaved Pussy, Small Tits, Threesome"
ultrafilms.18.01.03.iness.and.yarina.a.too.shy.to.act.1080p.mp4,807577604,1432.834,,c6a7d480,"Brunette, Kissing, Lesbian, Oil and Cream, Small Tits"
wowgirls.18.01.02.alecia.fox.and.anie.darling.addicted.to.you.1080p.mp4,1146846153,1639.143,,u43f92c0,"4K, 60 Frames, Brunette, Hairy Pussy, Lesbian, Lingerie, Masturbation, Pussy Licking, Small Tits"
ultrafilms.17.12.31.apolonia.lapiedra.and.milena.devi.dreams.come.true.1080p.mp4,1553586399,2761.8953,,x867be50,"Blowjob, Brunette, FFM, Hardcore, IR, Kissing, Lingerie, Masturbation, POV, Pussy Licking, Shaved Pussy, Small Tits, Stockings, Threesome"
wowgirls.17.12.29.j.joanna.bound.together.1080p.mp4,1268655376,1756.822,,d0763925,"4K, 60 Frames, Big Tits, Blowjob, Cum In Mouth, Deepthroat, Handjob, Hardcore, Lingerie, Pussy Licking, RED, Shaved Pussy"
wowgirls.17.12.28.aislin.and.eveline.dellai.be.my.slave.1080p.mp4,1231885655,1452.524,,i7ebba96,"4K, 60 Frames, Big Tits, Blonde, Brunette, Fetish, Lesbian, Masturbation, Pussy Licking, RED, Shaved Pussy, Small Tits"
ultrafilms.17.12.27.anjelica.and.michelle.jaime.lamour.a.trois.1080p.mp4,1822498191,1913.533,,j5721115,"Blowjob, FFM, Handjob, Hardcore, Kissing, Masturbation, Outdoors, Pussy Licking, Redhead, Shaved Pussy, Small Tits, Threesome"
wowgirls.17.12.24.nancy.a.full.control.1080p.mp4,961057468,1523.043,,v0bcdd0c,"4K, 60 Frames, Blonde, Masturbation, RED, Shaved Pussy, Solo"
ultrafilms.17.12.24.alexis.crystal.beautiful.self.please.1080p.mp4,605797056,1501.3013,,y86587da,"Dildo and Toys, Lingerie, Masturbation, Shaved Pussy, Solo, Stockings"
ultrafilms.17.12.21.cherry.bright.and.lovenia.sharing.the.fun.with.friend.1080p.mp4,865161926,1449.4828,,a5988ad2,"Blonde, Blowjob, Brunette, Group, Hardcore, Kissing, Masturbation, Outdoors, Pussy Licking, Shaved Pussy, Small Tits"
wowgirls.17.12.21.alexis.crystal.sarah.kay.and.sybil.show.me.the.way.1080p.mp4,2175141332,2136.353,,z958c607,"4K, 60 Frames, 69, Big Tits, FFF+, Hairy Pussy, Lesbian, Masturbation, Outdoors, Pussy Licking, RED, Shaved Pussy, Small Tits, Threesome"
wowgirls.17.12.20.alexis.crystal.and.daphne.klyde.nothing.denied.1080p.mp4,1551673978,1750.274,,x5affc49,"4K, 60 Frames, Blowjob, Brunette, FFM, Handjob, Hardcore, Masturbation, Pussy Licking, RED, Shaved Pussy, Threesome"
ultrafilms.17.12.17.clarice.beautiful.mademoiselle.1080p.mp4,810396779,1611.9453,,wb602a41,"Shaved Pussy, Small Tits, Solo"
wowgirls.17.12.15.alexis.crystal.master.of.my.mind.1080p.mp4,1258985238,1918.99,,e1075a23,"4K, 60 Frames, 69, Blowjob, Fetish, Handjob, Hardcore, Lingerie, Masturbation, Pussy Licking, RED, Shaved Pussy"
wowgirls.17.12.14.alexis.crystal.making.up.1080p.mp4,1430751686,1913.626,,d18c84c0,"4K, 60 Frames, Blowjob, Handjob, Hardcore, Lingerie, Outdoors, POV, Pussy Licking, RED, Shaved Pussy"
ultrafilms.17.12.13.nekane.lubed.for.biggy.1080p.mp4,1359677438,2310.377,,bb3beca3,"Big Tits, Blowjob, Brunette, Cum In Mouth, Deepthroat, Hardcore, Kissing, Masturbation, Oil and Cream, Outdoors, Pussy Licking, Shaved Pussy"
wowgirls.17.12.11.lollypop.after.college.1080p.mp4,1698867426,1452.571,,f4be720b,"4K, 60 Frames, Blowjob, Brunette, Handjob, Hardcore, Masturbation, Outdoors, Pussy Licking, RED, Shaved Pussy, Small Tits"
ultrafilms.17.12.10.nancy.a.and.sybil.working.out.for.sex.1080p.mp4,964900119,1688.622,,j4e470b4,"Big Tits, Blonde, Kissing, Lesbian, Masturbation, Outdoors, Pussy Licking, Sport and Fitness"
wowgirls.17.12.08.nancy.a.and.tee.nka.all.over.you.1080p.mp4,1024308199,1407.408,,da3c03cd,"4K, 60 Frames, Bathroom, Blonde, Lesbian, Lingerie, Masturbation, Oil and Cream, Pussy Licking, RED, Shaved Pussy, Small Tits"
wowgirls.17.12.08.kira.and.aislin.look.what.i.got.1080p.mp4,1505301643,2017.187,,i1126cda,"4K, 60 Frames, Big Tits, Blonde, Brunette, Dildo, Lesbian, Masturbation, Pussy Licking, RED, Shaved Pussy, Small Tits"
ultrafilms.17.12.07.hayli.sanders.top.of.the.class.1080p.mp4,752648018,1453.8539,,v94bdff7,"Brunette, Finger Licking, Lingerie, Masturbation, Shaved Pussy, Solo"
wowgirls.17.12.05.alecia.fox.and.melissa.benz.their.one.and.only.1080p.mp4,2004391998,2325.293,,z48e652e,"4K, 60 Frames, Blonde, Blowjob, Cum In Mouth, Deepthroat, FFM, Hairy Pussy, Hardcore, Pussy Licking, Small Tits, Threesome"
ultrafilms.17.12.04.mila.azul.sculpture.alive.1080p.mp4,565812797,1411.1111,,c1b993ad,"Big Tits, Finger Licking, Masturbation, Outdoors, Pantyhose, Shaved Pussy, Solo"
wowgirls.17.12.04.candice.luca.pleasures.of.the.night.1080p.mp4,343533146,429.383,,ge2d886e,"4K, 60 Frames, Brunette, Lingerie, Private, Shaved Pussy, Softcore, Solo"
wowgirls.17.12.02.paula.shy.a.game.of.love.1080p.mp4,1520355337,1578.214,,i43eabdc,"4K, 60 Frames, Blowjob, Brunette, Deepthroat, Handjob, Hardcore, Masturbation, POV, Shaved Pussy"
wowgirls.17.12.02.naomi.nia.conquer.your.love.1080p.mp4,1164713619,2079.8132,,e75d986c,"4K, Blowjob, Deepthroat, Handjob, Hardcore, Oil and Cream, Outdoors, POV, RED, Shaved Pussy"
ultrafilms.17.12.01.gina.gerson.and.kiki.ginas.weakness.for.cute.girls.1080p.mp4,787440557,1620.1201,,ife3a2a0,"69, Brunette, Hairy Pussy, Kissing, Lesbian, Masturbation, Outdoors, Pussy Licking, Shaved Pussy, Small Tits"
wowgirls.17.11.29.hayli.sanders.the.training.1080p.mp4,737993049,822.59,,x147ef0e,"4K, 60 Frames, Brunette, Outdoors, RED, Shaved Pussy, Softcore, Solo, Sport and Fitness"
ultrafilms.17.11.28.aimee.ryan.mission.dp.1080p.mp4,683374328,1078.683,,a928d4d8,"Blowjob, Brunette, DP, Deepthroat, Hardcore, Kissing, MMF, Outdoors, Pussy Licking, Shaved Pussy, Small Tits, Threesome"
wowgirls.17.11.27.sarah.kay.and.anna.swix.unfair.advantage.1080p.mp4,2264207038,2080.554,,he4f55fa,"4K, 60 Frames, Blowjob, FFM, Handjob, Hardcore, Masturbation, POV, Pussy Licking, Redhead, Shaved Pussy, Small Tits, Stockings, Threesome"
wowgirls.17.11.26.ksenija.a.something.about.you.1080p.mp4,2156429379,2225.4255,,x50ccd6c,"4K, 60 Frames, Blowjob, Cum On Face, Hardcore, Outdoors, Pussy Licking, RED, Shaved Pussy, Small Tits"
ultrafilms.17.11.25.tee.nka.left.alone.1080p.mp4,689245780,1528.4951,,x324bec1,"Blonde, Masturbation, Shaved Pussy, Small Tits, Solo"
wowgirls.17.11.23.gina.gerson.and.nancy.a.fade.into.you.1080p.mp4,1772887465,2099.897,,b1aff771,"4K, 60 Frames, 69, Blonde, Lesbian, Masturbation, Pussy Licking, RED, Shaved Pussy, Small Tits"
wowgirls.17.11.21.margot.a.and.milagres.surrender.to.me.1080p.mp4,1816139328,1853.022,,u1ad03e7,"4K, 60 Frames, Brunette, Finger Licking, Lesbian, Lingerie, Masturbation, Pussy Licking, RED, Shaved Pussy, Small Tits, Stockings"
ultrafilms.17.11.21.kira.unleashing.her.boyfriend.1080p.mp4,1308032641,2499.4995,,u1c9d54f,"Blowjob, Hairy Pussy, Hardcore, Kissing, Lingerie, Masturbation, Pussy Licking, Small Tits"
wowgirls.17.11.20.clarice.accidentally.on.purpose.1080p.mp4,1342929548,1313.576,,x6870aa9,"4K, 60 Frames, Lingerie, Outdoors, RED, Shaved Pussy, Small Tits, Softcore, Solo"
ultrafilms.17.11.18.maria.pie.belle.de.jour.1080p.mp4,1030236315,2387.267,,g69bf706,"Blowjob, Handjob, Hardcore, Kissing, Pussy Licking, Shaved Pussy"
wowgirls.17.11.16.monika.benz.harmless.sex.1080p.mp4,1272058464,1354.629,,zc549310,"4K, 60 Frames, Blowjob, Brunette, Deepthroat, Handjob, Hardcore, Masturbation, Outdoors, RED, Shaved Pussy"
wowgirls.17.11.16.alecia.fox.for.his.trust.1080p.mp4,1921197605,2726.977,,d1766250,"4K, 60 Frames, Blonde, Blowjob, Hairy Pussy, Hardcore, Interview, Lingerie, Masturbation, Small Tits"
ultrafilms.17.11.15.clover.new.addiction.for.xxl.1080p.mp4,825886131,2039.9066,,y3a4f8a7,"Handjob, Oil and Cream, POV, Shaved Pussy"
wowgirls.17.11.13.tee.nka.desires.edge.1080p.mp4,737310793,1278.142,,i9c7a7ed,"4K, 60 Frames, Blonde, Dildo, Lingerie, Masturbation, Shaved Pussy, Small Tits, Solo"
ultrafilms.17.11.12.belle.claire.anonymous.sexual.relations.1080p.mp4,1706217829,2334.5344,,ab52a4d3,"Blowjob, Cum In Mouth, Handjob, Hardcore, Kissing, Masturbation, Pussy Licking, Shaved Pussy"
wowgirls.17.11.10.sybil.and.alecia.fox.beautiful.beginning.1080p.mp4,1577444033,2073.3066,,g95c01fc,"4K, 60 Frames, Big Tits, Blonde, Hairy Pussy, Lesbian, Lingerie, Masturbation, Pussy Licking, RED, Small Tits"
wowgirls.17.11.10.milagres.submit.to.desire.1080p.mp4,183342974,351.189,,g0280e47,"4K, Private, Shaved Pussy, Softcore, Solo"
wowgirls.17.11.10.alexis.crystal.finders.keepers.1080p.mp4,589565744,1065.703,,ufae05ab,"4K, 60 Frames, Masturbation, RED, Shaved Pussy, Solo, Toys"
ultrafilms.17.11.09.eveline.went.sleep.horny.1080p.mp4,818291265,1945.6456,,fff43e0d,"Blowjob, Brunette, Handjob, Hardcore, Kissing, Masturbation, Oil and Cream, Outdoors, POV"
wowgirls.17.11.08.milagres.all.i.need.is.a.toy.1080p.mp4,1221071401,1297.508,,y5b17004,"60 Frames, Dildo, Masturbation, RED, Shaved Pussy, Small Tits, Solo"
wowgirls.17.11.07.mila.azul.the.perfect.play.1080p.mp4,841531591,1169.009,,h0b8dd87,"4K, 60 Frames, Bathroom, Big Tits, Masturbation, RED, Shaved Pussy, Solo"
ultrafilms.17.11.06.cayla.i.am.only.blowjobs.sorry.1080p.mp4,879307972,1493.1932,,gf5f8f26,"Blonde, Blowjob, Deepthroat, Handjob, MMF, Masturbation, Outdoors, POV, Shaved Pussy, Small Tits, Threesome"
wowgirls.17.11.04.lollypop.loves.masturbating.in.public.1080p.mp4,941181540,766.978,,yfc1464f,"4K, 60 Frames, Brunette, Masturbation, Outdoors, Pantyhose, Public, RED, Shaved Pussy, Small Tits, Solo, Toys"
wowgirls.17.11.04.ivana.and.mika.ecstasy.1080p.mp4,1294653249,1309.071,,g589499c,"4K, 60 Frames, Lesbian, Lingerie, Masturbation, Pussy Licking, RED, Shaved Pussy, Small Tits"
ultrafilms.17.11.03.anna.jolie.and.nancy.a.vip.table.hot.maid.ep.1.1080p.mp4,1298025256,2290.2903,,a6f60a8c,"Blonde, Brunette, Kissing, Lesbian, Lingerie, Masturbation, Pantyhose, Pussy Licking, Shaved Pussy, Small Tits"
ultrafilms.17.11.01.melena.maria.backside.orgasm.1080p.mp4,761675424,1683.617,,f6504e2d,"Anal, Dildo and Toys, Lingerie, Masturbation, Shaved Pussy, Small Tits, Solo"
wowgirls.17.10.31.cayla.because.you.are.mine.1080p.mp4,973948797,1456.1,,w217ff1d,"4K, 60 Frames, Blonde, Blowjob, Deepthroat, Handjob, Hardcore, Masturbation, RED, Shaved Pussy, Small Tits"
wowgirls.17.10.29.teressa.bizarre.the.universal.language.1080p.mp4,1333558464,1653.725,,v48ec299,"4K, 60 Frames, Blowjob, Cum On Face, Hairy Pussy, Handjob, Hardcore, Outdoors, POV, RED"
ultrafilms.17.10.29.anie.darling.and.melissa.benz.birthday.morning.1080p.mp4,1509902688,1991.3914,,a7f5f65e,"Brunette, Lesbian, Lingerie, Masturbation, Pussy Licking, Sapphic First, Shaved Pussy, Small Tits"
ultrafilms.17.10.28.baby.dream.and.piper.perry.biggy.needs.two.1080p.mp4,975938938,1880.1802,,ae4b9ee5,"Blonde, Blowjob, Deepthroat, FFM, Handjob, Hardcore, Masturbation, POV, Shaved Pussy, Small Tits, Stockings, Threesome"
wowgirls.17.10.28.anna.jolie.the.view.1080p.mp4,422858340,746.30786,,ufba969f,"4K, Brunette, Masturbation, Shaved Pussy, Small Tits, Solo"
wowgirls.17.10.27.mila.azul.burn.for.you.1080p.mp4,595741008,702.055,,ac8a599c,"4K, 60 Frames, Big Tits, Lingerie, Masturbation, RED, Shaved Pussy, Solo"
ultrafilms.17.10.25.monika.benz.and.sarah.kay.neighbour.visit.1080p.mp4,1227528588,2091.4248,,feeb2f4f,"Blowjob, Brunette, Deepthroat, FFM, Handjob, Hardcore, Kissing, Lingerie, Masturbation, Pussy Licking, Shaved Pussy, Small Tits, Threesome"
wowgirls.17.10.25.cherry.bright.lovenia.and.jessey.game.of.seduction.1080p.mp4,1578521914,1344.83,,i0bdf3f8,"4K, 60 Frames, Blonde, Brunette, FFF+, Lesbian, Masturbation, Outdoors, Pussy Licking, RED, Shaved Pussy, Small Tits, Threesome"
wowgirls.17.10.22.taylor.sands.a.fucking.date.1080p.mp4,1054340643,1847.937,,hb0b280c,"4K, 60 Frames, Blowjob, Cum In Mouth, Handjob, Hardcore, Masturbation, Pussy Licking, RED, Shaved Pussy, Stockings"
ultrafilms.17.10.22.jackie.o.naked.in.nature.1080p.mp4,560208521,963.4968,,ue86394c,"Brunette, Oil and Cream, Outdoors, Shaved Pussy, Solo"
wowgirls.17.10.21.teressa.bizarre.and.sybil.reflected.in.you.1080p.mp4,1516816031,1722.085,,v03d2bbe,"4K, 60 Frames, Big Tits, Hairy Pussy, Lesbian, Lingerie, Masturbation, Outdoors, Pussy Licking"
wowgirls.17.10.20.sarah.kay.an.ordinary.girl.1080p.mp4,561571640,633.6503,,cae61140,"4K, 60 Frames, Oil and Cream, Outdoors, RED, Shaved Pussy, Small Tits, Softcore, Solo"
ultrafilms.17.10.19.apolonia.lapiedra.say.hello.to.apolonia.1080p.mp4,323284376,632.59924,,id1b45a2,"Brunette, Lingerie, Non-Nude, Solo, Stockings"
wowgirls.17.10.18.nancy.a.getting.down.on.myself.1080p.mp4,762511672,898.148,,j4885410,"4K, 60 Frames, Blonde, Hairy Pussy, Masturbation, Outdoors, RED, Solo"
ultrafilms.17.10.18.gina.gerson.eats.breathes.lives.for.sex.1080p.mp4,957338369,1843.8104,,ed83306b,"Anal, Blowjob, DP, Deepthroat, Handjob, Hardcore, Kissing, MMF, Masturbation, Pantyhose, Pussy Licking, Shaved Pussy, Small Tits, Threesome"
wowgirls.17.10.16.sybil.fuck.me.sybil.1080p.mp4,1363516353,1435.3881,,w9fae607,"4K, 60 Frames, Big Tits, Fuck Me, Hairy Pussy, Outdoors, RED, Softcore, Solo"
ultrafilms.17.10.16.maria.pie.and.vanessa.first.girl-girl.date.1080p.mp4,800543272,,,,
wowgirls.17.10.14.katy.sky.hold.me.tight.1080p.mp4,1443380008,1494.0651,,ubd41e1e,"4K, 60 Frames, Blonde, Blowjob, Deepthroat, Hardcore, Masturbation, Outdoors, RED, Shaved Pussy"
wowgirls.17.10.13.nekane.ready.for.the.big.one.1080p.mp4,1639082829,2004.857,,f7bf3854,"4K, 60 Frames, 69, Bathroom, Big Tits, Blowjob, Brunette, Hardcore, Masturbation, Pussy Licking, Shaved Pussy"
ultrafilms.17.10.13.connie.cant.used.to.naked.girlfriend.1080p.mp4,1190108649,2219.3528,,ib9fe997,"Big Tits, Blowjob, Hardcore, Kissing, Masturbation, Pussy Licking"
ultrafilms.17.10.12.anie.darling.overcoming.the.insult.1080p.mp4,1220778519,2605.7725,,iec8eb9a,"Blowjob, Brunette, Hardcore, Lingerie, Masturbation, POV, Pussy Licking, Shaved Pussy, Small Tits"
ultrafilms.17.10.10.pussies.session.1080p.mp4,648671159,1078.6453,,f521f7b1,"Blonde, Brunette, FFF+, Group, Kissing, Lesbian, Masturbation, Outdoors, Pool, Shaved Pussy, Small Tits"
wowgirls.17.10.10.mila.azul.let.me.in.1080p.mp4,829708366,1349.242,,i9ea5a1c,"4K, 60 Frames, Big Tits, Masturbation, Outdoors, RED, Shaved Pussy, Solo"
ultrafilms.17.10.07.valeria.a.exotic.fruit.1080p.mp4,823971389,1458.0247,,f09346d1,"Masturbation, Outdoors, Shaved Pussy, Solo"
wowgirls.17.10.06.olivka.in.the.sunset.1080p.mp4,858400402,1024.5339,,y3334a30,"4K, 60 Frames, Blonde, Blowjob, Cum In Mouth, Deepthroat, Handjob, IR, Masturbation, Outdoors, POV, Shaved Pussy, Small Tits"
ultrafilms.17.10.04.baby.dream.meet.baby.dream.1080p.mp4,4055723627,2660.427,,yb725aae,"69, 6K, Bathroom, Blonde, Blowjob, Handjob, Hardcore, IR, Kissing, Masturbation, POV, Pussy Licking, Shaved Pussy"
wowgirls.17.10.03.teressa.bizarre.beautifully.awake.1080p.mp4,899216533,1514.754,,g8b47257,"4K, 60 Frames, Hairy Pussy, Lingerie, Masturbation, Solo"
wowgirls.17.10.02.shrima.malati.sofia.like.and.kristy.black.life.of.the.party.1080p.mp4,1999935427,2056.893,,e9ef53fe,"4K, 60 Frames, Blowjob, Brunette, Deepthroat, Group, Hairy Pussy, Handjob, Hardcore, Masturbation, Outdoors, POV, RED, Shaved Pussy, Small Tits"
ultrafilms.17.10.01.yarina.a.erotic.flap.1080p.mp4,866963566,1424.3243,,gfb8f144,"Outdoors, Solo, Stockings"
wowgirls.17.09.29.olivka.no.nude.with.olivka.1080p.mp4,507922555,659.377,,ec525d10,"4K, 60 Frames, Blonde, Non-Nude, Outdoors, RED, Softcore, Solo"
ultrafilms.17.09.28.nomi.and.virginie.smell.of.pussy.1080p.mp4,855225027,1483.801,,d9e4c8b4,"Blonde, Kissing, Lesbian, Lingerie, Masturbation, Outdoors, Pussy Licking, Shaved Pussy, Small Tits"
wowgirls.17.09.25.tequila.the.night.is.here.1080p.mp4,1590437583,2014.494,,i5f28e3c,"4K, 60 Frames, Anal, Blonde, Blowjob, Cum On Face, Hardcore, Lingerie, Masturbation, Pussy Licking, Shaved Pussy, Small Tits"
ultrafilms.17.09.25.serena.wood.meet.serena.wood.1080p.mp4,375303223,732.241,,d6f33d4e,"Shaved Pussy, Solo, Stockings"
wowgirls.17.09.25.katarina.muti.and.cassie.fire.bad.girls.1080p.mp4,1360662693,1689.228,,vc6c2a8a,"4K, 60 Frames, 69, Big Tits, Brunette, Lesbian, Masturbation, Pussy Licking, Shaved Pussy, Small Tits"
ultrafilms.17.09.22.arwen.gold.and.cassie.fire.money.makes.me.sexy.1080p.mp4,1739320872,2997.364,,f48cdbcc,"Blowjob, Brunette, Deepthroat, FFM, Handjob, Hardcore, Interview, Kissing, Lingerie, POV, Shaved Pussy, Small Tits, Threesome"
wowgirls.17.09.21.alexis.crystal.and.beata.girls.are.easy.1080p.mp4,1085888814,1844.965,,dcc1c62c,"4K, 69, Blowjob, FFM, Hardcore, Lingerie, Masturbation, Outdoors, Pussy Licking, RED, Shaved Pussy, Threesome"
ultrafilms.17.09.19.the.lustful.five.1080p.mp4,920506645,1578.6453,,b6a1b118,"Brunette, FFF+, Group, Kissing, Lesbian, Masturbation, Oil and Cream, Outdoors, Pantyhose, Redhead, Shaved Pussy, Small Tits"
ultrafilms.17.09.16.silvie.luca.naughty.hand.1080p.mp4,496019852,766.16614,,xe3eec1b,"Brunette, Masturbation, Outdoors, Shaved Pussy, Solo"
wowgirls.17.09.15.violette.helping.each.other.1080p.mp4,1972684158,2346.376,,ec6a5a28,"4K, 60 Frames, Anal, Blowjob, Handjob, Hardcore, Masturbation, Outdoors, Pussy Licking, RED, Shaved Pussy, Small Tits"
wowgirls.17.09.15.alegra.tell.me.your.story.1080p.mp4,2116012298,2624.644,,u7348f7e,"4K, 60 Frames, Blowjob, Cum On Face, Hardcore, POV, RED, Shaved Pussy"
ultrafilms.17.09.13.anna.jolie.tailor.visit.1080p.mp4,1462487663,2486.6199,,w92b9e92,"Blowjob, Brunette, Deepthroat, Handjob, Hardcore, Kissing, Lingerie, Masturbation, Pussy Licking, Shaved Pussy, Small Tits"
wowgirls.17.09.09.gina.gerson.when.lovers.collide.1080p.mp4,918081002,1764.484,,e9f741ce,"4K, Anal, Blowjob, Footjob, Hardcore, Lingerie, Oil and Cream, POV, Pussy Licking, RED, Shaved Pussy, Small Tits"
ultrafilms.17.09.09.caroline.soul.and.flesh.1080p.mp4,1272254796,1992.6927,,ed6a1d84,"Anal, Blowjob, Deepthroat, Handjob, Hardcore, Kissing, Masturbation, Outdoors, Pussy Licking, Shaved Pussy, Small Tits"
ultrafilms.17.09.06.mia.sollis.element.of.beauty.1080p.mp4,347471981,859.533,,ed4cd38d,"Brunette, Lingerie, Shaved Pussy, Solo"
wowgirls.17.09.04.paula.shy.and.tali.dova.thrilling.drilling.1080p.mp4,1886661676,2789.808,,g84e968f,"4K, Blowjob, Cum On Face, FFM, Hairy Pussy, Hardcore, Masturbation, Pussy Licking, RED, Redhead, Shaved Pussy, Stockings, Threesome"
wowgirls.17.09.04.anny.aurora.the.meditation.is.over.1080p.mp4,1193634717,1617.177,,ed47a185,"4K, 60 Frames, 69, Blowjob, Cum On Face, Deepthroat, Hardcore, IR, Masturbation, Outdoors, Pussy Licking, Redhead, Shaved Pussy"
ultrafilms.17.09.02.anna.swix.suka.1080p.mp4,1296254607,2183.984,,y8828c91,"Blowjob, Deepthroat, Handjob, Hardcore, Kissing, Masturbation, Pussy Licking, Redhead, Shaved Pussy, Small Tits"
ultrafilms.17.08.30.anny.aurora.shadow.of.big.1080p.mp4,957577854,2097.2305,,d7320d10,"Blowjob, Deepthroat, Handjob, Hardcore, IR, Masturbation, Outdoors, Pussy Licking, Redhead, Shaved Pussy"
wowgirls.17.08.29.anabelle.and.kristy.black.today.is.a.good.day.1080p.mp4,2007521225,2009.594,,i6ca289c,"4K, 60 Frames, Anal, Blowjob, FFM, Hardcore, Masturbation, Oil and Cream, Outdoors, POV, Shaved Pussy, Small Tits, Threesome"
wowgirls.17.08.27.violette.pit.stop.1080p.mp4,1966745396,2133.473,,vadbd50b,"4K, 60 Frames, Anal, Blonde, Blowjob, Cum In Mouth, Cum On Face, Hardcore, MMF, Masturbation, Outdoors, Pussy Licking, RED, Shaved Pussy, Small Tits, Stockings, Threesome"
ultrafilms.17.08.27.inexplicably.wonderful.1080p.mp4,1901536174,2993.2266,,g918643c,"Blowjob, Brunette, Deepthroat, Group, Handjob, Hardcore, Kissing, Lingerie, Masturbation, Outdoors, Pussy Licking, Redhead, Shaved Pussy, Small Tits"
wowgirls.17.08.25.taisia.shanti.fade.to.black.1080p.mp4,2212301827,3494.278,,gaa3d57b,"4K, Anal, Bathroom, Blowjob, Brunette, Cum On Face, Deepthroat, Hairy Pussy, Handjob, Hardcore, IR, MMF, Masturbation, Pussy Licking, RED, Threesome"
ultrafilms.17.08.24.anjelica.new.wave.1080p.mp4,957786789,1822.389,,x6280f9f,"Blowjob, Creampie, Handjob, Hardcore, Kissing, Masturbation, Outdoors, Pussy Licking, Shaved Pussy, Small Tits"
wowgirls.17.08.23.monika.benz.and.sarah.kay.next.level.training.1080p.mp4,1620608544,1606.008,,ud403469,"4K, 60 Frames, Finger Licking, Lesbian, Masturbation, Outdoors, Pussy Licking, RED, Shaved Pussy, Sport and Fitness"
wowgirls.17.08.23.janice.and.lucy.li.the.never.ending.story.1080p.mp4,1043513196,1286.548,,j96ebb30,"4K, 60 Frames, 69, Big Tits, Blowjob, Brunette, Cum In Mouth, FFM, Hardcore, Masturbation, Oil and Cream, Outdoors, Pussy Licking, Redhead, Shaved Pussy, Threesome"
ultrafilms.17.08.20.anna.swix.and.kira.a.very.good.morning.1080p.mp4,695175626,1385.719,,d7d0a9df,"69, Lesbian, Lingerie, Masturbation, Pussy Licking, Redhead, Sapphic First, Shaved Pussy, Small Tits"
wowgirls.17.08.19.aislin.simple.pleasures.1080p.mp4,1195482034,830.137,,be44ab7b,"4K, Big Tits, Blonde, Masturbation, Outdoors, RED, Shaved Pussy, Solo"
ultrafilms.17.08.17.vanessa.kind.of.desire.1080p.mp4,1026498129,2130.5305,,x8716700,"69, Blowjob, Handjob, Masturbation, Outdoors, Pussy Licking, Shaved Pussy, Small Tits"
wowgirls.17.08.17.galina.kindness.from.a.friend.1080p.mp4,916779174,1474.792,,d656ee1f,"Blowjob, Cum In Mouth, Cum On Face, Deepthroat, Handjob, Hardcore, Lingerie, Pussy Licking, Shaved Pussy"
wowgirls.17.08.15.nelya.warm.bed.hot.girl.1080p.mp4,1209435534,1953.007,,jabc7170,"Blowjob, Brunette, Cum In Mouth, Cum On Face, Deepthroat, Handjob, Hardcore, Masturbation, Pussy Licking, Shaved Pussy, Small Tits"
ultrafilms.17.08.13.shrima.malati.love.and.lust.1080p.mp4,1133309371,1814.6146,,x257e6fc,"Blowjob, Brunette, Hairy Pussy, Hardcore, Kissing, Masturbation, Pussy Licking, Small Tits"
wowgirls.17.08.13.ally.backdoor.and.more.1080p.mp4,846761169,1352.33,,u4c6c817,"4K, Anal, Blowjob, Hardcore, Lingerie, Masturbation, Shaved Pussy"
wowgirls.17.08.12.sasha.rose.and.tequila.bad.boys.always.get.lucky.1080p.mp4,1955765338,1933.804,,gc43b17a,"4K, 60 Frames, Blonde, Blowjob, FFM, Hardcore, RED, Shaved Pussy, Small Tits, Threesome"
wowgirls.17.08.11.kira.free.to.do.anything.1080p.mp4,638099036,743.155,,e7dd02d2,"4K, 60 Frames, Brunette, Dance, Outdoors, RED, Shaved Pussy, Small Tits, Softcore, Solo"
ultrafilms.17.08.09.anna.tatu.seduction.queen.1080p.mp4,412357484,996.56323,,v8d9b5c5,"Hairy Pussy, Outdoors, Solo"
wowgirls.17.08.07.sarah.kay.expressing.my.feelings.1080p.mp4,846808174,821.243,,b5bd263e,"4K, 60 Frames, Fuck Me, Outdoors, Shaved Pussy, Small Tits, Softcore, Solo"
wowgirls.17.08.07.nancey.our.life.1080p.mp4,1784351403,1767.155,,g5e7e119,"4K, 60 Frames, Big Tits, Blonde, Blowjob, Deepthroat, Handjob, Hardcore, Outdoors, Pussy Licking, RED, Shaved Pussy"
ultrafilms.17.08.05.paula.shy.falling.in.love.feels.great.1080p.mp4,831917263,1585.6523,,bfdfc92c,"Blowjob, Handjob, Hardcore, Kissing, Lingerie, MMF, Masturbation, Pussy Licking, Redhead, Shaved Pussy, Threesome"
wowgirls.17.08.03.katy.rose.how.to.ambush.prey.1080p.mp4,1292942782,1499.8,,wb7445c6,"4K, 60 Frames, Bathroom, Blonde, Blowjob, Creampie, Hardcore, Masturbation, Pussy Licking, Shaved Pussy"
wowgirls.17.08.02.dasha.s.and.gina.gerson.the.xxx.factor.1080p.mp4,1341631819,2195.795,,i43a3e68,"4K, 60 Frames, 69, Blowjob, FFM, Footjob, Handjob, Hardcore, Masturbation, Outdoors, POV, Pussy Licking, RED, Shaved Pussy, Small Tits, Threesome"
ultrafilms.17.08.01.lucy.li.seducing.the.sweetest.babe.1080p.mp4,905396938,1884.2175,,wfe1a9ce,"Big Tits, Blowjob, Brunette, Handjob, Hardcore, Kissing, MMF, POV, Pussy Licking, Shaved Pussy, Threesome"
wowgirls.17.07.30.paula.shy.creative.thinking.1080p.mp4,602778569,973.984,,g56eabdd,"4K, Masturbation, Redhead, Shaved Pussy, Solo, Sport and Fitness, Stockings"
ultrafilms.17.07.29.jessey.and.ria.sun.blonde.on.blonde.1080p.mp4,992359800,1801.3013,,udb4de99,"Blonde, Kissing, Lesbian, Masturbation, Outdoors, Pussy Licking, Shaved Pussy, Small Tits"
wowgirls.17.07.28.candy.sweet.and.eveline.the.tree.of.love.1080p.mp4,1552359755,1489.0961,,jb3f3a8a,"4K, 60 Frames, Brunette, Hairy Pussy, Lesbian, Masturbation, Outdoors, Pussy Licking, RED, Shaved Pussy"
wowgirls.17.07.26.dominika.the.noble.art.of.masturbation.1080p.mp4,887440228,1439.126,,a991948d,"Brunette, Finger Licking, Masturbation, Shaved Pussy, Solo"
ultrafilms.17.07.25.nancy.a.when.the.sun.goes.down.1080p.mp4,430369938,792.5592,,xbf96315,"Blonde, Outdoors, Shaved Pussy, Solo"
wowgirls.17.07.24.shrima.malati.smoke.break.1080p.mp4,1360758700,1479.274,,z44886ef,"4K, 60 Frames, Blowjob, Hairy Pussy, Handjob, Hardcore, Outdoors, RED, Small Tits"
wowgirls.17.07.24.marina.visconti.useful.tools.1080p.mp4,499379263,1110.75,,d421160d,"4K, Anal, Big Tits, Dildo, Lingerie, Masturbation, Outdoors, Shaved Pussy, Solo, Toys"
wowgirls.17.07.22.lexi.dona.private.dance.1080p.mp4,1593825694,1623.655,,g1e75dc1,"4K, 60 Frames, Anal, Blowjob, Brunette, Deepthroat, Hardcore, Lingerie, Masturbation, POV, Shaved Pussy, Squirt"
ultrafilms.17.07.22.chelsy.sun.kept.for.lust.1080p.mp4,1302698630,2251.7185,,a16ead95,"Anal, Blowjob, Fetish, Handjob, Hardcore, Lingerie, Shaved Pussy"
ultrafilms.17.07.20.linda.sweet.house.backside.1080p.mp4,1020057605,1695.939,,b55c8ee2,"Anal, Blowjob, Cum In Mouth, Handjob, Hardcore, Kissing, Lingerie, Masturbation, Outdoors, Pussy Licking, Redhead, Shaved Pussy, Stockings"
wowgirls.17.07.20.anna.tatu.interview.with.anna.tatu.1080p.mp4,505973821,651.575,,d93b2645,"60 Frames, Hairy Pussy, Interview, Lingerie, Softcore, Solo"
wowgirls.17.07.18.mila.azul.enjoying.the.toy.1080p.mp4,763704766,1001.941,,vd772da1,"4K, Big Tits, Dildo, Finger Licking, Masturbation, Shaved Pussy, Solo"
wowgirls.17.07.18.kika.in.dildo.heaven.1080p.mp4,638977055,1336.1696,,y5be9d9f,"Blonde, Dildo, Lingerie, Masturbation, Shaved Pussy, Solo"
wowgirls.17.07.16.j.joanna.let.me.take.care.of.you.1080p.mp4,1164583718,2019.486,,u7ad168d,"60 Frames, Big Tits, Blowjob, Hardcore, Pussy Licking, RED, Shaved Pussy"
ultrafilms.17.07.15.virginie.smell.of.lust.1080p.mp4,952634294,1929.207,,v4bebae4,"69, Blowjob, Handjob, Hardcore, Kissing, Lingerie, Pussy Licking, Shaved Pussy, Squirt"
wowgirls.17.07.14.clover.and.paula.shy.men.dont.exist.1080p.mp4,1592672472,2407.166,,u25f3a81,"4K, 60 Frames, Lesbian, Lingerie, Masturbation, Pussy Licking, RED, Redhead, Shaved Pussy"
wowgirls.17.07.12.shrima.malati.and.katy.rose.yoga.lesson.1080p.mp4,1486509353,1514.8,,if60672e,"4K, 60 Frames, 69, Blonde, Brunette, Hairy Pussy, Lesbian, Masturbation, Outdoors, Pussies Slip 'n' Slide, Pussy Licking, RED, Small Tits, Sport and Fitness"
wowgirls.17.07.12.nancy.a.perfection.1080p.mp4,838056420,1186.238,,c4d9a690,"4K, 60 Frames, Blonde, Masturbation, RED, Shaved Pussy, Solo, Stockings"
ultrafilms.17.07.11.clover.narrow.escape.1080p.mp4,1253912402,2969.7363,,x8078347,"Handjob, IR, MMF, Masturbation, Oil and Cream, Pussy Licking, Shaved Pussy, Threesome"
wowgirls.17.07.10.sasha.rose.and.tequila.the.visit.1080p.mp4,2242615773,2506.478,,i5641374,"4K, 60 Frames, Blonde, Blowjob, Brunette, Cum In Mouth, Deepthroat, FFM, Hardcore, Masturbation, POV, Pussy Licking, RED, Shaved Pussy, Small Tits, Threesome"
wowgirls.17.07.08.mila.azul.different.view.1080p.mp4,688044274,1144.929,,yc82ec8a,"4K, Big Tits, Lingerie, Masturbation, Pantyhose, Shaved Pussy, Solo"
ultrafilms.17.07.07.vanessa.dance.of.sweet.vanessa.1080p.mp4,434943072,894.02734,,je1b842e,"Masturbation, Shaved Pussy, Small Tits, Solo"
wowgirls.17.07.06.sasha.rose.my.stage.1080p.mp4,739803996,1106.175,,z9ce981b,"4K, Anal, Brunette, Lingerie, Masturbation, Oil and Cream, Outdoors, Shaved Pussy, Solo, Stockings"
wowgirls.17.07.04.cherry.bright.and.ria.sun.more.than.expected.1080p.mp4,2024278746,2291.345,,je2e8605,"4K, 60 Frames, 69, Blonde, Blowjob, Deepthroat, FFM, Hardcore, Masturbation, Pussy Licking, Shaved Pussy, Threesome"
ultrafilms.17.07.04.anjelica.pussies.for.juices.1080p.mp4,934754901,1889.3894,,z902726e,"Anal, Blonde, Blowjob, Handjob, Hardcore, Kissing, Masturbation, Outdoors, Pussy Licking, Shaved Pussy, Small Tits"
wowgirls.17.07.03.kika.some.loving.1080p.mp4,1328269834,2135.446,,aa65718e,"Blowjob, Brunette, Hardcore, Masturbation, Pussy Licking, Shaved Pussy"
ultrafilms.17.07.01.paula.shy.once.in.a.lifetime.1080p.mp4,1575788848,2776.977,,b130cfed,"Blowjob, Cum On Face, Handjob, Hardcore, MMF, Masturbation, Outdoors, Pussy Licking, Redhead, Shaved Pussy, Sport and Fitness, Threesome"
wowgirls.17.06.30.michaela.isizzu.spinner.girl.1080p.mp4,1150277385,1057.228,,d893dea1,"4K, 60 Frames, Outdoors, Softcore, Solo, Sport and Fitness"
wowgirls.17.06.28.piper.perry.a.little.extra.1080p.mp4,1064808862,1510.412,,y0c1033b,"4K, 60 Frames, 69, Blonde, Blowjob, Handjob, Hardcore, Masturbation, Pussy Licking, RED, Shaved Pussy, Small Tits"
wowgirls.17.06.26.lady.d.every.inch.is.yours.1080p.mp4,1724477075,2517.391,,gfda7a91,"4K, 60 Frames, 69, Blowjob, Brunette, Handjob, Hardcore, IR, Lingerie, Masturbation, Pussy Licking, RED, Shaved Pussy, Small Tits, Stockings"
ultrafilms.17.06.25.baby.dream.say.hello.to.baby.dream.1080p.mp4,239523018,429.4628,,y4141643,"Blonde, Dance, Non-Nude, Outdoors, Small Tits, Solo"
wowgirls.17.06.24.carolina.abril.how.to.steam.up.the.windows.1080p.mp4,1511734625,2382.507,,v63bb441,"4K, 60 Frames, Blowjob, Brunette, Cum On Face, Handjob, Hardcore, Masturbation, Pussy Licking, RED, Small Tits"
wowgirls.17.06.22.aislin.just.my.imagination.1080p.mp4,783503004,1095.308,,de01a04a,"4K, 60 Frames, Big Tits, Blonde, Lingerie, Masturbation, Shaved Pussy, Solo"
wowgirls.17.06.20.tequila.im.fit.1080p.mp4,653149636,1015.501,,d795630c,"4K, Blonde, Outdoors, Shaved Pussy, Small Tits, Softcore, Solo, Sport and Fitness"
wowgirls.17.06.18.dominika.on.my.way.to.orgasm.1080p.mp4,830890317,1387.601,,df7f70af,"Brunette, Dildo, Lingerie, Masturbation, Shaved Pussy, Solo"
wowgirls.17.06.15.kika.heavy.breathing.1080p.mp4,932839694,1509.785,,ec6fb06e,"Blonde, Lingerie, Masturbation, Shaved Pussy, Solo"
wowgirls.17.06.13.tequila.rear.view.1080p.mp4,404544213,906.344,,u2fa4208,"4K, Blonde, Masturbation, Shaved Pussy, Small Tits, Solo"
wowgirls.17.06.13.anna.jolie.handyman.for.an.hour.1080p.mp4,2736962690,2445.944,,df7b00bc,"4K, 60 Frames, Bathroom, Blowjob, Brunette, Cum In Mouth, Deepthroat, Handjob, Hardcore, POV, Pussy Licking, Shaved Pussy, Small Tits"
wowgirls.17.06.09.mila.azul.fuck.me.mila.azul.1080p.mp4,795711197,933.744,,g75b2c6f,"4K, Big Tits, Fuck Me, Lingerie, Masturbation, Shaved Pussy, Solo"
wowgirls.17.06.06.ulia.jump.my.rump.1080p.mp4,1283728867,1576.96,,h83ede3a,"4K, 60 Frames, Blowjob, Handjob, Hardcore, Lingerie, Masturbation, POV, Pussy Licking, Shaved Pussy, Small Tits"
wowgirls.17.06.05.ulia.drench.my.thirst.1080p.mp4,1406353920,1604.221,,i98500ce,"4K, 60 Frames, Blowjob, Cum On Face, Handjob, Hardcore, Masturbation, POV, Pussy Licking, RED, Shaved Pussy, Small Tits"
wowgirls.17.06.05.michaela.isizzu.fingers.crossed.1080p.mp4,1054051231,1147.669,,zf6d5548,"4K, 60 Frames, Masturbation, Outdoors, RED, Solo"
wowgirls.17.06.01.alexis.crystal.and.lucy.li.advanced.lesson.1080p.mp4,1957061127,2533.901,,z5dbb1a0,"4K, 60 Frames, Big Tits, Blowjob, FFM, Handjob, Hardcore, Masturbation, Outdoors, POV, Pussy Licking, RED, Shaved Pussy, Sport and Fitness, Threesome"
wowgirls.17.05.28.shrima.malati.and.katarina.muti.fit.body.fit.mind.1080p.mp4,1445052432,1354.257,,z1889c15,"4K, 60 Frames, Big Tits, Brunette, Lesbian, Masturbation, Outdoors, Pussy Licking, Shaved Pussy, Small Tits, Sport and Fitness"
wowgirls.17.05.27.iness.and.nina.north.this.one.is.for.me.1080p.mp4,1023989764,1295.418,,g2ceabf3,"4K, 60 Frames, 69, Brunette, Lesbian, Masturbation, Pussy Licking, RED, Shaved Pussy, Small Tits"
wowgirls.17.05.26.kira.and.aislin.my.day.off.1080p.mp4,618531933,810.934,,hc8437ff,"4K, 60 Frames, Bathroom, Big Tits, Blonde, Finger Licking, Interview, Lingerie, Masturbation, Outdoors, RED, Shaved Pussy"
wowgirls.17.05.23.michelle.meeting.with.michelle.1080p.mp4,1090386000,1286.153,,v44b24ce,"4K, 60 Frames, Blowjob, Hardcore, Pussy Licking, RED, Redhead, Shaved Pussy"
wowgirls.17.05.23.anjelica.and.gina.gerson.asses.for.the.masses.1080p.mp4,1288156059,2182.769,,d4ebe58a,"4K, 69, Lesbian, Masturbation, Oil and Cream, Outdoors, Pussy Licking, RED, Shaved Pussy, Small Tits"
wowgirls.17.05.19.paula.shy.nina.north.and.evelina.darling.life.is.great.1080p.mp4,2113216176,1988.278,,d00c0164,"4K, 60 Frames, Blowjob, Group, Hardcore, Masturbation, Oil and Cream, Outdoors, RED, Shaved Pussy"
wowgirls.17.05.19.beata.maria.pie.and.nomi.porn.gone.right.1080p.mp4,1381273351,1929.114,,f6c201a5,"4K, 60 Frames, 69, Blonde, FFF+, Lesbian, Lingerie, Masturbation, Pantyhose, Pussy Licking, RED, Shaved Pussy, Small Tits, Threesome"
wowgirls.17.05.15.anabelle.and.monika.benz.try.this.on.1080p.mp4,1221103209,1564.6313,,d925e76c,"4K, 60 Frames, Big Tits, Brunette, Lesbian, Lingerie, Masturbation, Pussy Licking, RED, Shaved Pussy"
wowgirls.17.05.14.mila.azul.dancing.just.for.you.1080p.mp4,785284340,922.297,,ybede269,"4K, Big Tits, Shaved Pussy, Softcore, Solo"
wowgirls.17.05.11.antonia.sainz.heat.cold.1080p.mp4,1406732625,1914.439,,h9afba83,"4K, 60 Frames, Blowjob, Handjob, Hardcore, Pussy Licking, RED, Shaved Pussy"
wowgirls.17.05.10.beata.janice.and.linda.sweet.poolside.action.1080p.mp4,1248305304,1662.897,,w145ce56,"4K, Blowjob, Group, Handjob, Hardcore, Masturbation, Outdoors, Pussy Licking, RED, Redhead, Shaved Pussy"
wowgirls.17.05.07.mila.azul.welcome.1080p.mp4,878448410,1220.835,,f925df12,"4K, Big Tits, Lingerie, Masturbation, Shaved Pussy, Solo"
wowgirls.17.05.05.kira.interview.with.kira.1080p.mp4,1528295954,1437.245,,g8645e1c,"4K, 60 Frames, Brunette, Interview, Masturbation, Outdoors, Shaved Pussy, Small Tits, Solo"
wowgirls.17.05.03.clover.and.lady.d.sex.connection.1080p.mp4,3851136613,2531.416,,d9ecc14d,"4K, 60 Frames, 6K, Blowjob, Brunette, Cum In Mouth, Dildo, FFM, Handjob, IR, POV, RED, Shaved Pussy, Small Tits, Threesome"
wowgirls.17.05.02.tina.bathroom.date.1080p.mp4,900940149,1790.676,,x3fdc396,"4K, Bathroom, Blowjob, Cum On Face, Handjob, Hardcore, IR, Shaved Pussy, Small Tits"
wowgirls.17.04.29.naomi.nia.and.taylor.sands.everything.is.allowed.1080p.mp4,1413925504,1861.985,,z1f0b936,"4K, 60 Frames, Blonde, Blowjob, FFM, Handjob, Hardcore, Lingerie, Masturbation, POV, Pussy Licking, Shaved Pussy, Threesome"
wowgirls.17.04.29.blake.eden.and.nina.north.forgetting.to.breath.1080p.mp4,591013792,1040.324,,x40431b5,"4K, Blonde, Interview, Lesbian, Masturbation, Pussies Slip 'n' Slide, Pussy Licking, RED, Shaved Pussy"
wowgirls.17.04.26.cayla.maria.pie.and.lexi.dona.trio.1080p.mp4,1567802664,1652.959,,y85ac982,"4K, 60 Frames, Blonde, Brunette, FFF+, Hairy Pussy, Lesbian, Masturbation, Oil and Cream, Outdoors, RED, Small Tits, Threesome"
wowgirls.17.04.25.shrima.malati.and.kira.tasting.good.1080p.mp4,1714837300,2002.257,,y4df6f3a,"4K, 60 Frames, Brunette, Hairy Pussy, Lesbian, Lingerie, Masturbation, Outdoors, Pussy Licking, RED, Small Tits"
wowgirls.17.04.22.izzy.delphine.sasha.rose.and.kristy.black.three.times.better.1080p.mp4,2440529159,2271.608,,a4f10d59,"4K, 60 Frames, Blonde, Blowjob, Brunette, Group, Handjob, Hardcore, Lingerie, Masturbation, POV, Shaved Pussy, Small Tits, WowGirls Hottest"
wowgirls.17.04.20.tali.dova.no.nude.with.tali.dova.1080p.mp4,625511688,500.135,,cba22cde,"4K, 60 Frames, Non-Nude, Outdoors, Private, Softcore, Solo, Sport and Fitness"
wowgirls.17.04.19.anna.jolie.sulk.1080p.mp4,554787584,931.77,,e7029e12,"4K, Brunette, Shaved Pussy, Small Tits, Softcore, Solo"
wowgirls.17.04.17.chelsy.sun.fuck.me.chelsy.sun.1080p.mp4,539169914,925.803,,ua7d0d9d,"4K, Fuck Me, Lingerie, Redhead, Shaved Pussy, Softcore, Solo"
wowgirls.17.04.17.beata.i.see.i.want.i.take.1080p.mp4,523968473,849.9666,,x99a123a,"4K, 60 Frames, Blowjob, Handjob, Hardcore, Lingerie, MMF, Pussy Licking, Shaved Pussy, Threesome"
wowgirls.17.04.16.michaela.isizzu.one.lovely.girl.1080p.mp4,1131046413,1532.679,,z47ffda8,"4K, Masturbation, Solo"
wowgirls.17.04.12.anny.aurora.breaking.bad.1080p.mp4,1245991859,1654.309,,j3fa60ec,"4K, 60 Frames, 69, Blowjob, Creampie, Dildo, Hardcore, IR, Lingerie, Masturbation, Pussy Licking, RED, Redhead, Shaved Pussy, Toys"
wowgirls.17.04.11.nina.north.no.nude.with.nina.north.1080p.mp4,613571593,609.43097,,u697a207,"4K, 60 Frames, Non-Nude, Outdoors, Private, Softcore, Solo"
wowgirls.17.04.09.cayla.maria.pie.and.ulia.love.feast.1080p.mp4,1134345219,1424.4745,,h0cc1497,"4K, 60 Frames, Blonde, FFF+, Lesbian, Masturbation, POV, Pussy Licking, RED, Shaved Pussy, Small Tits, Threesome"
wowgirls.17.04.08.mila.azul.interview.with.mila.azul.1080p.mp4,334713849,511.93,,hb259c69,"4K, Big Tits, Interview, Masturbation, Shaved Pussy, Solo"
wowgirls.17.04.07.alexa.tomas.this.is.how.i.like.it.1080p.mp4,1376936233,1574.592,,vae0ffbf,"4K, 60 Frames, Blowjob, Brunette, Deepthroat, Hardcore, Masturbation, Outdoors, Pussy Licking, Shaved Pussy, Squirt"
wowgirls.17.04.05.lovenia.are.you.sleeping.1080p.mp4,1724446194,1818.889,,dd2e899e,"4K, 60 Frames, 69, Blowjob, Brunette, Cum In Mouth, Hardcore, Lingerie, Masturbation, Pussy Licking, Shaved Pussy, Small Tits"
wowgirls.17.04.02.mila.azul.bath.games.1080p.mp4,889668761,1049.495,,gee67006,"4K, Bathroom, Big Tits, Masturbation, Shaved Pussy, Solo"
wowgirls.17.04.01.kira.passing.by.1080p.mp4,1468553760,1281.509,,w6b172d9,"4K, 60 Frames, Brunette, Masturbation, Outdoors, Shaved Pussy, Small Tits, Solo"
wowgirls.17.03.30.silvie.permission.granted.1080p.mp4,1869349932,2116.801,,ydb0a953,"4K, 60 Frames, Blowjob, Creampie, Handjob, Hardcore, Lingerie, Outdoors, Pussy Licking, Shaved Pussy, Stockings"
wowgirls.17.03.30.apolonia.lapiedra.and.serena.wood.outdoor.fun.1080p.mp4,702064445,1197.314,,dab6a217,"4K, 60 Frames, Brunette, Lesbian, Lingerie, Masturbation, Oil and Cream, Outdoors, RED, Shaved Pussy, Small Tits"
wowgirls.17.03.26.cayla.and.alexa.tomas.the.big.bang.1080p.mp4,2069702486,2123.9072,,jc2be039,"4K, 60 Frames, 69, Blonde, Blowjob, Brunette, FFM, Handjob, Hardcore, Masturbation, Outdoors, POV, Pussy Licking, RED, Shaved Pussy, Small Tits, Threesome"
wowgirls.17.03.24.marina.visconti.and.ally.sweet.girls.1080p.mp4,561922442,1103.807,,d080f266,"4K, 69, Big Tits, Lesbian, Lingerie, Masturbation, Oil and Cream, Pussy Licking, Shaved Pussy"
wowgirls.17.03.23.candy.sweet.and.violette.cant.get.enough.1080p.mp4,1763924456,1241.548,,w4f0893b,"4K, 60 Frames, Lesbian, Masturbation, Outdoors, Pussy Licking, RED, Redhead, Shaved Pussy, Small Tits"
wowgirls.17.03.21.sasha.rose.and.keira.a.lesson.for.life.1080p.mp4,2505328961,1871.644,,u36c233f,"4K, 60 Frames, Brunette, Lesbian, Lingerie, Masturbation, Pussy Licking, Shaved Pussy, Small Tits"
wowgirls.17.03.21.cayla.up.close.and.personal.1080p.mp4,1220873914,1872.875,,a76b0583,"4K, 60 Frames, Blonde, Blowjob, Cum On Face, Handjob, Hardcore, Masturbation, Pussy Licking, RED, Shaved Pussy, Small Tits"
wowgirls.17.03.20.lovenia.and.anna.jolie.the.influence.of.lust.1080p.mp4,1388902960,1220.859,,x8ef653f,"4K, 60 Frames, Brunette, Lesbian, Lingerie, Masturbation, Shaved Pussy, Small Tits"
wowgirls.17.03.17.serena.wood.no.nude.with.serena.wood.1080p.mp4,825564324,1104.9451,,e51883d0,"4K, 60 Frames, Non-Nude, Private, RED, Softcore, Solo"
wowgirls.17.03.17.ally.no.nude.with.ally.1080p.mp4,910429300,890.23,,gde83425,"4K, 60 Frames, Non-Nude, Outdoors, Private, RED, Softcore, Solo"
wowgirls.17.03.15.nikia.suck.my.lolly.clean.1080p.mp4,1343536159,1855.832,,ce863e58,"69, Blowjob, Handjob, Hardcore, POV, Pussy Licking, WowGirls Hottest"
wowgirls.17.03.15.apolonia.lapiedra.and.ally.the.bait.1080p.mp4,1229155679,1922.264,,i307992f,"4K, 69, Big Tits, Blowjob, Brunette, Deepthroat, FFM, Handjob, Hardcore, Masturbation, POV, Pool, Shaved Pussy"
wowgirls.17.03.11.tali.dova.reality.sucks.1080p.mp4,1240133626,1659.948,,w9f5bc9c,"4K, 60 Frames, Blowjob, Deepthroat, Hairy Pussy, Handjob, Masturbation, POV, RED"
wowgirls.17.03.11.paula.shy.and.blake.eden.you.take.my.breath.away.1080p.mp4,1053843237,1438.43,,vd16501d,"4K, 60 Frames, Blonde, Lesbian, Masturbation, Pussy Licking, RED, Redhead, Shaved Pussy"
wowgirls.17.03.09.daphne.double.bed.single.girl.1080p.mp4,791024790,1647.131,,jdef837e,"4K, Big Tits, Brunette, Lingerie, Oil and Cream, Shaved Pussy, Softcore, Solo"
wowgirls.17.03.07.clover.and.antonia.sainz.show.me.your.face.1080p.mp4,1344798947,1951.5682,,g8508b74,"4K, 60 Frames, Lesbian, Lingerie, Masturbation, Pussy Licking, RED, Shaved Pussy"
wowgirls.17.03.05.cayla.and.maria.pie.girls.in.heat.1080p.mp4,1621303561,1875.197,,b6305686,"4K, 60 Frames, 69, Blonde, Lesbian, Masturbation, Outdoors, Pool, Pussy Licking, RED, Shaved Pussy, Small Tits"
wowgirls.17.03.03.dasha.s.perfect.afternoon.1080p.mp4,1422460059,1850.421,,ib126589,"4K, 60 Frames, Anal, Blowjob, Handjob, Hardcore, Masturbation, Outdoors, Pool, Pussy Licking, RED, Shaved Pussy, Small Tits"
wowgirls.17.03.02.yarina.a.no.nude.with.yarina.1080p.mp4,757754619,939.851,,z589d0e6,"4K, 60 Frames, Lingerie, Non-Nude, Outdoors, Private, RED, Softcore, Solo, Sport and Fitness, Stockings"
wowgirls.17.03.01.alexa.tomas.sex.all.day.1080p.mp4,1804184105,2036.39,,v9010311,"4K, 60 Frames, Blowjob, Brunette, Handjob, Hardcore, Masturbation, Pussy Licking, RED, Shaved Pussy"
wowgirls.17.02.27.ivana.and.serena.wood.interview.with.serena.wood.1080p.mp4,1229476619,808.588,,f197eb78,"4K, 60 Frames, Interview, Small Tits"
wowgirls.17.02.25.vinna.reed.every.inch.of.you.is.mine.1080p.mp4,1947687781,2152.258,,f6c96861,"4K, 60 Frames, Blonde, Blowjob, Cum In Mouth, Deepthroat, Handjob, Hardcore, IR, Masturbation, Outdoors, Shaved Pussy, Small Tits"
wowgirls.17.02.23.jackie.o.and.vanessa.hugs.and.kisses.1080p.mp4,785099066,965.718,,haf67a5a,"4K, Brunette, Lesbian, Masturbation, Outdoors, RED, Shaved Pussy, Small Tits"
wowgirls.17.02.20.clover.need.to.have.some.fun.1080p.mp4,1910865296,987.87,,h3ab68e0,"4K, 60 Frames, Oil and Cream, Outdoors, Pee, RED, Shaved Pussy, Softcore, Solo"
wowgirls.17.02.19.lucy.li.this.is.the.way.to.go.1080p.mp4,1350757653,1514.452,,gc0b3eb1,"4K, 60 Frames, Big Tits, Blowjob, Brunette, Handjob, Hardcore, Masturbation, Outdoors, POV, Pool, Shaved Pussy"
wowgirls.17.02.18.paula.shy.positive.vibrations.1080p.mp4,1456835091,1998.402,,ecaa774d,"4K, 60 Frames, Blowjob, Deepthroat, Handjob, Hardcore, MMF, Masturbation, Pussy Licking, RED, Redhead, Shaved Pussy, Threesome"
wowgirls.17.02.16.ivana.and.piper.perry.interview.with.piper.perry.2.1080p.mp4,302256373,394.50702,,ude98522,"4K, 60 Frames, Blonde, Interview, Outdoors, Small Tits, Softcore"
wowgirls.17.02.16.ivana.and.ally.interview.with.ally.2.1080p.mp4,597248970,396.225,,va8808ca,"4K, 60 Frames, Interview, Outdoors, Pool, Small Tits, Softcore"
wowgirls.17.02.14.daphne.and.aislin.from.dusk.till.dawn.1080p.mp4,1142651364,1259.2426,,i5d672b6,"4K, 60 Frames, Big Tits, Blonde, Brunette, Lesbian, Lingerie, Masturbation, Pussy Licking, Shaved Pussy"
wowgirls.17.02.12.tali.dova.i.see.no.evil.1080p.mp4,1376329350,1615.319,,gdc2794d,"4K, 60 Frames, Blowjob, Cum On Face, Deepthroat, Hairy Pussy, Handjob, Hardcore, Masturbation, Oil and Cream, Outdoors, POV"
wowgirls.17.02.11.kira.fuck.me.kira.1080p.mp4,1469265764,1661.0391,,a33f0965,"4K, 60 Frames, Brunette, Fuck Me, Lingerie, Masturbation, RED, Small Tits, Solo, Stockings"
wowgirls.17.02.10.ria.sun.doctors.orders.1080p.mp4,2004564359,2204.688,,fe10032b,"4K, 60 Frames, Blonde, Blowjob, Cum In Mouth, Deepthroat, Hardcore, Masturbation, Pussy Licking, RED, Shaved Pussy"
wowgirls.17.02.07.nekane.and.ulia.ill.make.you.wet.1080p.mp4,1074619514,1308.444,,be01a2b9,"4K, 60 Frames, Bathroom, Big Tits, Lesbian, Masturbation, Shaved Pussy, Small Tits"
wowgirls.17.02.05.ivana.and.marina.visconti.interview.with.marina.visconti.1080p.mp4,1612522492,1903.3867,,ie1a85af,"4K, 60 Frames, Big Tits, Interview, Outdoors, Private, Small Tits"
wowgirls.17.02.04.shrima.malati.hard.toy.for.a.soft.girl.1080p.mp4,1073994452,1537.95,,a43b0d9f,"4K, 60 Frames, Anal, Brunette, Dildo, Hairy Pussy, Masturbation, RED, Small Tits, Solo, Stockings"
wowgirls.17.02.04.piper.perry.and.talia.mint.interview.with.piper.perry.talia.mint.1080p.mp4,858458356,1131.741,,h4bafc93,"4K, 60 Frames, Blonde, Interview, Lesbian, Masturbation, Oil and Cream, RED, Shaved Pussy, Small Tits"
wowgirls.17.01.31.jessey.meet.me.here.1080p.mp4,1138949590,739.37,,e49beb2e,"4K, 60 Frames, Blonde, Outdoors, Shaved Pussy, Small Tits, Softcore, Solo"
wowgirls.17.01.31.gina.gerson.afternoon.honeymoon.1080p.mp4,1016255725,1903.781,,z62ddad1,"4K, 69, Blowjob, Deepthroat, Hardcore, Outdoors, Pussy Licking, RED, Shaved Pussy, Small Tits"
wowgirls.17.01.31.aislin.and.jessey.tea.party.goes.right.1080p.mp4,1365552286,1637.1705,,y953c907,"4K, 60 Frames, Big Tits, Blonde, Lesbian, Masturbation, Pussy Licking, Shaved Pussy, Small Tits"
wowgirls.17.01.28.anabelle.the.fourth.base.1080p.mp4,1448969114,1690.691,,daae6086,"4K, 60 Frames, Big Tits, Blowjob, Hardcore, Masturbation, Pussy Licking, Shaved Pussy, WowGirls Hottest"
wowgirls.17.01.27.ulia.happiness.is.where.you.are.1080p.mp4,1306333333,1619.801,,be7c31bb,"4K, 60 Frames, Blowjob, Deepthroat, Finger Licking, Hardcore, Masturbation, POV, Pussy Licking, Shaved Pussy, Small Tits"
wowgirls.17.01.27.daniella.rose.sexual.revolution.1080p.mp4,1334432396,1762.2789,,i460d300,"4K, 60 Frames, Blowjob, Brunette, Deepthroat, Handjob, Hardcore, MMF, Masturbation, POV, Pussy Licking, Shaved Pussy, Small Tits, Threesome"
wowgirls.17.01.25.mila.azul.bird.in.a.cage.1080p.mp4,1196050486,1630.482,,g0757644,"4K, Big Tits, Dildo, Finger Licking, Lingerie, Masturbation, Shaved Pussy, Solo"
wowgirls.17.01.23.ivana.and.michelle.20.minutes.in.heaven.1080p.mp4,1300378262,1575.822,,x7624050,"60 Frames, Lesbian, Lingerie, Masturbation, Pussy Licking, RED, Shaved Pussy, Small Tits"
wowgirls.17.01.22.gina.gerson.and.mia.shes.got.a.hold.on.me.1080p.mp4,816453423,1526.782,,za786c62,"4K, 69, Brunette, Lesbian, Masturbation, Pussy Licking, RED, Shaved Pussy, Small Tits"
wowgirls.17.01.21.lovenia.and.kristy.black.romantic.bed.games.1080p.mp4,1490866829,1935.94,,b1cf3f6b,"4K, 60 Frames, 69, Bathroom, Brunette, Lesbian, Masturbation, Pussy Licking, RED, Shaved Pussy, Small Tits"
wowgirls.17.01.20.taisia.shanti.a.girl.outdoors.1080p.mp4,982556896,1331.664,,a270993a,"4K, 60 Frames, Brunette, Finger Licking, Masturbation, Shaved Pussy, Small Tits, Solo"
wowgirls.17.01.18.anina.silk.serious.petting.1080p.mp4,1358607331,1745.049,,dc4a0774,"4K, 60 Frames, Blowjob, Finger Licking, Handjob, Hardcore, Masturbation, Outdoors, Pussy Licking, Shaved Pussy"
wowgirls.17.01.16.nancey.the.special.order.1080p.mp4,971908896,1060.432,,c46de011,"60 Frames, Big Tits, Blonde, Blowjob, Deepthroat, Handjob, Hardcore, Masturbation, Pussy Licking, Shaved Pussy"
wowgirls.17.01.16.lucy.li.sex.mad.1080p.mp4,1205123941,1243.173,,fefcf235,"4K, 60 Frames, Big Tits, Blowjob, Brunette, Cum On Face, Hardcore, MMF, RED, Shaved Pussy, Threesome"
wowgirls.17.01.15.anna.jolie.when.everyones.away.1080p.mp4,664601786,844.951,,e6f8d1bc,"4K, 60 Frames, Brunette, Lingerie, Masturbation, Shaved Pussy, Small Tits, Solo"
wowgirls.17.01.14.nina.north.a.feisty.girl.1080p.mp4,451230460,737.326,,d28d1640,"4K, 60 Frames, Interview, Shaved Pussy, Softcore, Solo"
wowgirls.17.01.12.paula.shy.and.kira.blind.date.1080p.mp4,1916364952,2074.0073,,x0840fc5,"4K, 60 Frames, Brunette, Fetish, Lesbian, Lingerie, Masturbation, POV, Pussy Licking, Redhead, Small Tits"
wowgirls.17.01.11.yarina.a.here.we.go.1080p.mp4,413338171,798.604,,bb777f95,"4K, Outdoors, Softcore, Solo, Sport and Fitness"
wowgirls.17.01.10.beata.and.maria.pie.put.out.my.fire.1080p.mp4,948673757,1838.44,,ydd50b84,"4K, 69, Lesbian, Masturbation, Outdoors, Pussy Licking, Shaved Pussy"
wowgirls.17.01.08.carolina.abril.and.paula.shy.join.the.party.1080p.mp4,1079794115,1907.217,,xa292b51,"4K, 69, Blowjob, Brunette, Cum In Mouth, Deepthroat, FFM, Handjob, Hardcore, Lingerie, Masturbation, Pussy Licking, Redhead, Shaved Pussy, Small Tits, Threesome"
wowgirls.17.01.07.j.joanna.rock.my.bones.1080p.mp4,687169234,1068.605,,f606e20c,"4K, Big Tits, Blowjob, Hardcore, Outdoors, Pool, Pussy Licking, Shaved Pussy"
wowgirls.17.01.05.serena.wood.starspangled.1080p.mp4,437522097,698.781,,yb91b210,"4K, Outdoors, Shaved Pussy, Softcore, Solo"
wowgirls.17.01.04.alyssa.a.feeling.the.urge.1080p.mp4,553994922,987.637,,y9bd0011,"4K, Masturbation, Outdoors, RED, Shaved Pussy, Solo"
wowgirls.17.01.03.violette.friends.with.benefits.1080p.mp4,1859112007,1558.663,,x38ad6d3,"4K, 60 Frames, Blonde, Blowjob, Hardcore, Outdoors, Pussy Licking, Shaved Pussy, Small Tits"
wowgirls.17.01.02.iness.and.yarina.a.steam.team.1080p.mp4,959473917,1072.0887,,ced31f3c,"4K, 60 Frames, Brunette, Dance, Lesbian, RED, Shaved Pussy, Small Tits, Softcore"
wowgirls.16.12.31.nancey.and.paula.shy.lets.do.it.right.here.1080p.mp4,1655076488,1632.502,,x1d58791,"60 Frames, Big Tits, Blonde, Lesbian, Lingerie, Masturbation, Outdoors, Pussy Licking, RED, Redhead, Shaved Pussy"
wowgirls.16.12.30.ulia.made.for.each.other.1080p.mp4,1158898145,1302.709,,j3d39bd3,"4K, 60 Frames, 69, Blowjob, Handjob, Hardcore, Masturbation, Outdoors, Pussy Licking, RED, Shaved Pussy, Small Tits"
wowgirls.16.12.28.milena.devi.worth.chasing.1080p.mp4,682076248,1186.865,,bc599f49,"4K, 60 Frames, Anal, Dildo, Masturbation, Outdoors, RED, Shaved Pussy, Small Tits, Solo, Toys"
wowgirls.16.12.27.talia.mint.alone.in.the.room.1080p.mp4,361371871,856.1895,,vc125678,"4K, Masturbation, Shaved Pussy, Small Tits, Solo"
wowgirls.16.12.27.paula.shy.let.me.teach.you.1080p.mp4,1351403397,1582.718,,zd8b4021,"60 Frames, Blowjob, Hardcore, Pussy Licking, RED, Redhead, Shaved Pussy"
wowgirls.16.12.24.mila.azul.meet.mila.azul.fitness.pussy.1080p.mp4,674195839,1077.754,,w65b6d62,"4K, Big Tits, Masturbation, Shaved Pussy, Solo, Sport and Fitness"
wowgirls.16.12.24.dominique.i.can.do.it.myself.1080p.mp4,582996719,796.971,,e0ffa4d7,"60 Frames, Masturbation, Outdoors, RED, Shaved Pussy, Small Tits, Solo"
wowgirls.16.12.22.keira.love.spell.1080p.mp4,1775418562,1647.7109,,ube93fed,"4K, 60 Frames, 69, Blowjob, Brunette, Hardcore, Pussy Licking, Shaved Pussy, Small Tits, Stockings"
wowgirls.16.12.22.candy.sweet.no.time.to.waste.1080p.mp4,668564730,916.399,,z34deb36,"4K, 60 Frames, Finger Licking, Lingerie, Masturbation, Outdoors, RED, Shaved Pussy, Solo, Stockings"
wowgirls.16.12.21.eveline.cum.to.see.me.1080p.mp4,869007960,1465.62,,w696f655,"4K, Anal, Blowjob, Brunette, Hardcore, Masturbation, POV, Pussy Licking, RED"
wowgirls.16.12.18.iness.one.is.enough.1080p.mp4,696866682,776.197,,g77e5244,"Brunette, Interview, Outdoors, Small Tits, Softcore, Solo"
wowgirls.16.12.16.izzy.delphine.and.michelle.pure.sex.1080p.mp4,1410140018,1570.04,,jc6a40a4,"60 Frames, Blonde, Lesbian, Masturbation, Outdoors, Pool, Pussy Licking, RED, Redhead, Shaved Pussy, Small Tits"
wowgirls.16.12.15.cayla.and.maria.pie.tender.loving.care.1080p.mp4,1048965710,1087.46,,za8c26d4,"4K, 60 Frames, Blonde, Lesbian, Masturbation, Outdoors, Pool, Pussies Slip 'n' Slide, Pussy Licking, Shaved Pussy, Small Tits"
wowgirls.16.12.12.diana.diana.1080p.mp4,1347024898,1812.503,,a8d6e504,"Blowjob, Cum In Mouth, Cum On Face, Deepthroat, Hardcore, POV, Pussy Licking, Shaved Pussy, Stockings"
wowgirls.16.12.10.melena.maria.explicit.content.1080p.mp4,986451746,1212.035,,daf47e62,"4K, 60 Frames, Masturbation, Oil and Cream, Outdoors, Shaved Pussy, Small Tits, Solo, Sport and Fitness, Squirt"
wowgirls.16.12.08.anjelica.i.want.it.bad.1080p.mp4,1463744042,1511.549,,ida6cc33,"4K, 60 Frames, Blowjob, Deepthroat, Handjob, Hardcore, Masturbation, Pussy Licking, RED, Shaved Pussy, Small Tits"
wowgirls.16.12.07.nancy.a.ice.cream.tease.1080p.mp4,265590327,539.98,,v9ed3307,"4K, 60 Frames, Blonde, Shaved Pussy, Softcore, Solo"
wowgirls.16.12.04.paige.barely.fits.1080p.mp4,1459543804,2157.598,,d32a936e,"Anal, Blowjob, Handjob, Hardcore, Lingerie, POV, Pussy Licking, Shaved Pussy, WowGirls Hottest"
wowgirls.16.12.02.olivka.paired.for.anal.1080p.mp4,1879242309,1961.993,,he84f385,"4K, 60 Frames, Anal, Blonde, Blowjob, Handjob, Hardcore, IR, Masturbation, Outdoors, POV, RED, Shaved Pussy, Small Tits"
wowgirls.16.12.01.melena.maria.another.way.1080p.mp4,898177042,1057.855,,vbd71f18,"4K, 60 Frames, Anal, Dildo, Masturbation, Shaved Pussy, Small Tits, Solo, Stockings"
wowgirls.16.12.01.alegra.making.fun.of.it.1080p.mp4,1048725079,1365.705,,iae43916,"4K, 60 Frames, Masturbation, RED, Shaved Pussy, Solo"
wowgirls.16.11.30.monika.benz.in.your.absence.1080p.mp4,1012646565,1046.593,,f62307c5,"4K, 60 Frames, Brunette, Masturbation, Shaved Pussy, Solo"
wowgirls.16.11.28.tina.her.beautiful.dominance.1080p.mp4,1792620215,2258.257,,x78b6c8b,"4K, 60 Frames, Blowjob, Handjob, Hardcore, IR, Masturbation, POV, Pussy Licking, Shaved Pussy, Small Tits"
wowgirls.16.11.26.taisia.shanti.lap.dance.1080p.mp4,1851627851,2159.061,,x3c03a52,"4K, 60 Frames, Blowjob, Brunette, Cum In Mouth, Fetish, Handjob, Hardcore, IR, Masturbation, Outdoors, POV, RED"
wowgirls.16.11.26.nimfa.pussy.flashing.1080p.mp4,1119050676,1584.994,,w2c52d40,"Dildo, Lingerie, Masturbation, Shaved Pussy, Small Tits, Solo, Stockings"
wowgirls.16.11.23.michaela.isizzu.my.second.skin.1080p.mp4,953190543,983.481,,abff7f3c,"4K, 60 Frames, Lingerie, Masturbation, RED, Solo"
wowgirls.16.11.22.chelsy.sun.watch.my.hands.1080p.mp4,1244211369,1101.206,,z825931d,"4K, 60 Frames, Masturbation, Outdoors, Redhead, Shaved Pussy, Solo, Stockings"
wowgirls.16.11.20.ulia.home.run.1080p.mp4,1668076673,1612.069,,a1fe0b7b,"4K, 60 Frames, Blowjob, Cum In Mouth, Cum On Face, Deepthroat, Hardcore, Masturbation, Outdoors, POV, Pussy Licking, Shaved Pussy, Small Tits"
wowgirls.16.11.20.clover.and.anny.aurora.i.like.to.watch.1080p.mp4,1267579888,2350.9739,,w9d24ecc,"4K, 60 Frames, Blowjob, FFM, Fetish, Handjob, Hardcore, IR, Masturbation, Pussy Licking, RED, Redhead, Shaved Pussy, Small Tits, Threesome"
wowgirls.16.11.17.izzy.delphine.a.blonde.in.the.woods.1080p.mp4,430284573,718.634,,jae73433,"4K, Blonde, Masturbation, Outdoors, Small Tits, Solo"
wowgirls.16.11.17.aislin.natural.1080p.mp4,1182847573,1225.41,,dca474d8,"4K, 60 Frames, Big Tits, Blonde, Masturbation, Outdoors, Shaved Pussy, Solo"
wowgirls.16.11.14.silvie.i.got.the.rhythm.1080p.mp4,1144580649,1566.256,,zee7579d,"4K, 60 Frames, Blowjob, Handjob, Hardcore, Masturbation, POV, Pussy Licking, RED, Shaved Pussy, WowGirls Hottest"
wowgirls.16.11.14.daphne.and.ria.sun.thorough.fingers.1080p.mp4,1671950164,2353.387,,w3cb7d48,"4K, 60 Frames, Big Tits, Blonde, Brunette, Lesbian, Lingerie, Masturbation, Pussy Licking, Shaved Pussy, Small Tits"
wowgirls.16.11.11.sabrisse.pool.party.for.one.1080p.mp4,1520896628,1288.87,,z8f7b7d6,"4K, 60 Frames, Finger Licking, Masturbation, Oil and Cream, Outdoors, RED, Solo"
wowgirls.16.11.11.aria.bella.hey.gorgeous.1080p.mp4,1237108413,1400.488,,db8eff66,"4K, 60 Frames, Big Tits, Blonde, Blowjob, Hardcore, Masturbation, Outdoors, Pussy Licking, Shaved Pussy"
wowgirls.16.11.09.kika.a.girl.with.an.appetite.1080p.mp4,1174268614,1979.803,,v15315d8,"Blonde, Blowjob, Cum In Mouth, Cum On Face, Hardcore, Masturbation, POV, Pussy Licking, Shaved Pussy"
wowgirls.16.11.08.kristy.black.being.blunt.1080p.mp4,878330744,1118.691,,deeb79f4,"4K, 60 Frames, Brunette, Lingerie, Masturbation, Shaved Pussy, Small Tits, Solo, Stockings"
wowgirls.16.11.05.michelle.and.vanessa.the.hot.date.1080p.mp4,1625850687,1763.95,,x38c21aa,"60 Frames, Lesbian, Masturbation, Outdoors, Pussy Licking, Redhead, Shaved Pussy, Small Tits"
wowgirls.16.11.05.gina.gerson.lets.live.the.dream.1080p.mp4,913760703,1477.902,,ba50bbd8,"Blowjob, Handjob, Hardcore, Lingerie, MMF, Pussy Licking, Shaved Pussy, Small Tits, Threesome"
wowgirls.16.11.03.monika.benz.i.choose.you.1080p.mp4,1369881773,1441.263,,wc7758b2,"60 Frames, Blowjob, Brunette, Cum On Face, Handjob, Hardcore, Lingerie, Masturbation, Outdoors, Shaved Pussy, Stockings"
wowgirls.16.11.02.serena.wood.freedom.to.do.anything.1080p.mp4,818035453,1030.734,,c6ab82a8,"4K, 60 Frames, Lingerie, Outdoors, Shaved Pussy, Softcore, Solo"
wowgirls.16.11.02.gina.gerson.in.control.1080p.mp4,1698631844,2258.651,,h1780a3b,"4K, 60 Frames, Anal, Blowjob, Hardcore, MMF, Masturbation, Outdoors, Pussy Licking, Shaved Pussy, Small Tits, Threesome"
wowgirls.16.10.30.tali.dova.getting.hot.from.it.1080p.mp4,910301086,1294.42,,w56927f0,"4K, 60 Frames, Hairy Pussy, Lingerie, Masturbation, Outdoors, RED, Solo"
wowgirls.16.10.30.kira.and.aislin.friendly.match.1080p.mp4,1467410326,1724.476,,x4bb8efb,"4K, 60 Frames, Big Tits, Blonde, Brunette, Lesbian, Masturbation, Outdoors, Pussy Licking, RED, Shaved Pussy, Small Tits"
wowgirls.16.10.28.katarina.muti.like.a.walk.in.the.park.1080p.mp4,2300992843,2160.826,,g1ce1b08,"4K, 60 Frames, Big Tits, Blowjob, Hardcore, Masturbation, Outdoors, Pussy Licking, RED, Shaved Pussy, Squirt"
wowgirls.16.10.27.melena.maria.pool.time.1080p.mp4,1395200043,1248.119,,b10229b5,"4K, 60 Frames, Anal, Lingerie, Masturbation, Oil and Cream, Outdoors, Pool, Shaved Pussy, Small Tits, Solo"
wowgirls.16.10.27.cherry.bright.great.day.all.around.1080p.mp4,1265721352,1487.61,,iff1ecf5,"4K, 60 Frames, Blonde, Blowjob, Deepthroat, Finger Licking, Handjob, Hardcore, Outdoors, Shaved Pussy"
wowgirls.16.10.25.daphne.in.the.open.1080p.mp4,656189844,983.899,,d77d0ef8,"4K, Big Tits, Brunette, Outdoors, Shaved Pussy, Softcore, Solo, Sport and Fitness"
wowgirls.16.10.24.sasha.rose.fuck.me.sasha.rose.1080p.mp4,1425737354,1136.832,,yc9ff240,"4K, 60 Frames, Finger Licking, Fuck Me, Lingerie, Shaved Pussy, Softcore, Solo, Stockings"
wowgirls.16.10.24.anna.rose.getting.into.form.1080p.mp4,1697122728,1835.746,,c2b5124d,"4K, 60 Frames, 69, Blowjob, Brunette, Deepthroat, Hardcore, Pussy Licking, RED, Shaved Pussy, Small Tits, Sport and Fitness"
wowgirls.16.10.23.carolina.abril.manhandled.1080p.mp4,977406394,1540.783,,b052d14c,"4K, Blowjob, Brunette, Cum In Mouth, Hardcore, Masturbation, Outdoors, Pussy Licking, Shaved Pussy, Small Tits, Squirt"
wowgirls.16.10.21.evelina.darling.stopping.at.nothing.1080p.mp4,733123577,1128.165,,zac2c579,"4K, 60 Frames, Masturbation, Pee, RED, Shaved Pussy, Solo, Sport and Fitness, Toys"
wowgirls.16.10.21.anabelle.a.girl.of.action.1080p.mp4,588267512,960.215,,gc86afdd,"4K, Big Tits, Oil and Cream, Outdoors, Shaved Pussy, Softcore, Solo, Sport and Fitness"
wowgirls.16.10.19.daphne.and.aria.bella.movie.night.1080p.mp4,2334319118,2268.891,,b83cde35,"4K, 60 Frames, Big Tits, Blonde, Brunette, Lesbian, Masturbation, Oil and Cream, Pussy Licking, Shaved Pussy"
wowgirls.16.10.18.nelya.cant.stop.the.feeling.1080p.mp4,1512477798,2491.942,,f80c5d29,"69, Blowjob, Brunette, Cum In Mouth, Deepthroat, Handjob, Hardcore, Masturbation, Oil and Cream, Shaved Pussy, Small Tits"
wowgirls.16.10.18.lucy.li.the.joy.formula.1080p.mp4,802951480,1149.851,,e516fa1e,"Blowjob, Brunette, Handjob, Hardcore, MMF, Outdoors, Pool, Pussy Licking, RED, Shaved Pussy, Threesome"
wowgirls.16.10.17.elle.pure.intentions.1080p.mp4,1125796979,1962.086,,a62de441,"Blowjob, Brunette, Cum In Mouth, Handjob, Hardcore, Lingerie, POV, Pussy Licking, Shaved Pussy, Small Tits, Stockings"
wowgirls.16.10.15.sofia.like.just.for.fun.1080p.mp4,506571304,647.558,,c871fbc3,"4K, Brunette, Outdoors, Shaved Pussy, Small Tits, Softcore, Solo, Stockings"
wowgirls.16.10.15.lovenia.my.kind.of.picnic.1080p.mp4,1438511406,1282.763,,ie31dbe6,"4K, 60 Frames, Brunette, Masturbation, Outdoors, Shaved Pussy, Small Tits, Solo"
wowgirls.16.10.12.anna.jolie.cherchez.la.femme.1080p.mp4,439555020,867.939,,j6f0e2f6,"4K, Brunette, Lingerie, Shaved Pussy, Small Tits, Softcore, Solo, Stockings"
wowgirls.16.10.12.alexa.tomas.and.lexi.dona.the.power.of.two.1080p.mp4,1920142434,1806.002,,e2113e53,"4K, 60 Frames, Blowjob, Brunette, FFM, Handjob, Hardcore, Masturbation, Outdoors, POV, Pool, Pussy Licking, Shaved Pussy, Threesome"
wowgirls.16.10.11.lexi.dona.fuck.me.lexi.dona.1080p.mp4,829053637,593.479,,effbc2d4,"4K, 60 Frames, Brunette, Fuck Me, Outdoors, Shaved Pussy, Softcore, Solo"
wowgirls.16.10.09.nelya.my.favorite.guy.1080p.mp4,1626485465,2535.038,,j4633782,"69, Blowjob, Brunette, Cum In Mouth, Deepthroat, Handjob, Hardcore, Lingerie, Pussy Licking, Shaved Pussy, Small Tits, Stockings"
wowgirls.16.10.09.naomi.nia.dirty.work.1080p.mp4,1951264904,2126.976,,df85b3f8,"4K, 60 Frames, Anal, Blonde, Blowjob, Cum In Mouth, Handjob, Hardcore, Masturbation, Outdoors, Pussy Licking, Shaved Pussy, Sport and Fitness"
wowgirls.16.10.07.piper.perry.apolonia.lapiedra.and.ally.no.talking.here.1080p.mp4,1017118788,1415.1171,,d08ec732,"4K, 60 Frames, Blonde, Brunette, FFF+, Lesbian, Masturbation, POV, Pussy Licking, Shaved Pussy, Small Tits, Threesome"
wowgirls.16.10.06.melena.maria.the.real.mermaid.1080p.mp4,2497190279,1481.317,,d2f2003b,"4K, 60 Frames, Finger Licking, Masturbation, Outdoors, Pool, Shaved Pussy, Small Tits, Solo"
wowgirls.16.10.06.alaina.dawson.crossing.the.line.1080p.mp4,1181753398,1817.356,,z2e76133,"4K, Blowjob, Cum In Mouth, Cum On Face, Deepthroat, Hardcore, POV, Pussy Licking, Shaved Pussy, Small Tits"
wowgirls.16.10.03.nimfa.and.elle.together.forever.1080p.mp4,1329268677,1981.962,,hc86388e,"69, Blonde, Brunette, Lesbian, Masturbation, Pussy Licking, Shaved Pussy, Small Tits"
wowgirls.16.10.03.kira.the.extra.mile.1080p.mp4,1460524145,1118.087,,b707ceb5,"4K, 60 Frames, Brunette, Masturbation, Outdoors, Shaved Pussy, Small Tits, Solo, Sport and Fitness, Stockings"
wowgirls.16.09.30.nelya.talk.to.me.1080p.mp4,1170361601,1987.094,,u188a8bd,"Blowjob, Brunette, Deepthroat, Finger Licking, Footjob, Handjob, Hardcore, Lingerie, POV, Pussy Licking, Shaved Pussy, Small Tits"
wowgirls.16.09.30.nekane.dominique.1080p.mp4,1284885818,1613.276,,cc0a34e1,"4K, 60 Frames, Big Tits, Blowjob, Brunette, Creampie, Hardcore, Masturbation, POV, Pussy Licking, Shaved Pussy, WowGirls Hottest"
wowgirls.16.09.28.kristy.black.fuck.me.kristy.black.1080p.mp4,603099879,1278.8619,,e5b2869b,"4K, Brunette, Fuck Me, Lingerie, Shaved Pussy, Small Tits, Softcore, Solo"
wowgirls.16.09.28.izzy.delphine.and.sofia.like.like.old.times.1080p.mp4,2004429887,2081.251,,ee2e70cb,"4K, 60 Frames, Bathroom, Blonde, Brunette, Lesbian, Masturbation, Pussy Licking, Shaved Pussy, Small Tits"
wowgirls.16.09.26.daphne.toying.myself.1080p.mp4,827299126,1117.855,,a4c34e6e,"4K, 60 Frames, Big Tits, Brunette, Dildo, Lingerie, Masturbation, Pantyhose, Shaved Pussy, Solo"
wowgirls.16.09.25.nimfa.and.diana.angels.are.no.good.1080p.mp4,774356909,1369.954,,g6a1b8fb,"Blonde, Lesbian, Masturbation, Pussy Licking, Shaved Pussy, Small Tits, Stockings"
wowgirls.16.09.24.clover.dione.and.gina.gerson.first.day.in.heaven.1080p.mp4,2300721053,2967.673,,u71bd258,"4K, 60 Frames, 69, Blowjob, Brunette, Cum On Face, Group, Handjob, Hardcore, IR, Lingerie, Masturbation, POV, Pussy Licking, Shaved Pussy, Small Tits"
wowgirls.16.09.22.shrima.malati.selftreatment.1080p.mp4,692032956,1300.851,,hc16a4aa,"4K, Brunette, Hairy Pussy, Masturbation, Small Tits, Solo, Stockings"
wowgirls.16.09.22.nikia.all.the.way.down.1080p.mp4,1411276757,2260.741,,y7de9ce3,"Anal, Blowjob, Cum In Mouth, Finger Licking, Handjob, Hardcore, Masturbation, POV, Pussy Licking, WowGirls Hottest"
wowgirls.16.09.20.lexi.dona.and.monika.benz.going.down.town.1080p.mp4,1695553598,1568,,w2a6f352,"4K, 60 Frames, Brunette, Lesbian, Masturbation, Outdoors, Pussy Licking, Shaved Pussy, Small Tits"
wowgirls.16.09.19.shrima.malati.fuck.me.shrima.malati.1080p.mp4,702076443,1353.143,,e6a9ad7f,"4K, Bathroom, Brunette, Fuck Me, Hairy Pussy, Lingerie, Small Tits, Softcore, Solo"
wowgirls.16.09.16.jessey.blonde.girl.1080p.mp4,957508836,1242.314,,v9007121,"4K, 60 Frames, Blonde, Masturbation, Outdoors, Shaved Pussy, Small Tits, Solo"
wowgirls.16.09.16.diana.meet.diana.fuck.me.1080p.mp4,716658197,1126.864,,iec13a85,"Fuck Me, Masturbation, Shaved Pussy, Solo"
wowgirls.16.09.14.alex.grey.a.beefy.present.1080p.mp4,942567279,1496.712,,f89805b8,"4K, Bathroom, Blonde, Blowjob, Cum In Mouth, Cum On Face, Deepthroat, Handjob, Hardcore, Shaved Pussy, Small Tits"
wowgirls.16.09.13.lou.two.great.lovers.1080p.mp4,1887581513,2798.585,,h4bd134a,"Blowjob, Cum In Mouth, Cum On Face, Handjob, Hardcore, Pussy Licking, Shaved Pussy"
wowgirls.16.09.12.nimfa.i.know.what.im.doing.1080p.mp4,803900168,1253.529,,za91731d,"Blonde, Dildo, Masturbation, Shaved Pussy, Small Tits, Solo"
wowgirls.16.09.10.ksena.chais.opening.the.gates.1080p.mp4,1030428613,1820.954,,w90b6b62,"69, Anal, Blowjob, Cum On Face, Hardcore, Masturbation, Pussy Licking, Shaved Pussy, Small Tits"
wowgirls.16.09.08.clover.and.dione.in.charge.1080p.mp4,1452397716,2227.122,,icaea99a,"4K, 60 Frames, Blowjob, Brunette, Cum In Mouth, Cum On Face, FFM, Handjob, Hardcore, IR, Masturbation, RED, Shaved Pussy, Small Tits, Threesome"
wowgirls.16.09.07.iness.interview.with.iness.1080p.mp4,1222416667,2109.115,,x503c87b,"Brunette, Interview, Masturbation, Small Tits, Solo"
wowgirls.16.09.07.chelsy.sun.not.so.bad.habit.1080p.mp4,852801184,1546.751,,y8725a95,"4K, Masturbation, Redhead, Shaved Pussy, Solo"
wowgirls.16.09.04.nikia.seduced.1080p.mp4,1321572061,2294.34,,b34330c5,"Blowjob, Handjob, Hardcore, Pussy Licking"
wowgirls.16.09.04.alexa.tomas.come.from.behind.1080p.mp4,1410303175,1464.32,,z58251b4,"4K, 60 Frames, Blowjob, Brunette, Cum On Face, Deepthroat, Hardcore, Masturbation, Pussy Licking, RED, Shaved Pussy"
wowgirls.16.09.01.kylie.quinn.reaching.the.next.level.1080p.mp4,1091773791,1620.587,,fe5cddea,"4K, Bathroom, Blowjob, Brunette, Cum In Mouth, Cum On Face, Deepthroat, Hardcore, Lingerie, Masturbation, POV, Pussy Licking, Shaved Pussy, Shaving, Small Tits"
wowgirls.16.09.01.anny.aurora.and.taylor.sands.coming.to.you.1080p.mp4,953431434,1608.33,,h3be013f,"4K, 60 Frames, Lesbian, Masturbation, Pussy Licking, RED, Redhead, Shaved Pussy, Toys"
wowgirls.16.08.30.shrima.malati.on.the.river.1080p.mp4,1120789712,963.721,,h609664d,"4K, 60 Frames, Brunette, Hairy Pussy, Masturbation, Outdoors, Small Tits, Solo"
wowgirls.16.08.29.nancy.a.interview.with.nancy.a.1080p.mp4,483215657,737.721,,ba911a94,"Blonde, Interview, Outdoors, Shaved Pussy, Softcore, Solo"
wowgirls.16.08.28.nelya.lovers.at.home.1080p.mp4,1171165317,1810.158,,f95e948f,"69, Blowjob, Brunette, Deepthroat, Footjob, Handjob, Hardcore, Masturbation, POV, Pussy Licking, Shaved Pussy, Small Tits"
wowgirls.16.08.26.lia.a.hungry.girl.1080p.mp4,558273349,995.068,,y436f6ce,"Dildo, Finger Licking, Masturbation, Shaved Pussy, Small Tits, Solo"
wowgirls.16.08.26.carolina.abril.lets.meet.in.bed.1080p.mp4,859135854,1208.761,,j2fc50b6,"4K, 60 Frames, Blowjob, Brunette, Hardcore, IR, Lingerie, Pussy Licking, Small Tits"
wowgirls.16.08.23.mary.kalisy.i.care.for.myself.1080p.mp4,489475282,827.606,,u3b22a1d,"Finger Licking, Masturbation, Pantyhose, Shaved Pussy, Small Tits, Solo, Sport and Fitness"
wowgirls.16.08.22.gina.gerson.playing.with.fire.1080p.mp4,1018641597,1599.39,,g4a07855,"4K, 60 Frames, Blowjob, Hardcore, Masturbation, Outdoors, Pantyhose, Pussy Licking, Shaved Pussy, Small Tits"
wowgirls.16.08.20.serena.wood.feeling.wet.1080p.mp4,466131039,692.744,,i92f77d0,"4K, Lingerie, Outdoors, Shaved Pussy, Softcore, Solo"
wowgirls.16.08.17.evelina.darling.instant.passion.1080p.mp4,889332452,1651.821,,g81ea26c,"4K, Anal, Blowjob, Hardcore, IR, Pantyhose, Pussy Licking, RED, Shaved Pussy"
wowgirls.16.08.15.alaina.dawson.meet.alaina.dawson.1080p.mp4,474354003,1007.792,,dd95193d,"4K, Interview, Masturbation, Shaved Pussy, Small Tits, Solo"
wowgirls.16.08.14.mary.kalisy.meet.mary.kalisy.1080p.mp4,988299308,1445.837,,dd365f75,"Dildo, Masturbation, Shaved Pussy, Small Tits, Solo"
wowgirls.16.08.11.candy.sweet.like.a.flower.1080p.mp4,1038642916,915.284,,f238f46f,"4K, 60 Frames, Dance, Fashion Show, Masturbation, Outdoors, Shaved Pussy, Solo"
wowgirls.16.08.09.nekane.too.cool.1080p.mp4,1259751704,1444.629,,h88ef88b,"4K, 60 Frames, Big Tits, Blowjob, Brunette, Cum On Face, Deepthroat, Handjob, Masturbation, RED, Shaved Pussy"
wowgirls.16.08.08.nancy.a.the.great.beauty.1080p.mp4,1520077534,2158.109,,ue3decc6,"4K, 60 Frames, Blowjob, Hardcore, Outdoors, Pussy Licking, RED, Shaved Pussy, WowGirls Hottest"
wowgirls.16.08.07.kylie.quinn.fuck.me.kylie.quinn.1080p.mp4,490344322,821.525,,ga134b90,"4K, Brunette, Fuck Me, Interview, Shaved Pussy, Small Tits, Softcore, Solo"
wowgirls.16.08.06.ulia.the.giver.1080p.mp4,1252267818,1183.916,,dec60422,"4K, 60 Frames, Blowjob, Deepthroat, Handjob, Hardcore, Masturbation, Outdoors, POV, Pussy Licking, RED, Shaved Pussy, Small Tits"
wowgirls.16.08.06.nikita.black.taking.care.of.business.1080p.mp4,1015720284,957.15,,cb7af9c8,"Finger Licking, Lingerie, Masturbation, Redhead, Shaved Pussy, Small Tits, Solo"
wowgirls.16.08.04.lia.horny.awakening.1080p.mp4,716295440,1139.078,,ga880e9e,"Finger Licking, Masturbation, Shaved Pussy, Small Tits, Solo"
wowgirls.16.08.03.cecilia.clover.and.antonia.sainz.quality.and.quantity.1080p.mp4,871028983,1291.958,,v658ce4a,"4K, 60 Frames, 69, Blonde, FFF+, Lesbian, Masturbation, POV, Pussy Licking, RED, Shaved Pussy, Small Tits, Threesome"
wowgirls.16.08.03.alex.grey.fuck.me.alex.grey.1080p.mp4,692846416,1123.01,,ucb0f9f9,"4K, Blonde, Fuck Me, Interview, Shaved Pussy, Small Tits, Softcore, Solo"
wowgirls.16.07.31.piper.perry.seek.and.you.will.find.1080p.mp4,1049574281,1594.4451,,y0f66c5a,"4K, Blonde, Blowjob, Cum On Face, Handjob, Hardcore, IR, Lingerie, POV, Shaved Pussy, Small Tits"
wowgirls.16.07.28.lee.moon.the.moon.can.shine.too.1080p.mp4,1098062335,1534.8352,,edbd6102,"4K, Lingerie, Shaved Pussy, Softcore, Solo"
wowgirls.16.07.26.milena.devi.my.naughty.girl.1080p.mp4,1709317169,2237.173,,w2c6223f,"4K, 60 Frames, Blowjob, Handjob, Hardcore, IR, Masturbation, POV, Pussy Licking, RED, Shaved Pussy, Small Tits"
wowgirls.16.07.25.taylor.sands.only.have.to.ask.1080p.mp4,1320840849,1503.376,,u40812d5,"4K, 60 Frames, Anal, Blowjob, Creampie, Deepthroat, Hardcore, IR, RED, Shaved Pussy"
wowgirls.16.07.25.clover.paula.shy.and.tina.pool.games.1080p.mp4,1774269921,1474.746,,i208a1b8,"4K, 60 Frames, FFF+, Lesbian, Masturbation, Outdoors, Pool, Pussy Licking, RED, Redhead, Shaved Pussy, Small Tits, Threesome"
wowgirls.16.07.22.sapphira.me.and.my.bed.1080p.mp4,1096840644,918.208,,wfd39cfc,"4K, 60 Frames, Brunette, Finger Licking, Masturbation, Shaved Pussy, Solo, Stockings"
wowgirls.16.07.20.nelya.precise.pleasure.1080p.mp4,536774707,1006.251,,jab2f181,"Brunette, Dildo, Masturbation, Shaved Pussy, Small Tits, Solo, Stockings"
wowgirls.16.07.19.paige.taste.my.passion.1080p.mp4,1587408470,2331.376,,eeecdadf,"Blowjob, Handjob, Hardcore, Lingerie, Masturbation, POV, Pussy Licking, Shaved Pussy, WowGirls Hottest"
wowgirls.16.07.17.anjelica.do.it.one.more.time.1080p.mp4,626721339,1077.452,,x2b13bba,"4K, Masturbation, Outdoors, Pee, RED, Shaved Pussy, Small Tits, Solo"
wowgirls.16.07.16.nimfa.supercharged.1080p.mp4,1021432073,1686.326,,v66c81c7,"Dildo, Masturbation, Shaved Pussy, Small Tits, Solo"
wowgirls.16.07.14.maria.pie.so.close.together.1080p.mp4,1084671629,1923.704,,aa241d1a,"4K, Blowjob, Handjob, Hardcore, Masturbation, Outdoors, RED, Shaved Pussy"
wowgirls.16.07.13.melena.maria.fuck.me.melena.maria.1080p.mp4,1143369457,1136.408,,be9b0a96,"Fuck Me, Masturbation, Outdoors, Shaved Pussy, Small Tits, Solo"
wowgirls.16.07.11.ruslana.flaming.hot.1080p.mp4,1623567551,2642.988,,x88da1d1,"Blowjob, Cum In Mouth, Hardcore, POV, Pussy Licking, Redhead, Shaved Pussy, Stockings"
wowgirls.16.07.10.paula.shy.a.transcendent.experience.1080p.mp4,985353757,1415.419,,dbb564be,"4K, Blowjob, Cum In Mouth, Cum On Face, Handjob, Hardcore, MMF, Masturbation, Outdoors, POV, Shaved Pussy, Threesome"
wowgirls.16.07.08.nelya.in.for.the.night.1080p.mp4,1397295325,1985.329,,d92024b9,"Blowjob, Brunette, Deepthroat, Handjob, Hardcore, POV, Pussy Licking, Shaved Pussy, Small Tits"
wowgirls.16.07.07.galina.and.paige.before.bedtime.1080p.mp4,1176366819,1748.9039,,u745fbf1,"69, Lesbian, Lingerie, Masturbation, Pussy Licking, Shaved Pussy"
wowgirls.16.07.07.cecilia.and.anny.aurora.twice.as.nice.1080p.mp4,1798207341,2158.782,,zf49782e,"4K, 60 Frames, Blonde, Blowjob, FFM, Handjob, Hardcore, Masturbation, POV, Pussy Licking, Redhead, Shaved Pussy, Small Tits, Threesome"
wowgirls.16.07.05.antonia.sainz.and.lady.d.girls.best.friend.1080p.mp4,1945010311,1859.245,,b5696d96,"4K, 60 Frames, 69, Blowjob, Brunette, FFM, Handjob, Hardcore, IR, Masturbation, Oil and Cream, Outdoors, POV, Pool, Pussy Licking, Shaved Pussy, Small Tits, Threesome"
wowgirls.16.07.02.milena.devi.underwater.fun.1080p.mp4,1515215725,940.801,,j13733bc,"4K, Oil and Cream, Outdoors, Pool, Shaved Pussy, Small Tits, Softcore, Solo"
wowgirls.16.07.02.blake.eden.friendly.accessory.1080p.mp4,645869243,845.322,,j8f7d4db,"4K, 60 Frames, Blonde, Lingerie, Masturbation, Outdoors, Shaved Pussy, Solo, Toys"
wowgirls.16.07.01.apolonia.lapiedra.and.ally.inspiring.orgy.1080p.mp4,1184651484,1680.591,,wbede7f0,"4K, 69, Blowjob, Brunette, Cum In Mouth, Cum On Face, Deepthroat, FFM, Hardcore, Masturbation, POV, Pussy Licking, Shaved Pussy, Small Tits, Threesome"
wowgirls.16.06.29.ulia.and.iness.wetty.fap.1080p.mp4,624679982,920.393,,w0aaf519,"4K, 60 Frames, Brunette, Lesbian, Masturbation, Shaved Pussy, Small Tits"
wowgirls.16.06.26.gina.gerson.taking.a.closer.look.1080p.mp4,1629341587,1846.544,,u32735e7,"60 Frames, Anal, Blowjob, Footjob, Handjob, Hardcore, Masturbation, Oil and Cream, Outdoors, Shaved Pussy, Small Tits"
wowgirls.16.06.26.gina.gerson.and.izzy.delphine.pushing.the.right.buttons.1080p.mp4,1229121502,1900.924,,h8245bdd,"60 Frames, Blonde, Blowjob, FFM, Hardcore, Masturbation, Outdoors, POV, Pussy Licking, RED, Shaved Pussy, Small Tits, Threesome"
wowgirls.16.06.24.anny.aurora.a.fine.line.1080p.mp4,928275231,1372.88,,add9b551,"4K, Blowjob, Hardcore, Masturbation, Oil and Cream, Outdoors, Pussy Licking, Redhead, Shaved Pussy"
wowgirls.16.06.23.anjelica.this.one.is.for.you.1080p.mp4,748739881,1447.462,,fd882d85,"4K, Anal, Blonde, Masturbation, Oil and Cream, Outdoors, Pool, RED, Shaved Pussy, Small Tits, Solo"
wowgirls.16.06.20.galina.time.to.hit.the.sack.1080p.mp4,1528807311,2055.061,,a9f5a97c,"69, Blowjob, Cum In Mouth, Hardcore, Lingerie, Masturbation, Pussy Licking, Redhead, Shaved Pussy"
wowgirls.16.06.20.cayla.maria.pie.and.ulia.the.story.of.three.1080p.mp4,1921203920,1520.721,,h2c0ad1d,"4K, 60 Frames, Blonde, FFF+, Lesbian, Masturbation, Outdoors, POV, Pool, Pussy Licking, RED, Shaved Pussy, Threesome"
wowgirls.16.06.19.kimmy.granger.fuck.me.like.a.bull.1080p.mp4,1461956053,2039.989,,cd3b8bfc,"4K, Blowjob, Handjob, Hardcore, Lingerie, POV, Shaved Pussy, Small Tits"
wowgirls.16.06.17.the.amazing.six.1080p.mp4,2679676043,1745.583,,i73dfbc5,"4K, 60 Frames, 6K, Blonde, Brunette, FFF+, Group, Ibiza Love, Lesbian, Masturbation, Oil and Cream, Outdoors, Pool, RED, Shaved Pussy, Small Tits, WowGirls Hottest"
wowgirls.16.06.16.carolina.abril.and.clover.friendly.fire.1080p.mp4,2112115652,2145.849,,yf64ef90,"4K, 60 Frames, Blonde, Blowjob, Brunette, Deepthroat, FFM, Handjob, Hardcore, Masturbation, Outdoors, POV, Pussy Licking, RED, Shaved Pussy, Small Tits, Threesome"
wowgirls.16.06.14.michaela.isizzu.lets.get.wet.1080p.mp4,830527438,655.313,,uc1ca10b,"4K, 60 Frames, Outdoors, Softcore, Solo"
wowgirls.16.06.12.ruslana.body.language.1080p.mp4,889221072,1533.469,,dabd512a,"Finger Licking, Masturbation, Redhead, Shaved Pussy, Solo"
wowgirls.16.06.11.anjelica.and.gina.gerson.the.hottest.pickup.1080p.mp4,1470414380,1946.366,,b5b4d0c9,"4K, 60 Frames, Blonde, Blowjob, Creampie, FFM, Handjob, Hardcore, Masturbation, Outdoors, Pussy Licking, RED, Shaved Pussy, Small Tits, Threesome, WowGirls Hottest"
wowgirls.16.06.08.sabrisse.burning.1080p.mp4,851056398,1041.786,,zd40e029,"4K, 60 Frames, Outdoors, RED, Softcore, Solo"
wowgirls.16.06.08.blake.eden.and.evelina.darling.girly.experiments.1080p.mp4,925796096,1424.614,,b1d84c2a,"4K, 60 Frames, 69, Blonde, Lesbian, Masturbation, Pussy Licking, RED, Shaved Pussy"
wowgirls.16.06.06.lexi.dona.mutual.understanding.1080p.mp4,1120925813,1467.06,,c47d4e0f,"4K, 60 Frames, Blowjob, Brunette, Cum In Mouth, Hairy Pussy, Handjob, Hardcore, Lingerie, Masturbation, Outdoors, POV, Pussy Licking, RED, Stockings"
wowgirls.16.06.06.cayla.and.violette.going.strong.1080p.mp4,1830389362,2080.981,,adce3509,"4K, 60 Frames, 69, Blonde, Blowjob, Cum On Face, Deepthroat, FFM, Handjob, Hardcore, Masturbation, Outdoors, Pussy Licking, Shaved Pussy, Small Tits, Sport and Fitness, Threesome"
wowgirls.16.06.05.alexa.tomas.in.and.out.1080p.mp4,1540842115,1396.518,,wc5b320f,"4K, 60 Frames, Blowjob, Brunette, Cum On Face, Deepthroat, Hardcore, Outdoors, Pussy Licking, Shaved Pussy, Sport and Fitness"
wowgirls.16.06.04.ally.interview.with.ally.1080p.mp4,876394122,913.18317,,a2bbd923,"4K, Anal, Interview, Masturbation, Outdoors, Shaved Pussy, Solo, Toys"
wowgirls.16.06.03.apolonia.lapiedra.and.serena.wood.first.time.envy.1080p.mp4,755071523,1104.086,,d73de6da,"4K, Brunette, Lesbian, Outdoors, Shaved Pussy, Small Tits, Softcore"
wowgirls.16.05.31.michaela.isizzu.wake.up.with.michaela.isizzu.1080p.mp4,660570632,859.115,,u06597b9,"4K, 60 Frames, Fashion Show, Outdoors, Softcore, Solo"
wowgirls.16.05.31.anny.aurora.sweet.dreamer.1080p.mp4,742519705,895.895,,ge1125bf,"4K, Interview, Masturbation, Outdoors, Pool, Redhead, Shaved Pussy, Solo"
wowgirls.16.05.30.kika.lucky.me.1080p.mp4,1247690097,1940.213,,e503fc29,"69, Blowjob, Brunette, Cum In Mouth, Cum On Face, Hardcore, Masturbation, Pussy Licking, Shaved Pussy"
wowgirls.16.05.28.naomi.nia.you.complete.me.1080p.mp4,1445182619,1564.746,,g1938a9c,"4K, Blonde, Blowjob, Handjob, Hardcore, Lingerie, Masturbation, Outdoors, Pussy Licking, RED, Shaved Pussy"
wowgirls.16.05.27.michelle.to.the.limit.1080p.mp4,1695801113,1950.615,,g53a0e18,"60 Frames, Blowjob, Hardcore, Pussy Licking, RED, Redhead, Shaved Pussy"
wowgirls.16.05.26.nelya.meet.nelya.1080p.mp4,775623141,1177.159,,d8ceaf17,"Brunette, Masturbation, Shaved Pussy, Small Tits, Solo"
wowgirls.16.05.26.galina.and.nimfa.with.my.girl.1080p.mp4,1107478397,1793.231,,e702e94a,"69, Lesbian, Masturbation, Pussy Licking, Shaved Pussy, Small Tits"
wowgirls.16.05.25.lia.watching.her.play.1080p.mp4,637253710,1145.347,,c65138b2,"Masturbation, Shaved Pussy, Small Tits, Solo"
wowgirls.16.05.23.yarina.a.sunset.dream.1080p.mp4,747356502,890.926,,aef4ce85,"4K, 60 Frames, Outdoors, RED, Softcore, Solo"
wowgirls.16.05.23.ulia.not.for.the.weak.1080p.mp4,1626428386,2041.847,,j9d69127,"4K, 60 Frames, Blowjob, Cum In Mouth, Cum On Face, Deepthroat, Hardcore, Masturbation, POV, Pussy Licking, RED, Shaved Pussy, Small Tits"
wowgirls.16.05.22.cecilia.better.than.fantasies.1080p.mp4,1429416101,1850.491,,a515456a,"4K, 60 Frames, Bathroom, Blonde, Blowjob, Cum On Face, Hardcore, Masturbation, Pussy Licking, Shaved Pussy, Small Tits"
wowgirls.16.05.21.nikia.open.to.everything.1080p.mp4,745871857,1417.323,,j9fa1f7a,"Masturbation, Pantyhose, Solo"
wowgirls.16.05.20.nikia.doing.the.nasty.1080p.mp4,1647809606,2651.456,,j49b6de6,"Anal, Blowjob, Handjob, Hardcore, Masturbation, Oil and Cream, WowGirls Hottest"
wowgirls.16.05.19.dione.the.taste.of.a.woman.1080p.mp4,1021841974,1672.649,,y76cd496,"4K, Blowjob, Brunette, Cum In Mouth, Handjob, Hardcore, IR, Masturbation, Outdoors, Pool, RED, Shaved Pussy, Small Tits"
wowgirls.16.05.17.melena.maria.my.lust.is.fulfilled.1080p.mp4,1013098665,1436.874,,we8e9259,"4K, 60 Frames, Finger Licking, Lingerie, Masturbation, RED, Shaved Pussy, Small Tits, Solo, Stockings"
wowgirls.16.05.17.clover.and.anny.aurora.no.smoke.without.fire.1080p.mp4,1140686110,1766.017,,jf135dbb,"4K, 60 Frames, Lesbian, Masturbation, Outdoors, Pussy Licking, RED, Redhead, Shaved Pussy"
wowgirls.16.05.16.alexis.crystal.and.janice.high.on.love.1080p.mp4,1469168559,1635.683,,z0d00c06,"4K, 60 Frames, 69, Blowjob, FFM, Hardcore, Lingerie, Masturbation, Outdoors, POV, Pantyhose, Pussy Licking, RED, Redhead, Shaved Pussy, Threesome"
wowgirls.16.05.15.ruslana.worth.the.effort.1080p.mp4,1545877683,2271.074,,zfd1ad4b,"Blowjob, Cum In Mouth, Hardcore, Masturbation, POV, Pantyhose, Pussy Licking, Redhead, Shaved Pussy, WowGirls Hottest"
wowgirls.16.05.14.piper.perry.and.apolonia.lapiedra.double.sandwich.1080p.mp4,3561291774,2338.063,,g7c411e3,"4K, 60 Frames, 69, 6K, Blonde, Blowjob, Brunette, Cum In Mouth, Cum On Face, Deepthroat, FFM, Hardcore, Lingerie, Masturbation, POV, Pussy Licking, RED, Shaved Pussy, Small Tits, Threesome, WowGirls Hottest"
wowgirls.16.05.13.nikia.full.access.1080p.mp4,1216041580,2076.05,,ff43b0d9,"69, Blowjob, Hardcore, Masturbation, POV, Pussy Licking, Stockings"
wowgirls.16.05.11.lia.meet.lia.1080p.mp4,643306148,1050.262,,cbb10fe3,"Masturbation, Shaved Pussy, Small Tits, Solo"
wowgirls.16.05.11.cayla.and.lexi.dona.i.crave.your.cave.1080p.mp4,1210074696,1594.746,,u44b44b2,"4K, 60 Frames, Blonde, Brunette, Hairy Pussy, Lesbian, Masturbation, Pantyhose, Pussy Licking, RED, Shaved Pussy, Small Tits"
wowgirls.16.05.09.antonia.sainz.the.escape.1080p.mp4,644814129,730.36,,ac33e32f,"4K, 60 Frames, Masturbation, Outdoors, RED, Shaved Pussy, Solo"
wowgirls.16.05.08.cecilia.antonia.sainz.and.lady.d.sounds.like.fun.1080p.mp4,1123009635,1351.773,,hfdebe47,"4K, 60 Frames, Blonde, Brunette, FFF+, Lesbian, Masturbation, Outdoors, Pool, Pussy Licking, Shaved Pussy, Small Tits, Threesome"
wowgirls.16.05.07.vlada.t.going.all.the.way.1080p.mp4,1103307405,1682.239,,h5edafd3,"Anal, Blonde, Blowjob, Hardcore, Pussy Licking, Shaved Pussy, Small Tits"
wowgirls.16.05.06.cayla.under.your.spell.1080p.mp4,1659375349,1576.101,,i887944b,"4K, 60 Frames, Blonde, Blowjob, Cum On Face, Handjob, Hardcore, Masturbation, Outdoors, Pool, Pussy Licking, RED, Small Tits"
wowgirls.16.05.05.vanessa.drop.your.load.here.1080p.mp4,1457322009,1551.255,,y44cf724,"4K, 60 Frames, Blowjob, Handjob, Masturbation, Outdoors, Pantyhose, Pussy Licking, RED, Shaved Pussy, Small Tits"
wowgirls.16.05.04.ruslana.meet.ruslana.1080p.mp4,1025967198,1752.967,,bb9d8345,"Dildo, Finger Licking, Masturbation, Redhead, Shaved Pussy, Solo"
wowgirls.16.05.02.nastya.t.and.galina.gspot.examination.1080p.mp4,1127600900,1823.509,,b13c1acf,"Blonde, Dildo, Lesbian, Masturbation, Redhead, Shaved Pussy"
wowgirls.16.05.01.clover.and.tina.we.never.say.no.1080p.mp4,1119206902,1392.756,,aa00e230,"4K, 60 Frames, Blowjob, FFM, Handjob, IR, Masturbation, Outdoors, Shaved Pussy, Small Tits, Threesome"
wowgirls.16.04.29.ulia.taking.care.of.my.body.1080p.mp4,877412309,1240.247,,jf7bfc7d,"4K, Footjob, Masturbation, Oil and Cream, Outdoors, RED, Shaved Pussy, Small Tits, Solo"
wowgirls.16.04.29.serena.wood.horny.eyes.1080p.mp4,939791161,811.477,,he38bded,"4K, Brunette, Oil and Cream, Outdoors, Pool, Shaved Pussy, Softcore, Solo"
wowgirls.16.04.28.alexis.crystal.beata.and.naomi.nia.with.my.girls.1080p.mp4,1071772136,1427.772,,y3aedaf5,"4K, 69, Blonde, FFF+, Lesbian, Masturbation, Outdoors, Pussy Licking, RED, Shaved Pussy, Stockings, Threesome"
wowgirls.16.04.27.tali.dova.bareback.riding.1080p.mp4,1279639378,1651.798,,g3476fc0,"4K, 60 Frames, Blowjob, Hairy Pussy, Hardcore, Outdoors, POV, Pussy Licking, RED"
wowgirls.16.04.26.anjelica.cum.here.1080p.mp4,1307454648,1748.857,,u5e5b661,"60 Frames, 69, Blonde, Blowjob, Handjob, Hardcore, Pussy Licking, RED, Rimming, Shaved Pussy, Small Tits, WowGirls Hottest"
wowgirls.16.04.25.gina.gerson.and.tina.perfect.way.to.spend.the.day.1080p.mp4,1511761759,1835.073,,de39b53f,"4K, 60 Frames, 69, Lesbian, Masturbation, Outdoors, Pussy Licking, RED, Shaved Pussy, Small Tits"
wowgirls.16.04.24.kimmy.granger.interview.with.kimmy.granger.1080p.mp4,770054550,1274.613,,x1534786,"4K, Interview, Lingerie, Masturbation, Shaved Pussy, Small Tits, Solo"
wowgirls.16.04.23.nina.north.adores.real.man.1080p.mp4,1047293613,1262.446,,u8572851,"4K, 60 Frames, Blowjob, Deepthroat, Handjob, Hardcore, Outdoors, POV, Shaved Pussy, Sport and Fitness"
wowgirls.16.04.23.nikita.black.on.the.island.1080p.mp4,892834196,864.768,,v473a0b0,"Dildo, Masturbation, Redhead, Shaved Pussy, Small Tits, Solo"
wowgirls.16.04.21.clover.and.vinna.reed.king.for.a.day.1080p.mp4,1111517382,1725.73,,z6c0cb8f,"4K, 60 Frames, Blonde, Blowjob, Cum In Mouth, Cum On Face, Deepthroat, FFM, Handjob, Hardcore, IR, Masturbation, POV, RED, Shaved Pussy, Small Tits, Threesome"
wowgirls.16.04.20.michaela.isizzu.my.imagination.is.enough.1080p.mp4,889457799,1102.855,,x59cb7b6,"4K, 60 Frames, Masturbation, Solo"
wowgirls.16.04.19.dione.and.paula.shy.kitchen.game.1080p.mp4,723054261,1000.85,,j8e13e1d,"4K, 60 Frames, Brunette, Lesbian, Masturbation, Pussy Licking, Redhead, Shaved Pussy, Small Tits"
wowgirls.16.04.17.taylor.sands.youre.next.1080p.mp4,964511410,1567.184,,z5f33347,"4K, Blowjob, Creampie, Hardcore, IR, Lingerie, Pussy Licking, Shaved Pussy"
wowgirls.16.04.17.tali.dova.free.entry.1080p.mp4,1289971727,1810.251,,vbaeaada,"4K, 60 Frames, Blowjob, Cum In Mouth, Finger Licking, Hairy Pussy, Hardcore, Pussy Licking, RED, Stockings"
wowgirls.16.04.17.elsa.jean.crazy.fuckers.1080p.mp4,1252218609,1630.976,,d2cb219c,"4K, Blonde, Blowjob, Cum In Mouth, Hardcore, Lingerie, Shaved Pussy, Small Tits, Stockings"
wowgirls.16.04.14.lee.moon.meet.lee.moon.1080p.mp4,826914509,1238.5898,,w405f9d3,"4K, Lingerie, Movie Coverage, Shaved Pussy, Softcore, Solo"
wowgirls.16.04.11.nekane.blind.senses.1080p.mp4,973899663,1342.113,,j1099ced,"4K, 60 Frames, Big Tits, Blowjob, Brunette, Cum In Mouth, Fetish, Handjob, Masturbation, Outdoors, POV, Pussy Licking, RED, Shaved Pussy"
wowgirls.16.04.11.nastya.t.hooked.on.love.1080p.mp4,1091295749,1787.24,,h1f9ae49,"4K, Anal, Blonde, Blowjob, Hardcore, Masturbation, Pussy Licking, Shaved Pussy, Small Tits"
wowgirls.16.04.10.chloe.couture.makeup.sex.1080p.mp4,1073587017,1469.44,,z1244f49,"4K, Blonde, Blowjob, Cum In Mouth, Deepthroat, Hairy Pussy, Hardcore, POV, Small Tits"
wowgirls.16.04.09.paige.interview.with.paige.1080p.mp4,1356604977,1966.312,,u02e3f75,"Interview, Lingerie, Masturbation, Shaved Pussy, Solo"
wowgirls.16.04.09.nina.north.my.toy.and.i.1080p.mp4,762977325,1418.437,,bc7d9567,"4K, Dildo, Masturbation, Oil and Cream, Shaved Pussy, Solo"
wowgirls.16.04.06.nancy.a.first.class.babe.1080p.mp4,648136208,820.523,,w698054f,"4K, 60 Frames, Blonde, Masturbation, Shaved Pussy, Solo"
wowgirls.16.04.05.clover.and.tina.freedom.to.love.1080p.mp4,1296997255,1784.175,,ea44c969,"4K, 60 Frames, 69, Lesbian, Masturbation, Outdoors, Pussies Slip 'n' Slide, Pussy Licking, RED, Shaved Pussy, Small Tits"
wowgirls.16.04.03.taylor.sands.intimate.friends.1080p.mp4,976690355,1613.299,,x96d6fe7,"4K, Blowjob, Cum In Mouth, Hardcore, Masturbation, Pussy Licking, Shaved Pussy"
wowgirls.16.04.02.ulia.anal.digging.1080p.mp4,1177764928,1907.936,,b3e2d327,"Anal, Blowjob, Cum In Mouth, Finger Licking, Hardcore, Lingerie, Masturbation, Pussy Licking, Shaved Pussy, Small Tits"
wowgirls.16.04.01.gina.gerson.fashion.show.with.gina.gerson.1080p.mp4,833662776,1490.303,,x9294027,"4K, Fashion Show, Outdoors, RED, Shaved Pussy, Small Tits, Softcore, Solo"
wowgirls.16.03.31.talia.mint.raw.food.1080p.mp4,504262756,1085.068,,z2ce6e5f,"4K, Masturbation, Oil and Cream, Shaved Pussy, Small Tits, Solo"
wowgirls.16.03.30.anina.silk.and.dione.please.booty.us.1080p.mp4,1183405569,1928.107,,c02a2af3,"4K, 69, Anal, Blowjob, Brunette, Deepthroat, FFM, Hardcore, Masturbation, Pussy Licking, Shaved Pussy, Small Tits, Threesome"
wowgirls.16.03.28.alina.west.a.big.loaded.gun.1080p.mp4,1183836065,1702.507,,ue3a01c0,"4K, Blonde, Blowjob, Handjob, Hardcore, IR, Lingerie, POV, Shaved Pussy, Small Tits"
wowgirls.16.03.26.naomi.woods.the.driving.force.in.my.life.1080p.mp4,1316659064,2058.56,,db09e2fc,"4K, Blonde, Blowjob, Hardcore, Masturbation, POV, Pussy Licking, Shaved Pussy, Small Tits"
wowgirls.16.03.25.cecilia.and.clover.new.game.1080p.mp4,1155781881,1846.59,,d2f888a0,"4K, 60 Frames, Blonde, Finger Licking, Lesbian, Masturbation, Outdoors, POV, Pussy Licking, Shaved Pussy, Small Tits"
wowgirls.16.03.22.nimfa.interview.with.nimfa.1080p.mp4,1052898956,1661.597,,h6f51814,"Interview, Masturbation, Pantyhose, Shaved Pussy, Small Tits, Solo"
wowgirls.16.03.20.marina.visconti.and.apolonia.lapiedra.interlove.1080p.mp4,608506844,1334.753,,d1c75fc7,"4K, Big Tits, Brunette, Hairy Pussy, Lesbian, Masturbation, Outdoors, Pussy Licking, Shaved Pussy, Small Tits"
wowgirls.16.03.19.nastya.t.talking.is.overrated.1080p.mp4,1493852782,2250.106,,f2e6b80e,"Blonde, Blowjob, Cum In Mouth, Cum On Face, Hardcore, Masturbation, Pussy Licking, Shaved Pussy, Small Tits, Stockings"
wowgirls.16.03.18.paula.shy.and.nina.north.more.than.enough.1080p.mp4,2160851229,2234.27,,x271a418,"4K, Blowjob, Cum In Mouth, FFM, Hardcore, Masturbation, Outdoors, POV, Pussy Licking, Redhead, Shaved Pussy, Threesome"
wowgirls.16.03.18.eveline.dream.cream.1080p.mp4,899238328,1270.828,,a9c7a1f4,"4K, 60 Frames, Blowjob, Brunette, Hairy Pussy, Hardcore, Masturbation, Outdoors, POV, Pool"
wowgirls.16.03.16.galina.interview.with.galina.1080p.mp4,758756993,1808.277,,ce2f1922,"Interview, Masturbation, Shaved Pussy, Solo"
wowgirls.16.03.14.carolina.abril.spanish.siesta.1080p.mp4,1020075781,1330.731,,dda699d7,"4K, Blowjob, Deepthroat, Hardcore, Pussy Licking, Small Tits"
wowgirls.16.03.13.paige.maximum.climax.1080p.mp4,326032273,564.5,,h9233276,"Masturbation, Shaved Pussy, Solo"
wowgirls.16.03.12.apolonia.lapiedra.bald.and.smooth.1080p.mp4,522428229,908.053,,hfd3a60d,"4K, Brunette, Hairy Pussy, Masturbation, Outdoors, Shaved Pussy, Shaving, Small Tits, Solo"
wowgirls.16.03.11.apolonia.lapiedra.dirty.minds.think.alike.1080p.mp4,1115543345,1935.778,,w7143c67,"4K, Blowjob, Brunette, Hardcore, IR, Outdoors, Pussy Licking, Shaved Pussy, Small Tits"
wowgirls.16.03.10.vlada.t.on.my.way.to.paradise.1080p.mp4,1110469384,1708.826,,f6763fe1,"69, Blonde, Blowjob, Hardcore, Pussy Licking, Shaved Pussy, Small Tits"
wowgirls.16.03.08.sabrisse.balcony.of.slippery.dreams.1080p.mp4,705468673,842.027,,c7d6a4a6,"Lingerie, Masturbation, Oil and Cream, Outdoors, Solo"
wowgirls.16.03.06.sabrisse.brace.yourself.1080p.mp4,917600058,871.84,,i047abcc,"4K, 60 Frames, Masturbation, Outdoors, Solo"
wowgirls.16.03.05.nikia.fuck.me.nikia.1080p.mp4,840486325,1494.0273,,d21a80cb,"Finger Licking, Fuck Me, Masturbation, Solo, Stockings, WowGirls Hottest"
wowgirls.16.03.03.chloe.couture.interview.with.chloe.couture.1080p.mp4,433808264,1041.152,,u5372cd4,"4K, Blonde, Hairy Pussy, Interview, Masturbation, Small Tits, Solo, Stockings"
wowgirls.16.03.02.lexi.dona.game.set.and.match.1080p.mp4,1163994932,1524.97,,gf9cb0bd,"4K, 60 Frames, Blowjob, Brunette, Hairy Pussy, Hardcore, Lingerie, Outdoors, POV, Pool, Pussy Licking, Squirt"
wowgirls.16.03.02.anjelica.and.izzy.delphine.a.lot.of.loving.1080p.mp4,1306614673,2059.006,,a1d24091,"4K, Blonde, Lesbian, Masturbation, Outdoors, Pussies Slip 'n' Slide, Pussy Licking, Shaved Pussy, Small Tits"
wowgirls.16.02.28.clover.and.taylor.sands.there.is.no.one.like.you.1080p.mp4,955577166,1257.082,,vfbbba33,"4K, Lesbian, Masturbation, Outdoors, Pool, Pussy Licking, Shaved Pussy"
wowgirls.16.02.27.nina.north.and.olivka.our.morning.routine.1080p.mp4,849589590,1218.026,,b0c3bcfe,"4K, 60 Frames, Bathroom, Blonde, Lesbian, Masturbation, Outdoors, Pussy Licking, Shaved Pussy, Sport and Fitness"
wowgirls.16.02.27.evelina.darling.toyfucking.myself.1080p.mp4,753406787,947.63,,v56c0d15,"4K, Dildo, Masturbation, Oil and Cream, Outdoors, Shaved Pussy, Solo, Sport and Fitness"
wowgirls.16.02.25.iness.a.girl.with.a.toy.1080p.mp4,1314644605,1342.694,,ff80c941,"4K, 60 Frames, Dildo, Finger Licking, Masturbation, Oil and Cream, Outdoors, Pool, Small Tits, Solo"
wowgirls.16.02.25.cecilia.close.to.fainting.1080p.mp4,1090605350,1569.019,,h11ad6a2,"4K, Blonde, Blowjob, Hardcore, Masturbation, Pussy Licking, Shaved Pussy, Small Tits"
wowgirls.16.02.22.cecilia.fornication.vacation.1080p.mp4,1672343579,1697.2161,,ea3850f6,"4K, 60 Frames, Blonde, Blowjob, Cum In Mouth, Cum On Face, Hardcore, Masturbation, Outdoors, POV, Pool, Pussy Licking, RED, Shaved Pussy, Small Tits"
wowgirls.16.02.21.nina.north.my.first.pool.lesson.1080p.mp4,1183023120,1610.709,,jc80695f,"4K, Blowjob, Cum In Mouth, Hardcore, POV, Pussy Licking, Shaved Pussy"
wowgirls.16.02.19.iness.and.nancy.a.a.shared.experience.1080p.mp4,1342158701,1346.926,,yfb156f1,"4K, Blonde, Lesbian, Masturbation, Shaved Pussy, Small Tits"
wowgirls.16.02.17.melena.maria.sunshine.heats.up.my.pussy.1080p.mp4,839279752,1436.2362,,vbac5b21,"4K, Lingerie, Masturbation, Outdoors, Pee, Pool, Shaved Pussy, Small Tits, Solo"
wowgirls.16.02.16.nikita.black.my.morning.routine.1080p.mp4,1408182814,940.011,,w55a36a4,"Dildo, Masturbation, Pantyhose, Redhead, Shaved Pussy, Small Tits, Solo"
wowgirls.16.02.15.j.joanna.honeys.1080p.mp4,983782000,1633.802,,da1ebebf,"4K, 60 Frames, 69, Big Tits, Blowjob, Cum In Mouth, Handjob, Hardcore, Outdoors, Pussy Licking, RED, Shaved Pussy"
wowgirls.16.02.14.vlada.t.the.hunger.for.flesh.1080p.mp4,1231092103,1883.672,,j9144291,"Blonde, Blowjob, Creampie, Hardcore, POV, Pussy Licking, Shaved Pussy, Small Tits"
wowgirls.16.02.14.nastya.t.and.galina.message.of.love.1080p.mp4,988896318,1497.835,,c6602499,"Blonde, Lesbian, Masturbation, Pussy Licking, Redhead, Shaved Pussy, Small Tits"
wowgirls.16.02.13.nikia.youre.the.boss.1080p.mp4,1328275942,2137.072,,i821ec26,"69, Blowjob, Cum In Mouth, Handjob, Hardcore, Lingerie, POV, Pussy Licking, WowGirls Hottest"
wowgirls.16.02.11.paula.shy.the.ultimate.masturbation.1080p.mp4,789817730,879.467,,c409aa99,"4K, Masturbation, Outdoors, Pee, Redhead, Solo"
wowgirls.16.02.10.naomi.woods.interview.with.naomi.woods.1080p.mp4,335398393,761.877,,w15d7b6b,"4K, Blonde, Finger Licking, Interview, Lingerie, Masturbation, Shaved Pussy, Small Tits, Solo"
wowgirls.16.02.07.sabrisse.music.to.my.ears.1080p.mp4,707498500,611.219,,zc15eae8,"Outdoors, Softcore, Solo"
wowgirls.16.02.07.chanel.the.sixth.sense.1080p.mp4,1072151180,1725.614,,c055232c,"4K, 60 Frames, Blowjob, Fetish, Hardcore, IR, Masturbation, Pussy Licking, RED, Shaved Pussy, Small Tits"
wowgirls.16.02.05.rachel.james.love.soldiers.1080p.mp4,1034426431,1558.293,,x8d45637,"4K, Blonde, Blowjob, Creampie, Handjob, Hardcore, Shaved Pussy, Small Tits"
wowgirls.16.02.05.nekane.large.and.in.charge.1080p.mp4,978792707,903.279,,ce991548,"4K, 60 Frames, Big Tits, Brunette, Girls At Work, Masturbation, Outdoors, Pool, Shaved Pussy, Solo"
wowgirls.16.02.04.nancey.how.to.do.it.right.1080p.mp4,652752757,1257.639,,i8dc46e2,"Big Tits, Blonde, Handjob, Hardcore, Oil and Cream, Shaved Pussy"
wowgirls.16.02.03.evelina.darling.climb.on.board.1080p.mp4,1104604518,1782.827,,eaf113a9,"Anal, Blowjob, Cum In Mouth, Deepthroat, Hardcore, Masturbation, POV, Pussy Licking, Shaved Pussy"
wowgirls.16.02.01.melena.maria.interview.with.melena.maria.1080p.mp4,1152604379,1449.088,,w28ab043,"Interview, Outdoors, Shaved Pussy, Small Tits, Softcore, Solo"
wowgirls.16.01.29.sapphira.meet.sapphira.1080p.mp4,1412180998,1190.763,,h4bf02b3,"4K, Brunette, Masturbation, Solo"
wowgirls.16.01.28.nina.north.interview.with.nina.north.1080p.mp4,929877902,1294.912,,v98993c1,"4K, Interview, Masturbation, Outdoors, Shaved Pussy, Solo"
wowgirls.16.01.26.paula.shy.time.to.pay.the.fiddler.1080p.mp4,1213509059,1823.927,,w192f495,"4K, 60 Frames, Anal, Blowjob, Brunette, Creampie, Cum On Face, Dildo, Handjob, Hardcore, MMF, Masturbation, Pussy Licking, RED, Threesome"
wowgirls.16.01.24.sapphira.man.im.beautiful.1080p.mp4,1233725556,1305.1315,,bbc1e048,"4K, Brunette, Masturbation, Small Tits, Solo, Stockings"
wowgirls.16.01.23.elsa.jean.interview.with.elsa.jean.1080p.mp4,600419598,1095.104,,x8674159,"4K, Blonde, Lingerie, Masturbation, Shaved Pussy, Small Tits, Solo"
wowgirls.16.01.22.gina.gerson.paula.shy.and.vinna.reed.share.the.love.1080p.mp4,1197184402,1952.128,,y8d307ab,"4K, Anal, Blonde, Blowjob, Brunette, Creampie, Deepthroat, Group, Hardcore, Masturbation, Pussy Licking, Shaved Pussy, Small Tits"
wowgirls.16.01.22.dione.and.gina.gerson.two.holes.are.better.than.one.1080p.mp4,1347742307,1834.423,,ad36c4b9,"4K, 60 Frames, 69, Blowjob, Brunette, FFM, Handjob, Hardcore, IR, Masturbation, Outdoors, Pussy Licking, Shaved Pussy, Small Tits, Threesome"
wowgirls.16.01.20.lucy.li.i.deserve.this.1080p.mp4,1437532280,1780.352,,z002a460,"4K, 60 Frames, Big Tits, Blowjob, Brunette, Cum In Mouth, Handjob, Hardcore, Masturbation, Outdoors, POV, RED, Shaved Pussy"
wowgirls.16.01.20.clover.interview.with.clover.1080p.mp4,859580340,1499.521,,x12f7ce1,"Interview, Outdoors, Shaved Pussy, Softcore, Solo"
wowgirls.16.01.18.nancy.a.two.becomes.one.1080p.mp4,1207611082,1659.228,,hfdf233d,"4K, Blonde, Blowjob, Handjob, Hardcore, Lingerie, POV, Pussy Licking, Shaved Pussy, WowGirls Hottest"
wowgirls.16.01.18.evelina.darling.and.chanel.guy.free.zone.1080p.mp4,1085924024,1756.775,,b1c7e7cd,"4K, 60 Frames, Lesbian, Masturbation, Pussy Licking, Shaved Pussy, Small Tits"
wowgirls.16.01.16.vlada.t.interview.with.vlada.t.1080p.mp4,892459662,1640.513,,v66081fe,"Blonde, Lingerie, Masturbation, Shaved Pussy, Small Tits, Solo"
wowgirls.16.01.15.paula.shy.and.blake.eden.show.me.your.stuff.1080p.mp4,922003632,1234.475,,x5e64dbc,"4K, 60 Frames, Blonde, Lesbian, Lingerie, Masturbation, Pussies Slip 'n' Slide, Pussy Licking, RED, Redhead, Shaved Pussy"
wowgirls.16.01.12.sapphira.masturbation.for.dummies.1080p.mp4,1351010991,1410.096,,a807b5bf,"4K, Brunette, Lingerie, Masturbation, Outdoors, Small Tits, Solo"
wowgirls.16.01.12.alina.west.interview.with.alina.west.1080p.mp4,757765215,1515.285,,b6297a1b,"4K, Blonde, Finger Licking, Lingerie, Masturbation, Shaved Pussy, Solo"
wowgirls.16.01.10.cherry.doing.my.duty.1080p.mp4,1123720926,1785.8,,j1067b93,"Anal, Blowjob, Hardcore, Pussy Licking, Shaved Pussy"
wowgirls.16.01.09.riley.reid.a.fuck.festival.1080p.mp4,1572471976,2085.227,,vb8d57f7,"4K, Blowjob, Cum In Mouth, Cum On Face, Hairy Pussy, Handjob, Hardcore, IR, Lingerie, MMF, Outdoors, POV, Small Tits, Stockings, Threesome"
wowgirls.16.01.09.joseline.kelly.wanting.more.and.more.1080p.mp4,1159680024,1773.653,,c1382507,"4K, Blowjob, Brunette, Deepthroat, Hardcore, Masturbation, Oil and Cream, Pussy Licking"
wowgirls.16.01.06.nastya.t.interview.with.nastya.t.1080p.mp4,865404100,1642.347,,c18d8404,"Blonde, Interview, Lingerie, Masturbation, Shaved Pussy, Small Tits, Solo"
wowgirls.16.01.05.piper.perry.interview.with.piper.perry.2.1080p.mp4,322342170,640.747,,b0c44554,"4K, Blonde, Interview, Shaved Pussy, Small Tits, Softcore, Solo, Stockings"
wowgirls.16.01.03.maria.pie.and.alexa.tomas.overheated.cuddling.1080p.mp4,814683654,1044.666,,e9647e7c,"4K, 60 Frames, Brunette, Lesbian, Masturbation, Pussy Licking, Shaved Pussy"
wowgirls.16.01.03.clover.and.naomi.nia.mating.in.nature.1080p.mp4,1353388533,1732.203,,h13a5b87,"4K, Blonde, Blowjob, FFM, Handjob, Hardcore, Masturbation, Outdoors, Pool, Pussy Licking, Shaved Pussy, Threesome"
wowgirls.16.01.02.marina.visconti.raunchy.and.bouncy.1080p.mp4,505059408,1023.957,,u5374d22,"Big Tits, Finger Licking, Masturbation, Outdoors, Pee, Shaved Pussy, Solo"
wowgirls.15.12.31.leah.gotti.first.time.sex.on.camera.1080p.mp4,1271429777,1895.282,,a1ea405d,"4K, Blowjob, Brunette, Cum In Mouth, Deepthroat, Hardcore, Lingerie, Masturbation, Oil and Cream, POV, Pussy Licking, Shaved Pussy"
wowgirls.15.12.30.piper.perry.black.and.white.1080p.mp4,1136294211,1793.493,,b39360cf,"4K, 69, Blonde, Blowjob, Creampie, Hardcore, IR, Pussy Licking, Shaved Pussy, Small Tits, Stockings"
wowgirls.15.12.28.nikita.black.meet.nikita.black.1080p.mp4,688009097,896.5623,,f1438c20,"Lingerie, Masturbation, Redhead, Shaved Pussy, Solo"
wowgirls.15.12.26.joseline.kelly.meet.joseline.kelly.1080p.mp4,658679895,1128.832,,x7f7ea0b,"4K, Anal, Brunette, Masturbation, Solo, Toys"
wowgirls.15.12.25.gina.gerson.going.inside.1080p.mp4,1049167583,1843.691,,ze2c208d,"4K, Blowjob, Hardcore, IR, Masturbation, Pussy Licking, Shaved Pussy, Small Tits, Sport and Fitness"
wowgirls.15.12.24.alice.green.dont.spill.a.drop.1080p.mp4,1253796510,1152.685,,u56e13f2,"4K, Blowjob, Handjob, Hardcore, IR, Outdoors, Redhead, Shaved Pussy, Small Tits"
wowgirls.15.12.23.serena.wood.wake.up.with.serena.1080p.mp4,829649565,759.765,,ce283d6a,"60 Frames, Bathroom, Lingerie, Shaved Pussy, Softcore, Solo"
wowgirls.15.12.20.nekane.heaven.dream.1080p.mp4,1185169750,1508.352,,d8e09b61,"4K, 60 Frames, 69, Big Tits, Blowjob, Cum In Mouth, Handjob, Masturbation, POV, Pussy Licking, Shaved Pussy"
wowgirls.15.12.18.blake.eden.making.myself.sweat.1080p.mp4,297490286,739.57214,,v7646418,"Anal, Blonde, Lingerie, Masturbation, Oil and Cream, Shaved Pussy, Solo, Toys"
wowgirls.15.12.16.vinna.reed.ready.as.i.will.ever.be.1080p.mp4,1006230129,1591.424,,gcfb8892,"Blonde, Blowjob, Cum In Mouth, Deepthroat, Hardcore, Masturbation, Oil and Cream, Pussy Licking, Shaved Pussy, Small Tits"
wowgirls.15.12.16.tina.feeling.black.for.the.first.time.1080p.mp4,861535716,1283.797,,ef0e88e6,"4K, Blowjob, Finger Licking, Hardcore, IR, Outdoors, Pussy Licking, Small Tits"
wowgirls.15.12.15.taisia.shanti.and.olivka.girls.were.born.to.please.1080p.mp4,847677031,1823.1381,,j8bc160f,"4K, 69, Blonde, Brunette, Hairy Pussy, Lesbian, Masturbation, Pussies Slip 'n' Slide, Pussy Licking, Shaved Pussy, Small Tits"
wowgirls.15.12.15.nekane.a.girl.and.her.fingers.1080p.mp4,1004259561,957.312,,a84fc07b,"4K, 60 Frames, Big Tits, Finger Licking, Masturbation, Outdoors, Shaved Pussy, Solo"
wowgirls.15.12.12.leah.gotti.meet.leah.gotti.1080p.mp4,603844165,818.965,,e3e032de,"4K, Brunette, Lingerie, Masturbation, Shaved Pussy, Solo, Squirt, Toys"
wowgirls.15.12.10.lucy.li.mouthwatering.breasts.1080p.mp4,351522862,521.045,,yb2b3d67,"4K, 60 Frames, Big Tits, Brunette, Masturbation, Pantyhose, RED, Shaved Pussy, Solo"
wowgirls.15.12.09.sabrisse.happiness.is.in.me.1080p.mp4,1226964510,821.976,,zafd2f34,"4K, 60 Frames, Outdoors, Softcore, Solo"
wowgirls.15.12.07.nancy.a.fuck.me.nancy.a.1080p.mp4,756652354,937.963,,b17eeeb4,"4K, 60 Frames, Blonde, Fuck Me, Shaved Pussy, Softcore, Solo, WowGirls Hottest"
wowgirls.15.12.07.aria.alexander.shooting.from.the.hip.1080p.mp4,1276519178,1795.18,,he08429c,"Blowjob, Brunette, Cum In Mouth, Handjob, Hardcore, IR, POV, Shaved Pussy, Small Tits"
wowgirls.15.12.04.nekane.and.ulia.girl.juice.1080p.mp4,1221983617,1178.28,,i8e34671,"4K, 60 Frames, Big Tits, Brunette, Lesbian, Masturbation, Oil and Cream, Outdoors, Pool, Shaved Pussy, Small Tits"
wowgirls.15.12.03.j.joanna.the.way.i.want.it.1080p.mp4,931022211,1669.653,,ife965d6,"60 Frames, Anal, Big Tits, Blowjob, Handjob, Hardcore, Masturbation, Pussy Licking, RED, WowGirls Hottest"
wowgirls.15.11.29.antonia.sainz.the.big.one.1080p.mp4,768165733,909.4085,,w18c93d2,"Dildo, Masturbation, Outdoors, Shaved Pussy, Solo"
wowgirls.15.11.28.zoi.fan.of.men.1080p.mp4,1190173416,1838.602,,i0443463,"Anal, Blowjob, Cum In Mouth, Cum On Face, Hardcore, MMF, POV, Pussy Licking, Shaved Pussy, Small Tits, Threesome"
wowgirls.15.11.26.ulia.cant.ignore.my.needs.1080p.mp4,908646191,1023.4819,,f5a9a667,"Blowjob, Finger Licking, Handjob, Hardcore, Masturbation, Outdoors, Pool, Pussy Licking, Shaved Pussy, Small Tits"
wowgirls.15.11.24.sabrisse.trusting.my.lusting.1080p.mp4,925263776,875.067,,b8c6c959,"4K, 60 Frames, Masturbation, Outdoors, Solo"
wowgirls.15.11.24.piper.perry.and.talia.mint.pussy.investigation.1080p.mp4,509301990,1061.909,,ff946ae7,"4K, Blonde, Lesbian, Masturbation, Oil and Cream, Shaved Pussy, Small Tits"
wowgirls.15.11.22.stella.daniels.marriage.bliss.1080p.mp4,1341550114,1916.587,,dea83d33,"4K, Blowjob, Brunette, Creampie, Hardcore, Masturbation, Outdoors, Pussy Licking, Shaved Pussy, Small Tits"
wowgirls.15.11.20.riley.reid.busy.lips.1080p.mp4,1389769196,1711.36,,y4144193,"4K, Blowjob, Hairy Pussy, Handjob, Hardcore, IR, POV, Pussy Licking, Small Tits"
wowgirls.15.11.16.sabrisse.between.my.legs.1080p.mp4,626844526,747.5153,,e2c39103,"Finger Licking, Masturbation, Outdoors, Solo"
wowgirls.15.11.16.alice.green.corrupted.soul.1080p.mp4,580764496,859.499,,f4a3652e,"4K, Outdoors, Redhead, Shaved Pussy, Small Tits, Softcore, Solo"
wowgirls.15.11.15.alice.green.and.rachel.james.our.morning.ritual.1080p.mp4,1598283008,2399.851,,jb619fd0,"Bathroom, Blowjob, Cum In Mouth, Cum On Face, FFM, Hardcore, Pussy Licking, Redhead, Shaved Pussy, Small Tits, Threesome"
wowgirls.15.11.13.maria.pie.interview.with.maria.pie.1080p.mp4,1184899983,1068.048,,ve65ea08,"4K, Interview, Outdoors, Pee, Shaved Pussy, Softcore, Solo"
wowgirls.15.11.10.ulia.i.love.it.1080p.mp4,540922132,692.48,,e5a750af,"4K, 60 Frames, Finger Licking, Masturbation, Outdoors, Shaved Pussy, Small Tits, Solo"
wowgirls.15.11.10.anny.aurora.the.forbidden.fruit.1080p.mp4,773270440,1150.997,,c5b3894e,"4K, Blowjob, Hardcore, Masturbation, Outdoors, Pussy Licking, Redhead, Shaved Pussy"
wowgirls.15.11.08.gina.gerson.good.vibrations.1080p.mp4,904188762,1553.183,,vc295a1b,"4K, 60 Frames, 69, Anal, Blowjob, Finger Licking, Handjob, Hardcore, Pussy Licking, RED, Shaved Pussy, Small Tits"
wowgirls.15.11.06.nekane.sweating.for.you.1080p.mp4,923005814,945.96655,,g902b474,"Big Tits, Brunette, Outdoors, Shaved Pussy, Softcore, Solo, Sport and Fitness, Stockings"
wowgirls.15.11.06.cecilia.and.taylor.sands.eating.downtown.1080p.mp4,999237398,1253.831,,v8b50650,"Blonde, Finger Licking, Lesbian, Masturbation, Pussy Licking, Shaved Pussy, Small Tits"
wowgirls.15.11.05.anina.silk.twilight.zone.1080p.mp4,610795738,1060.014,,uffef8e2,"4K, 60 Frames, Brunette, Finger Licking, Lingerie, Masturbation, RED, Shaved Pussy, Solo"
wowgirls.15.11.02.clover.my.body.needs.a.toy.1080p.mp4,718445196,1376.5265,,e2a19106,"4K, 60 Frames, Dildo, Finger Licking, Lingerie, Masturbation, RED, Shaved Pussy, Solo"
wowgirls.15.11.02.antonia.sainz.and.lady.d.action.and.reaction.1080p.mp4,895656815,1205.185,,vf6cd1a6,"4K, 60 Frames, Brunette, Dildo, Lesbian, Masturbation, Pussy Licking, RED, Redhead, Shaved Pussy, Small Tits"
wowgirls.15.10.29.rita.i.cant.resist.1080p.mp4,1217004526,2175.709,,wbe9e766,"Blowjob, Brunette, Handjob, Hardcore, Masturbation, POV, Pussy Licking, Shaved Pussy, Small Tits"
wowgirls.15.10.29.melena.maria.impressive.girl.1080p.mp4,624684884,806.04456,,zf3a052c,"Lingerie, Oil and Cream, Outdoors, Shaved Pussy, Small Tits, Softcore, Solo"
wowgirls.15.10.29.izzy.delphine.and.michelle.on.cloud.nine.1080p.mp4,1286677538,1507.81,,ic68818f,"60 Frames, Blonde, Blowjob, FFM, Hardcore, Outdoors, POV, Pool, RED, Redhead, Shaved Pussy, Small Tits, Threesome"
wowgirls.15.10.26.anny.aurora.big.appetite.1080p.mp4,610149010,1170.796,,ba976624,"4K, 60 Frames, Dildo, Lingerie, Masturbation, RED, Redhead, Shaved Pussy, Solo, Stockings"
wowgirls.15.10.23.rachel.james.meet.rachel.james.1080p.mp4,709991936,1194.9938,,v64e932c,"Blonde, Interview, Masturbation, Shaved Pussy, Small Tits, Solo"
wowgirls.15.10.23.nekane.i.need.your.attention.1080p.mp4,1518274852,967.3664,,u0950e9d,"Big Tits, Oil and Cream, Outdoors, Pool, Shaved Pussy, Softcore, Solo"
wowgirls.15.10.23.carolina.abril.and.paula.shy.getting.along.1080p.mp4,1242131072,1768.989,,z706da22,"4K, 69, Brunette, Finger Licking, Lesbian, Masturbation, Pussies Slip 'n' Slide, Pussy Licking, Redhead, Shaved Pussy, Small Tits, Stockings"
wowgirls.15.10.20.zsanett.im.over.the.moon.1080p.mp4,1102224032,1549.606,,fa6c9098,"Blonde, Blowjob, Handjob, Hardcore, Pussy Licking, Shaved Pussy, Small Tits"
wowgirls.15.10.17.melena.maria.getting.down.and.dirty.1080p.mp4,1059502846,922.06396,,e44f3fd4,"60 Frames, Anal, Finger Licking, Masturbation, Outdoors, Shaved Pussy, Small Tits, Solo"
wowgirls.15.10.10.anina.silk.and.naomi.nia.misbehaving.girls.1080p.mp4,2034797361,1487.069,,fdd73378,"60 Frames, Blonde, Brunette, Lesbian, Masturbation, Outdoors, Pussy Licking, Shaved Pussy"
wowgirls.15.10.08.piper.perry.interview.with.piper.perry.1080p.mp4,420434584,829.185,,gdf9cde0,"4K, Blonde, Interview, Lingerie, Shaved Pussy, Small Tits, Softcore, Solo"
wowgirls.15.10.04.gina.gerson.lets.make.a.threesome.1080p.mp4,984254305,1379.776,,j7a81b39,"4K, 60 Frames, Anal, Blowjob, Cum In Mouth, Handjob, Hardcore, MMF, Pussy Licking, RED, Shaved Pussy, Small Tits, Threesome"
wowgirls.15.10.04.dasha.s.my.daily.fix.1080p.mp4,1180286238,1701.489,,y664bee4,"4K, 60 Frames, 69, Blowjob, Cum In Mouth, Hardcore, Outdoors, Pussy Licking, RED, Redhead, Shaved Pussy, Small Tits, Sport and Fitness"
wowgirls.15.10.02.zsanett.a.game.with.two.winners.1080p.mp4,796661162,1653.0514,,z3bafd69,"69, Blowjob, Handjob, Hardcore, Pussy Licking, Shaved Pussy, Small Tits"
wowgirls.15.09.30.carolina.abril.and.tina.girls.that.love.girls.1080p.mp4,1159299795,1378.1602,,u878bbaf,"69, Anal, Brunette, Dildo, Lesbian, Pussy Licking, Shaved Pussy, Small Tits"
wowgirls.15.09.29.clover.adapting.very.fast.1080p.mp4,1174798712,1198.684,,gb2aed72,"4K, 60 Frames, Anal, Finger Licking, Masturbation, Outdoors, RED, Shaved Pussy, Solo, Toys"
wowgirls.15.09.26.alice.green.taking.my.time.1080p.mp4,464105290,699.712,,za94b7d1,"4K, Bathroom, Lingerie, Masturbation, Redhead, Shaved Pussy, Small Tits, Solo"
wowgirls.15.09.24.daniella.rose.building.up.my.strength.1080p.mp4,1231764320,2160.594,,v0214193,"4K, Blowjob, Brunette, Cum In Mouth, Handjob, Hardcore, Oil and Cream, POV, RED, Shaved Pussy, Small Tits"
wowgirls.15.09.22.clover.and.paula.shy.free.entertainment.1080p.mp4,1671730567,2004.927,,b49d3879,"4K, Blonde, Blowjob, FFM, Hardcore, Outdoors, Pool, Pussy Licking, Redhead, Shaved Pussy, Threesome"
wowgirls.15.09.18.nekane.my.silent.lips.1080p.mp4,1065484176,1037.259,,xe64771c,"4K, 60 Frames, Big Tits, Brunette, Finger Licking, Masturbation, Oil and Cream, Outdoors, Shaved Pussy, Solo"
wowgirls.15.09.17.paula.shy.serving.two.guys.for.the.first.time.1080p.mp4,1191699589,1568.81,,ja5c2328,"4K, Blowjob, Cum On Face, Handjob, Hardcore, Lingerie, MMF, Outdoors, Redhead, Shaved Pussy, Threesome"
wowgirls.15.09.15.cayla.interview.with.cayla.1080p.mp4,1070691831,1629.437,,u1c44655,"Blonde, Hairy Pussy, Interview, Masturbation, Oil and Cream, Outdoors, Small Tits, Solo"
wowgirls.15.09.14.dominika.and.zsanett.taste.of.juice.1080p.mp4,1053259908,1737.317,,beb7bf82,"69, Blonde, Brunette, Lesbian, Lingerie, Pussy Licking, Shaved Pussy, Small Tits"
wowgirls.15.09.11.vinna.reed.hooked.on.masturbation.1080p.mp4,932880464,1070.5862,,x2367d57,"Blonde, Masturbation, Outdoors, Shaved Pussy, Small Tits, Solo, Sport and Fitness"
wowgirls.15.09.11.ulia.endurance.test.1080p.mp4,1050780416,1723.385,,jddd5006,"69, Blowjob, Creampie, Hardcore, Pussy Licking, Shaved Pussy, Small Tits"
wowgirls.15.09.11.cayla.summer.love.1080p.mp4,1563494437,1626.232,,ef515ba1,"60 Frames, Blonde, Blowjob, Handjob, Hardcore, Masturbation, Outdoors, POV, Small Tits"
wowgirls.15.09.09.ksena.chais.you.rock.my.world.1080p.mp4,890091244,1705.8375,,j2170b3c,"Blowjob, Creampie, Hardcore, Pussy Licking, Shaved Pussy, Small Tits"
wowgirls.15.09.07.riley.reid.i.get.off.on.this.1080p.mp4,775864337,1233.0641,,j79cf544,"Bathroom, Hairy Pussy, Masturbation, Small Tits, Solo, Squirt"
wowgirls.15.09.07.clover.time.for.you.1080p.mp4,834372375,1775.792,,h711dbda,"4K, 60 Frames, Finger Licking, Masturbation, RED, Shaved Pussy, Solo"
wowgirls.15.09.03.ulia.the.day.has.just.begun.1080p.mp4,1256621861,746.31256,,j67d0a3e,"Outdoors, Shaved Pussy, Small Tits, Softcore, Solo"
wowgirls.15.09.03.samantha.rone.another.conquest.1080p.mp4,1497409410,1872.828,,vfd27365,"Blonde, Blowjob, Cum In Mouth, Cum On Face, Hairy Pussy, Hardcore, Interview, POV, Small Tits"
wowgirls.15.09.02.guerlain.forever.yours.guerlain.1080p.mp4,621258682,1274.775,,h302868e,"Softcore, Solo"
wowgirls.15.08.30.michelle.a.successful.date.1080p.mp4,1747277502,1673.3936,,dadd596a,"Blowjob, Hardcore, Masturbation, Pussy Licking, RED, Redhead, Shaved Pussy"
wowgirls.15.08.30.ksena.chais.in.bed.with.ksena.chais.1080p.mp4,937715096,1720.319,,ze4e3560,"69, Blowjob, Handjob, Hardcore, POV, Pussy Licking, Shaved Pussy, Small Tits"
wowgirls.15.08.28.dominika.and.zsanett.two.hot.babes.1080p.mp4,641687475,1215.0806,,z7efd5aa,"Blonde, Brunette, Lesbian, Pussy Licking, Shaved Pussy, Small Tits"
wowgirls.15.08.27.dominika.and.lou.show.me.a.good.time.1080p.mp4,872834548,1645.597,,c9e44d48,"Brunette, Lesbian, Masturbation, Pussy Licking, Shaved Pussy, Small Tits"
wowgirls.15.08.25.talia.serving.both.sides.1080p.mp4,810190095,1356.601,,d5d32c0e,"Blowjob, Brunette, Handjob, Hardcore, MMF, POV, Pantyhose, Pussy Licking, Shaved Pussy, Small Tits, Threesome"
wowgirls.15.08.25.kiara.lord.lust.and.temptation.1080p.mp4,1211767021,1917.5823,,yf179e3e,"Big Tits, Blonde, Blowjob, Hardcore, Masturbation, Outdoors, POV, Pussy Licking, RED, Shaved Pussy"
wowgirls.15.08.24.nikia.in.your.dreams.1080p.mp4,991021633,1647.129,,iad69214,"69, Blowjob, Cum In Mouth, Cum On Face, Hardcore, Pussy Licking, Shaved Pussy, WowGirls Hottest"
wowgirls.15.08.22.anjelica.born.clean.1080p.mp4,547128464,1027.027,,h13ead6f,"4K, Masturbation, Outdoors, Shaved Pussy, Small Tits, Solo"
wowgirls.15.08.19.anjelica.quality.masturbation.1080p.mp4,486601250,1025.881,,jd16545c,"4K, 60 Frames, Masturbation, Outdoors, RED, Shaved Pussy, Small Tits, Solo"
wowgirls.15.08.18.zsanett.interview.with.zsanett.1080p.mp4,504255279,1141.603,,e129bb2c,"Interview, Masturbation, Small Tits, Solo"
wowgirls.15.08.17.anjelica.and.gina.gerson.lets.make.it.happen.1080p.mp4,799442839,1505.952,,gec66ac8,"69, Anal, Lesbian, Masturbation, Pussy Licking, RED, Shaved Pussy, Small Tits"
wowgirls.15.08.13.cayla.and.timea.bella.how.to.score.1080p.mp4,1779754225,1584.135,,c15561f1,"4K, 60 Frames, Blonde, Blowjob, FFM, Handjob, Hardcore, Masturbation, Outdoors, POV, Pussy Licking, RED, Shaved Pussy, Small Tits, Threesome"
wowgirls.15.08.11.ksena.chais.interview.with.ksena.chais.1080p.mp4,756181834,1686.857,,h2b4c1f5,"Interview, Masturbation, Shaved Pussy, Small Tits, Solo"
wowgirls.15.08.09.cherry.a.story.of.the.sexy.kind.1080p.mp4,1092109847,1791.8829,,ycb28947,"Blowjob, Handjob, Hardcore, MMF, Masturbation, Pussy Licking, Shaved Pussy, Threesome"
wowgirls.15.08.08.dominika.meet.dominika.1080p.mp4,570086331,1132.5314,,zc6f86d6,"Brunette, Masturbation, Shaved Pussy, Solo"
wowgirls.15.08.08.dione.affairs.of.the.heart.1080p.mp4,802884744,1646.062,,gd3eceda,"Anal, Blowjob, Brunette, Hardcore, Lingerie, Pussy Licking, Shaved Pussy, Small Tits"
wowgirls.15.08.04.zsanett.meet.zsanett.1080p.mp4,510268324,1038.304,,eab6344c,"Dildo, Masturbation, Shaved Pussy, Small Tits, Solo"
wowgirls.15.08.04.dominika.not.sharing.the.bed.1080p.mp4,685491836,1174.372,,v4f98d84,"Brunette, Finger Licking, Lingerie, Masturbation, Shaved Pussy, Solo"
wowgirls.15.07.31.vanda.line.up.boys.1080p.mp4,914360335,1690.273,,vca3459a,"Anal, Blonde, Blowjob, Handjob, Hardcore, MMF, Masturbation, Outdoors, Pussy Licking, Shaved Pussy, Small Tits, Threesome"
wowgirls.15.07.30.gina.gerson.divine.intervention.1080p.mp4,1238548794,1478.089,,h1aa7743,"4K, 69, Anal, Blowjob, Creampie, Handjob, Hardcore, Outdoors, Pussy Licking, RED, Shaved Pussy, Small Tits"
wowgirls.15.07.29.divina.youre.my.destiny.1080p.mp4,1230865665,1965.382,,w8eeea9a,"Blowjob, Brunette, Finger Licking, Handjob, Hardcore, Masturbation, POV, Pussy Licking, Shaved Pussy, Small Tits, WowGirls Hottest"
wowgirls.15.07.24.maria.pie.and.vanessa.too.hot.to.handle.1080p.mp4,1083247880,1719.276,,fb6dd8af,"Lesbian, Masturbation, Outdoors, Pussy Licking, RED, Shaved Pussy, Small Tits"
wowgirls.15.07.23.cayla.letting.love.flourish.1080p.mp4,1140317681,1430.8901,,d8485ddd,"60 Frames, 69, Blonde, Blowjob, Handjob, Outdoors, POV, Pussy Licking, RED, Shaved Pussy, Small Tits"
wowgirls.15.07.22.veronica.rodriguez.fast.and.furious.1080p.mp4,1414316196,1914.018,,y4bf86d7,"Blowjob, Brunette, Creampie, Hardcore, Lingerie, POV, Pantyhose, Pussy Licking, Shaved Pussy, Small Tits, Squirt"
wowgirls.15.07.20.nikia.interview.with.nikia.1080p.mp4,1018461697,1874.36,,zf6e865d,"Interview, Masturbation, Shaved Pussy, Solo"
wowgirls.15.07.19.jackie.o.and.maria.pie.me.and.you.1080p.mp4,780427507,1095.461,,d9ba406e,"Blonde, Brunette, Lesbian, Masturbation, Oil and Cream, Outdoors, Pool, RED, Shaved Pussy"
wowgirls.15.07.17.kiara.lord.and.lucy.li.triplex.1080p.mp4,1097577983,1387.926,,vc22faa7,"4K, 60 Frames, Big Tits, Blonde, Blowjob, Brunette, Cum On Face, FFM, Hardcore, Masturbation, Pussy Licking, RED, Shaved Pussy, Threesome"
wowgirls.15.07.17.dasha.s.and.linda.sweet.eldorado.1080p.mp4,765454102,1088.505,,x7abd3cb,"4K, Anal, Blowjob, FFM, Handjob, Hardcore, Outdoors, RED, Redhead, Shaved Pussy, Small Tits, Threesome"
wowgirls.15.07.15.cherry.and.divina.based.on.a.true.story.1080p.mp4,1081239367,1900.414,,zccc2e10,"Blowjob, Brunette, Cum In Mouth, Cum On Face, FFM, Hardcore, Lingerie, Pussy Licking, Shaved Pussy, Small Tits, Threesome"
wowgirls.15.07.10.nikia.meet.nikia.1080p.mp4,577094926,1028.411,,za51de66,"Masturbation, Shaved Pussy, Solo"
wowgirls.15.07.08.tali.dova.i.need.it.bad.1080p.mp4,1175701991,1324.836,,yc696bc7,"Blowjob, Hairy Pussy, Hardcore, Outdoors"
wowgirls.15.07.07.piper.perry.hot.companion.1080p.mp4,1931623012,2348.233,,x800ae1a,"Blonde, Blowjob, Cum In Mouth, Handjob, Hardcore, Interview, Masturbation, Oil and Cream, Outdoors, Pussy Licking, Shaved Pussy, Small Tits"
wowgirls.15.07.01.guerlain.may.the.force.be.with.me.1080p.mp4,596111949,966.042,,x58868c0,"Dance, Fashion Show, Softcore, Solo"
wowgirls.15.06.30.megan.rain.put.me.to.the.test.1080p.mp4,1336977228,1727.843,,y1735cbd,"Blowjob, Brunette, Cum In Mouth, Hardcore, Interview, Shaved Pussy, Small Tits"
wowgirls.15.06.28.alexis.crystal.me.want.to.pee.1080p.mp4,517470928,570.839,,d71a8b20,"4K, 60 Frames, Outdoors, Pee, Shaved Pussy, Softcore, Solo"
wowgirls.15.06.27.cherry.never.ending.fun.1080p.mp4,888452619,1311.694,,eded970f,"Blowjob, Handjob, Hardcore, Pussy Licking, Shaved Pussy"
wowgirls.15.06.24.eveline.and.gina.gerson.sucking.her.dry.1080p.mp4,1019724395,1215.193,,e44f1c45,"4K, 60 Frames, 69, Brunette, Lesbian, Masturbation, Outdoors, Pool, Pussy Licking, RED, Shaved Pussy, Small Tits"
wowgirls.15.06.23.nancey.into.the.wild.1080p.mp4,760628234,1125.842,,zeb4bf18,"Big Tits, Blonde, Blowjob, Handjob, Hardcore, Outdoors, Pussy Licking, Shaved Pussy"
wowgirls.15.06.21.anjelica.and.nancey.one.thing.on.my.mind.1080p.mp4,941142478,1409.543,,e5be54e1,"60 Frames, Big Tits, Blonde, Lesbian, Pussy Licking, Shaved Pussy, Small Tits"
wowgirls.15.06.19.aria.alexander.interview.with.aria.alexander.1080p.mp4,584664044,1168.5006,,gb4a4987,"Brunette, Dildo, Interview, Masturbation, Shaved Pussy, Small Tits, Solo, Toys"
wowgirls.15.06.18.silvie.perfect.weather.for.fucking.1080p.mp4,1809086487,1641.395,,d980ff74,"4K, 60 Frames, Blowjob, Hardcore, Masturbation, Outdoors, Pool, Pussy Licking, RED, Shaved Pussy"
wowgirls.15.06.16.dione.and.zoi.threesome.games.1080p.mp4,1135516083,1900.181,,hf2faceb,"69, Blowjob, Brunette, Cum In Mouth, FFM, Hardcore, Pussy Licking, Shaved Pussy, Small Tits, Stockings, Threesome"
wowgirls.15.06.15.dasha.s.hardcore.masturbation.1080p.mp4,508718213,1111.795,,a039919b,"4K, Anal, Dildo, Masturbation, Outdoors, RED, Shaved Pussy, Small Tits, Solo"
wowgirls.15.06.11.beata.and.naomi.nia.prepared.for.anything.1080p.mp4,819819160,1492.3,,e19e573a,"4K, 69, Lesbian, Masturbation, Outdoors, Pussy Licking, RED, Shaved Pussy, Toys"
wowgirls.15.06.11.anna.tatu.top.level.1080p.mp4,734837996,1205.9059,,ff881fcc,"4K, 60 Frames, Hairy Pussy, Outdoors, RED, Softcore, Solo, Sport and Fitness"
wowgirls.15.06.09.talia.and.olivka.two.are.better.than.one.1080p.mp4,1365761172,1927.5339,,df5d5c91,"Blonde, Blowjob, Cum In Mouth, FFM, Handjob, Hardcore, Lingerie, Masturbation, Pussy Licking, Shaved Pussy, Small Tits, Threesome"
wowgirls.15.06.08.yarina.mission.accomplished.1080p.mp4,1179481141,1771.449,,a5ee6aab,"Blowjob, Cum In Mouth, Cum On Face, Hairy Pussy, Handjob, Hardcore, Pussy Licking"
wowgirls.15.06.05.caroline.and.gina.gerson.make.me.explode.1080p.mp4,1063610580,1584.088,,zbeaf629,"4K, 60 Frames, Lesbian, Lingerie, Masturbation, Outdoors, Pussy Licking, RED, Shaved Pussy, Small Tits"
wowgirls.15.06.04.tali.dova.interview.with.tali.dova.1080p.mp4,651527803,1046.5789,,v80f2a5c,"Hairy Pussy, Interview, Masturbation, Outdoors, Solo, Toys"
wowgirls.15.06.02.nancey.feeling.my.body.1080p.mp4,430396402,626.89197,,h59eaa51,"Big Tits, Blonde, Outdoors, Shaved Pussy, Softcore, Solo, Sport and Fitness"
wowgirls.15.05.30.anna.tatu.for.everyone.to.see.1080p.mp4,888248250,728.331,,fa072223,"60 Frames, Hairy Pussy, Outdoors, RED, Redhead, Softcore, Solo"
wowgirls.15.05.29.anjelica.a.goddess.goes.wild.1080p.mp4,986731097,1584.389,,da689772,"Blowjob, Footjob, Handjob, Hardcore, Outdoors, Pussy Licking, Shaved Pussy, Small Tits"
wowgirls.15.05.26.virginie.resting.and.testing.1080p.mp4,546916949,1091.593,,b219f8eb,"4K, Masturbation, Outdoors, Pool, RED, Shaved Pussy, Solo"
wowgirls.15.05.26.candy.sweet.i.cum.here.often.1080p.mp4,680652572,993.28,,i7614ffb,"60 Frames, Finger Licking, Masturbation, Outdoors, RED, Shaved Pussy, Solo"
wowgirls.15.05.24.aria.alexander.a.love.ride.1080p.mp4,1093655334,1369.93,,h3efe139,"Blowjob, Brunette, Handjob, Hardcore, Masturbation, Pussy Licking, Shaved Pussy, Small Tits"
wowgirls.15.05.23.vanessa.to.heaven.and.back.1080p.mp4,957069455,1620.59,,c156d0f8,"4K, 60 Frames, 69, Blowjob, Handjob, POV, Pussy Licking, RED, Shaved Pussy, Small Tits"
wowgirls.15.05.22.lucy.li.begging.for.it.1080p.mp4,994490500,900.795,,c843a44f,"4K, 60 Frames, Big Tits, Brunette, Masturbation, Outdoors, Pool, RED, Shaved Pussy, Solo, Stockings"
wowgirls.15.05.21.daniella.rose.sexy.sounds.1080p.mp4,955133234,952.97,,u70daf23,"4K, 60 Frames, Blowjob, Brunette, Cum In Mouth, Finger Licking, Handjob, Hardcore, Outdoors, POV, RED, Shaved Pussy, Small Tits"
wowgirls.15.05.19.candy.sweet.and.cayla.girl.power.1080p.mp4,1508533822,1478.438,,faa4eb1a,"4K, Blonde, Lesbian, Masturbation, Outdoors, Pussy Licking, RED, Shaved Pussy, Small Tits"
wowgirls.15.05.17.mia.and.timea.bella.lets.connect.1080p.mp4,744059814,887.838,,eaf393be,"4K, 60 Frames, Brunette, Lesbian, Masturbation, Outdoors, Pussy Licking, RED, Shaved Pussy"
wowgirls.15.05.15.maria.pie.and.nomi.someone.to.love.1080p.mp4,1139690385,1071.832,,ua3182a7,"Blonde, Lesbian, Masturbation, Outdoors, Pool, Pussy Licking, Shaved Pussy, Small Tits"
wowgirls.15.05.14.alice.green.big.cock.adventure.1080p.mp4,1390705996,2026.173,,aa9f57f7,"Blowjob, Creampie, Hardcore, IR, Interview, Redhead, Shaved Pussy, Small Tits"
wowgirls.15.05.13.guerlain.talk.of.the.town.1080p.mp4,387717198,859.12494,,ja426282,"Oil and Cream, Shaved Pussy, Softcore, Solo"
wowgirls.15.05.11.naomi.nia.a.perfect.fit.1080p.mp4,688305648,1471.1711,,g95d62fc,"4K, Blonde, Blowjob, Handjob, Hardcore, Masturbation, RED, Shaved Pussy"
wowgirls.15.05.11.gina.gerson.and.kiki.i.need.you.1080p.mp4,1076497028,1350.008,,iff14fd3,"4K, 60 Frames, Hairy Pussy, Lesbian, Masturbation, Outdoors, Pussy Licking, RED, Shaved Pussy, Small Tits"
wowgirls.15.05.09.gina.gerson.hot.and.humid.1080p.mp4,601023677,913.589,,fe68a7af,"4K, 60 Frames, Bathroom, Masturbation, RED, Shaved Pussy, Small Tits, Solo"
wowgirls.15.05.08.guerlain.white.dreams.1080p.mp4,438348481,783.673,,hca96710,"Shaved Pussy, Softcore, Solo"
wowgirls.15.05.06.veronica.rodriguez.interview.with.veronica.rodriguez.1080p.mp4,524557445,814.0466,,h34ba9e1,"Brunette, Finger Licking, Interview, Masturbation, Outdoors, Shaved Pussy, Small Tits, Solo, Squirt"
wowgirls.15.05.05.kennedy.on.a.sperm.diet.1080p.mp4,1440545425,1714.6539,,u566afee,"69, Blonde, Blowjob, Cum In Mouth, Hardcore, Interview, Pussy Licking, Shaved Pussy, Small Tits"
wowgirls.15.05.03.maci.winslett.rock.my.cock.1080p.mp4,1122777865,1411.68,,g56a3ec3,"Blowjob, Cum On Face, Hardcore, Outdoors, Pussy Licking, Shaved Pussy"
wowgirls.15.05.02.anita.e.soul.deep.1080p.mp4,475796490,782.465,,u8aaa563,"Lingerie, Shaved Pussy, Softcore, Solo"
wowgirls.15.04.29.yarina.interview.with.yarina.1080p.mp4,984977378,1723.376,,j118be1f,"Hairy Pussy, Interview, Lingerie, Masturbation, Solo"
wowgirls.15.04.27.silvie.and.silvie.luca.the.temptation.1080p.mp4,869006114,1633.802,,va42949b,"60 Frames, Lesbian, Masturbation, Outdoors, Pussy Licking, RED, Shaved Pussy"
wowgirls.15.04.26.ester.my.new.friend.1080p.mp4,763575134,1454.822,,yff8b618,"60 Frames, Blowjob, Handjob, Hardcore, Outdoors, Pussy Licking, RED, Shaved Pussy, Small Tits"
wowgirls.15.04.25.ivana.and.michelle.getting.fit.1080p.mp4,1658472020,1381.3213,,idde34ff,"Lesbian, Masturbation, Outdoors, Pussy Licking, RED, Redhead, Shaved Pussy, Small Tits, Sport and Fitness"
wowgirls.15.04.23.cherry.and.tina.seduce.me.1080p.mp4,863614168,1445.488,,e57624d1,"69, Lesbian, Masturbation, Pussies Slip 'n' Slide, Pussy Licking, Shaved Pussy, Small Tits"
wowgirls.15.04.21.silvie.luca.i.love.to.change.1080p.mp4,743662088,1021.33,,gcee454f,"4K, Dance, Fashion Show, Outdoors, RED, Shaved Pussy, Softcore, Solo"
wowgirls.15.04.20.anita.e.missing.the.kissing.1080p.mp4,451721491,1066.4451,,ef922515,"Shaved Pussy, Softcore, Solo"
wowgirls.15.04.19.rita.first.sex.on.camera.1080p.mp4,1583247303,2443.063,,g19814a3,"Anal, Blowjob, Brunette, Handjob, Hardcore, Pantyhose, Pussy Licking, Shaved Pussy, Small Tits, Sport and Fitness"
wowgirls.15.04.17.dakota.skye.im.yours.1080p.mp4,1782031777,1886.435,,j83c4532,"Blonde, Blowjob, Deepthroat, Hardcore, Masturbation, Shaved Pussy, Small Tits"
wowgirls.15.04.16.michelle.i.am.a.woman.1080p.mp4,1129742569,1403.7357,,gb84072d,"60 Frames, Masturbation, Outdoors, RED, Redhead, Shaved Pussy, Solo"
wowgirls.15.04.14.guerlain.heaven.is.missing.an.angel.1080p.mp4,617422818,726.551,,x6dc175a,"Softcore, Solo"
wowgirls.15.04.11.lauren.my.body.needs.1080p.mp4,528255153,1156.957,,x129183c,"Bathroom, Brunette, Dildo, Masturbation, Shaved Pussy, Solo"
wowgirls.15.04.11.dillon.my.sexy.adventure.1080p.mp4,1996108605,2230.972,,zd6fcbd6,"Bathroom, Blowjob, Brunette, Cum In Mouth, Handjob, Hardcore, Pussy Licking, Shaved Pussy"
wowgirls.15.04.08.talia.busy.holes.1080p.mp4,1525088243,2093.5571,,g23c173d,"Anal, Blowjob, Hardcore, POV, Shaved Pussy, Small Tits"
wowgirls.15.04.07.talia.interview.with.talia.1080p.mp4,1049868555,1744.64,,e250b048,"Dildo, Hairy Pussy, Interview, Masturbation, Small Tits, Solo"
wowgirls.15.04.05.anjelica.amazing.girl.1080p.mp4,482511222,825.237,,bf95e0e1,"Outdoors, Shaved Pussy, Small Tits, Softcore, Solo"
wowgirls.15.04.05.anita.e.after.a.good.night.sleep.1080p.mp4,338913419,974.04,,if2e7a93,"Shaved Pussy, Softcore, Solo, Sport and Fitness"
wowgirls.15.04.02.valeria.a.masturbating.deluxe.1080p.mp4,556019021,1148.04,,h65e72a4,"Brunette, Lingerie, Masturbation, Shaved Pussy, Solo, Stockings"
wowgirls.15.04.02.eveline.hands.on.experience.1080p.mp4,965146336,1785.707,,j20fc1a1,"Blowjob, Brunette, Hardcore, Masturbation, POV, Pussy Licking, RED"
wowgirls.15.03.31.cherry.a.toy.diet.1080p.mp4,644063676,1316.5486,,c9ed95aa,"Dildo, Interview, Masturbation, Pantyhose, Shaved Pussy, Solo"
wowgirls.15.03.30.riley.reid.back.in.black.1080p.mp4,1741150210,1766.667,,z74c0ddf,"Blowjob, Cum In Mouth, Deepthroat, Hairy Pussy, Handjob, Hardcore, IR, Interview, Small Tits"
wowgirls.15.03.27.guerlain.i.am.your.destiny.1080p.mp4,329523831,754.22015,,zf6f9f7b,"Lingerie, Softcore, Solo"
wowgirls.15.03.27.candy.sweet.and.gina.gerson.when.youre.around.1080p.mp4,982942436,1947.204,,ga39b202,"Lesbian, Masturbation, Outdoors, Pussy Licking, RED, Shaved Pussy, Small Tits"
wowgirls.15.03.24.ulia.there.is.nothing.stopping.me.1080p.mp4,372109468,671.288,,f1969888,"Masturbation, Pantyhose, Shaved Pussy, Small Tits, Solo"
wowgirls.15.03.24.divina.and.tina.our.usual.evening.1080p.mp4,954742881,1718.136,,f8b8e8b7,"69, Brunette, Finger Licking, Lesbian, Masturbation, Pussy Licking, Shaved Pussy, Small Tits"
wowgirls.15.03.21.cherry.he.comes.in.the.night.1080p.mp4,913022326,1510.364,,j2eae82b,"Blowjob, Cum In Mouth, Cum On Face, Hardcore, Lingerie, Pussy Licking, Shaved Pussy"
wowgirls.15.03.19.ulia.share.your.load.1080p.mp4,859829059,1651.5499,,x3614cba,"Blowjob, Handjob, Hardcore, Masturbation, POV, Shaved Pussy, Small Tits"
wowgirls.15.03.18.ti.sato.first.thing.in.the.morning.1080p.mp4,586166514,866.335,,df145694,"Big Tits, Masturbation, Outdoors, Redhead, Shaved Pussy, Solo, Sport and Fitness"
wowgirls.15.03.15.talia.getting.in.shape.1080p.mp4,887270962,1360.9596,,f0fdb310,"Hairy Pussy, Masturbation, Pantyhose, Small Tits, Softcore, Solo, Sport and Fitness"
wowgirls.15.03.15.cherry.interview.with.cherry.1080p.mp4,533510588,1271.292,,a562a5da,"Interview, Masturbation, Shaved Pussy, Solo"
wowgirls.15.03.13.dione.and.divina.dream.team.1080p.mp4,1298453840,1852.58,,w5321641,"Blowjob, Brunette, FFM, Handjob, Hardcore, Pussy Licking, Shaved Pussy, Small Tits, Threesome"
wowgirls.15.03.12.rita.the.waiting.is.over.1080p.mp4,1143786966,1883.8486,,e034f2f0,"Blowjob, Brunette, Handjob, Hardcore, POV, Pussy Licking, Shaved Pussy, Small Tits"
wowgirls.15.03.12.jenna.ross.made.for.loving.1080p.mp4,1351954161,1708.802,,we36b212,"Blowjob, Cum On Face, Handjob, Hardcore, Lingerie, Masturbation, Pussy Licking, Shaved Pussy, Small Tits"
wowgirls.15.03.11.anita.e.sweet.moves.1080p.mp4,487368976,699,,ce274f70,"Pantyhose, Shaved Pussy, Softcore, Solo"
wowgirls.15.03.09.vanessa.beautiful.curves.1080p.mp4,792678810,1218.257,,d341adc9,"Fashion Show, Masturbation, Shaved Pussy, Small Tits, Solo, Stockings"
wowgirls.15.03.09.guerlain.bed.time.1080p.mp4,500079393,1082.4,,ccc4d720,"Shaved Pussy, Softcore, Solo"
wowgirls.15.03.06.divina.and.tina.in.the.arms.of.a.stranger.1080p.mp4,874743587,1681.077,,db16f627,"69, Brunette, Lesbian, Masturbation, Oil and Cream, Pussy Licking, Shaved Pussy, Small Tits"
wowgirls.15.03.05.louisie.and.tina.lesson.learned.1080p.mp4,1123119351,1970.2683,,i691b5e9,"69, Lesbian, Masturbation, Pussy Licking, Redhead, Shaved Pussy, Small Tits"
wowgirls.15.03.04.anjelica.and.izzy.delphine.boys.are.overrated.1080p.mp4,978208442,1476.928,,if95e87b,"60 Frames, Blonde, Lesbian, Masturbation, Pussy Licking, RED, Shaved Pussy, Small Tits"
wowgirls.15.03.03.anjelica.the.solution.to.feeling.horny.1080p.mp4,670502865,1169.2014,,xb1b9392,"Anal, Masturbation, Outdoors, Shaved Pussy, Small Tits, Solo, Toys"
wowgirls.15.03.03.angie.koks.when.things.go.right.1080p.mp4,1541698030,1905.15,,d68ee46c,"Anal, Blowjob, Hardcore, Pussy Licking, Shaved Pussy, Small Tits, Stockings"
wowgirls.15.02.28.divina.interview.with.divina.1080p.mp4,1013611123,1663.974,,dfc9059c,"Brunette, Interview, Masturbation, Shaved Pussy, Small Tits, Solo"
wowgirls.15.02.28.cherry.and.tina.fruit.nutrition.1080p.mp4,1066770837,1886.3845,,wafe8944,"Lesbian, Pussy Licking, Shaved Pussy, Small Tits"
wowgirls.15.02.26.rita.one.step.further.1080p.mp4,1017322273,1435.6676,,x2b2582d,"Brunette, Masturbation, Oil and Cream, Shaved Pussy, Small Tits"
wowgirls.15.02.24.ester.im.hungry.for.sex.1080p.mp4,832966609,1382.701,,b861efb6,"Blowjob, Brunette, Hardcore, Lingerie, Pussy Licking, RED, Small Tits"
wowgirls.15.02.24.anjelica.dancing.under.the.sun.1080p.mp4,773879355,919.3184,,i31f1648,"Outdoors, Shaved Pussy, Small Tits, Softcore, Solo"
wowgirls.15.02.22.tina.a.good.hair.day.1080p.mp4,877584758,1181.506,,xa04845e,"Hairy Pussy, Masturbation, Small Tits, Solo"
wowgirls.15.02.20.ulia.interview.with.ulia.1080p.mp4,657160004,1094.2932,,bc8c3404,"Interview, Masturbation, Shaved Pussy, Small Tits, Solo"
wowgirls.15.02.19.maisa.a.cutie.gets.nailed.1080p.mp4,1081428737,1984.174,,fbdb678f,"Blowjob, Brunette, Footjob, Handjob, Hardcore, POV, Shaved Pussy, Small Tits"
wowgirls.15.02.18.louisie.and.tina.tuck.me.in.1080p.mp4,1206427600,1914.9464,,j9d205c1,"69, Lesbian, Masturbation, Pussy Licking, Redhead, Shaved Pussy, Small Tits"
wowgirls.15.02.16.virginie.just.the.right.size.toy.1080p.mp4,437330003,1027.668,,x036237d,"Masturbation, Penis Sculpture, Shaved Pussy, Solo"
wowgirls.15.02.14.tina.interview.with.tina.1080p.mp4,980393356,1966.0308,,v42c2e06,"Interview, Masturbation, Shaved Pussy, Small Tits, Solo"
wowgirls.15.02.13.tina.meet.tina.deciding.what.to.wear.1080p.mp4,831920782,1114.279,,a4fea0b2,"Hairy Pussy, Masturbation, Small Tits, Solo"
wowgirls.15.02.12.linda.sweet.and.naomi.nia.toys.are.girls.best.friends.1080p.mp4,955738343,1320.89,,xd5ec194,"Blonde, Lesbian, Masturbation, Pussy Licking, RED, Redhead, Shaved Pussy, Toys"
wowgirls.15.02.12.j.joanna.what.a.girl.wants.1080p.mp4,936530515,1294.372,,gddc1622,"Big Tits, Blonde, Blowjob, Handjob, Hardcore, Pussy Licking, RED, Shaved Pussy"
wowgirls.15.02.10.dasha.s.casual.sex.1080p.mp4,674205492,1411.076,,w056f26d,"60 Frames, Blowjob, Handjob, Hardcore, Masturbation, Outdoors, POV, RED, Shaved Pussy, Small Tits"
wowgirls.15.02.08.gina.gerson.life.makes.me.high.1080p.mp4,621729036,1131.7306,,iee9cbfd,"Masturbation, Oil and Cream, Outdoors, Pool, RED, Shaved Pussy, Small Tits"
wowgirls.15.02.07.alyssa.a.maria.pie.nomi.and.vanessa.girls.will.be.girls.1080p.mp4,1643110129,1587.78,,g77152f9,"Blonde, FFF+, Group, Ibiza Love, Lesbian, Oil and Cream, Outdoors, POV, Pool, Shaved Pussy, Small Tits, Softcore"
wowgirls.15.02.06.linda.sweet.and.lucy.li.thirsty.for.love.1080p.mp4,986223185,751.63,,zb6cd9fe,"4K, 60 Frames, 69, Big Tits, Brunette, Lesbian, Masturbation, Outdoors, Pool, Pussy Licking, RED, Redhead, Shaved Pussy"
wowgirls.15.02.04.mia.sollis.a.sexy.audition.1080p.mp4,452954965,921.692,,c5acea50,"Oil and Cream, Redhead, Shaved Pussy, Softcore, Solo"
wowgirls.15.02.04.dione.making.myself.useful.1080p.mp4,924466621,1512.686,,aa07f968,"Blowjob, Brunette, Handjob, Hardcore, Masturbation, POV, Shaved Pussy, Small Tits"
wowgirls.15.02.01.rita.interview.with.firsttimer.rita.1080p.mp4,1076316792,1649.241,,jdf1cb38,"Brunette, Finger Licking, Interview, Masturbation, Shaved Pussy, Small Tits, Solo"
wowgirls.15.01.31.linda.sweet.reaching.heaven.1080p.mp4,841455297,1348.197,,x60dc689,"Masturbation, Outdoors, RED, Redhead, Shaved Pussy, Solo, Stockings"
wowgirls.15.01.30.divina.perfect.sex.1080p.mp4,1210509029,1816.3479,,ba08a2a1,"Anal, Blowjob, Brunette, Handjob, Hardcore, Pussy Licking, Shaved Pussy, Small Tits"
wowgirls.15.01.29.ti.sato.my.magic.fingers.1080p.mp4,615215533,1114.742,,ae95d643,"Big Tits, Masturbation, Outdoors, Redhead, Shaved Pussy, Solo"
wowgirls.15.01.29.mia.sollis.indulging.myself.1080p.mp4,351892715,597.1632,,ubad5441,"Girls At Work, Outdoors, Pool, Redhead, Shaved Pussy, Softcore, Solo"
wowgirls.15.01.28.j.joanna.romantic.vacation.1080p.mp4,632428773,1020.05237,,cf7c56ff,"Big Tits, Blowjob, Hardcore, Outdoors, POV, Pool, RED, Shaved Pussy"
wowgirls.15.01.26.divina.cuddle.with.extras.1080p.mp4,1547842499,2031.978,,v939bb3f,"Anal, Blowjob, Brunette, Handjob, Hardcore, Pussy Licking, Shaved Pussy, Small Tits"
wowgirls.15.01.25.dasha.s.and.gina.gerson.shes.all.i.need.1080p.mp4,671847086,1439.08,,ud8359bf,"4K, Anal, Dildo, Lesbian, Masturbation, POV, Pussy Licking, RED, Shaved Pussy, Small Tits"
wowgirls.15.01.25.anjelica.no.shame.whatsoever.1080p.mp4,623105503,713.687,,yd8cd1d2,"Outdoors, Pee, Shaved Pussy, Small Tits, Softcore, Solo"
wowgirls.15.01.23.valeria.a.lust.is.in.her.eyes.1080p.mp4,962007685,1212.174,,h3933c4b,"Brunette, Masturbation, Outdoors, Shaved Pussy, Solo"
wowgirls.15.01.23.stephanie.toying.myself.hard.1080p.mp4,1044047647,1442.7747,,bcda4219,"Anal, Dildo, Masturbation, Shaved Pussy, Small Tits, Solo"
wowgirls.15.01.20.candy.sweet.toying.with.myself.1080p.mp4,634875724,949.045,,f88a9d66,"Dildo, Masturbation, Shaved Pussy, Solo"
wowgirls.15.01.18.vanda.on.a.wave.of.emotions.1080p.mp4,1152922088,1749.344,,bdd46137,"Blonde, Blowjob, Cum In Mouth, Finger Licking, Footjob, Handjob, Hardcore, Lingerie, Outdoors, POV, Pussy Licking, Shaved Pussy, Small Tits"
wowgirls.15.01.18.mia.sollis.sunday.is.for.relaxing.1080p.mp4,1193664928,989.52185,,u78a0c46,"Outdoors, Pool, Redhead, Shaved Pussy, Softcore, Solo"
wowgirls.15.01.17.olivka.lets.do.it.1080p.mp4,1252239258,1709.73,,bc98cd08,"Blonde, Blowjob, Hardcore, Pussy Licking, Shaved Pussy, Small Tits"
wowgirls.15.01.16.anjelica.sexy.lady.1080p.mp4,523069060,902.56836,,e78895da,"Masturbation, Shaved Pussy, Small Tits, Solo"
wowgirls.15.01.14.anjelica.a.selfish.act.1080p.mp4,574286771,1127.514,,d95aebb8,"Anal, Masturbation, Shaved Pussy, Small Tits, Solo, Stockings, Toys"
wowgirls.15.01.12.gina.gerson.oiling.myself.for.you.1080p.mp4,819674364,1493.859,,d1dfb0da,"Masturbation, Oil and Cream, RED, Shaved Pussy, Small Tits, Solo"
wowgirls.15.01.11.silvie.luca.feels.like.heaven.1080p.mp4,518995460,721.768,,yfcb2daf,"Masturbation, Outdoors, Shaved Pussy, Solo"
wowgirls.15.01.10.anna.tatu.a.beauty.on.the.beach.1080p.mp4,1289568442,935.56885,,c69ddaef,"60 Frames, Hairy Pussy, Outdoors, RED, Redhead, Softcore, Solo"
wowgirls.15.01.09.maisa.gathering.momentum.1080p.mp4,1328443967,2049.4475,,z8fe1dba,"Blowjob, Brunette, Creampie, Finger Licking, Hardcore, Lingerie, Masturbation, Pussy Licking, Shaved Pussy, Small Tits"
wowgirls.15.01.08.naomi.nia.getting.down.to.basics.1080p.mp4,1627565734,1812.55,,w2340d46,"60 Frames, Blonde, Blowjob, Handjob, Hardcore, Masturbation, Outdoors, RED, Shaved Pussy"
wowgirls.15.01.06.talia.how.to.service.a.dick.1080p.mp4,1650053936,2230.183,,i082fa96,"Blowjob, Creampie, Hardcore, Pussy Licking, Shaved Pussy, Small Tits"
wowgirls.15.01.05.nomi.and.virginie.love.in.the.morning.1080p.mp4,508426642,1094.17,,c0146a19,"Blonde, Lesbian, Lingerie, Masturbation, Pussy Licking, Shaved Pussy, Small Tits"
wowgirls.15.01.05.monroe.a.big.toy.lover.1080p.mp4,939405882,1216.4819,,f21c48ef,"Blonde, Dildo, Lingerie, Shaved Pussy, Softcore, Solo"
wowgirls.15.01.03.stephanie.my.toy.is.good.to.me.1080p.mp4,811667933,1131.8975,,vcfe2582,"Dildo, Masturbation, Shaved Pussy, Small Tits, Solo"
wowgirls.15.01.02.angie.koks.meet.angie.koks.1080p.mp4,822975977,1397.144,,j7e6eec5,"Masturbation, Shaved Pussy, Small Tits, Solo"
wowgirls.14.12.30.nancey.the.sweetest.candy.1080p.mp4,730590560,1180.0789,,v64cc506,"Big Tits, Blonde, Masturbation, Outdoors, Shaved Pussy, Solo, Toys"
wowgirls.14.12.27.vanessa.a.date.in.a.shower.1080p.mp4,1060368828,1195.317,,hc2c210f,"4K, 60 Frames, Bathroom, Blowjob, Handjob, RED, Shaved Pussy, Small Tits"
wowgirls.14.12.25.violette.fantasy.is.my.reality.1080p.mp4,963769147,1601.108,,jd7618d9,"Blonde, Blowjob, Cum In Mouth, Cum On Face, Handjob, Hardcore, MMF, POV, Pussy Licking, Shaved Pussy, Small Tits, Stockings, Threesome"
wowgirls.14.12.24.vanessa.a.great.time.alone.1080p.mp4,698094345,1178.4773,,be03ac52,"Masturbation, Outdoors, Shaved Pussy, Small Tits, Solo, Stockings"
wowgirls.14.12.24.divina.burning.my.fingers.1080p.mp4,724817447,1128.489,,j901033b,"Brunette, Masturbation, Shaved Pussy, Small Tits, Solo"
wowgirls.14.12.21.kiki.penis.sculpture.doing.it.right.1080p.mp4,346944551,811.768,,yac1dfbc,"Brunette, Masturbation, Penis Sculpture, Solo, Toys"
wowgirls.14.12.20.j.joanna.skilled.with.my.fingers.1080p.mp4,540724240,1095.728,,ubcba60d,"Big Tits, Blonde, Masturbation, Outdoors, RED, Shaved Pussy, Solo"
wowgirls.14.12.18.vanda.room.for.one.more.1080p.mp4,1014079548,1591.635,,z697770a,"Anal, Blonde, Blowjob, Finger Licking, Handjob, Hardcore, MMF, Masturbation, Outdoors, Pussy Licking, Shaved Pussy, Small Tits, Threesome"
wowgirls.14.12.18.stephanie.joy.is.in.the.toy.1080p.mp4,560416399,931.1636,,g1de1399,"Dildo, Masturbation, Shaved Pussy, Small Tits, Solo"
wowgirls.14.12.16.nancey.penis.sculpture.colorful.day.1080p.mp4,600913359,960.69305,,z61dbf22,"Big Tits, Blonde, Masturbation, Outdoors, Penis Sculpture, Shaved Pussy, Solo, Toys"
wowgirls.14.12.15.talia.they.dont.know.1080p.mp4,629567235,1000.129,,gf1d79c8,"Masturbation, Shaved Pussy, Small Tits, Solo, Stockings"
wowgirls.14.12.14.dione.and.divina.body.fusion.1080p.mp4,1452336392,1912.644,,ea373563,"69, Brunette, Lesbian, Masturbation, Pussy Licking, Shaved Pussy, Small Tits"
wowgirls.14.12.13.anna.tatu.adult.fun.1080p.mp4,1178905206,990.27814,,h42afa5e,"60 Frames, Blonde, Hairy Pussy, Oil and Cream, RED, Softcore, Solo"
wowgirls.14.12.11.dione.happy.hour.1080p.mp4,1046995321,1467.2992,,x872865d,"Brunette, Masturbation, Shaved Pussy, Small Tits, Solo"
wowgirls.14.12.10.monroe.this.is.my.only.hobby.1080p.mp4,825700455,1061.059,,z3fb7005,"Blonde, Dildo, Exclusive, Shaved Pussy, Softcore, Solo"
wowgirls.14.12.09.ti.sato.a.visit.from.an.angel.1080p.mp4,769048168,1155.154,,ja5d494f,"Big Tits, Redhead, Shaved Pussy, Softcore, Solo"
wowgirls.14.12.09.olivka.meet.olivka.1080p.mp4,953382171,1455.705,,x3515246,"Blonde, Dildo, Masturbation, Shaved Pussy, Small Tits, Solo"
wowgirls.14.12.09.daniella.rose.sharing.a.bed.1080p.mp4,1086700815,1771.1951,,x25a7be4,"60 Frames, Blowjob, Brunette, Handjob, Hardcore, Masturbation, POV, Pussy Licking, RED, Shaved Pussy, Small Tits"
wowgirls.14.12.07.maisa.meet.maisa.1080p.mp4,675254519,1237.87,,v26f4e1e,"Brunette, Masturbation, Shaved Pussy, Small Tits, Solo"
wowgirls.14.12.07.eveline.peeing.makes.me.horny.1080p.mp4,518281249,896.615,,j01215ed,"Brunette, Dildo, Masturbation, Oil and Cream, Outdoors, Pee, Solo"
wowgirls.14.12.05.vanessa.not.acceptable.behavior.1080p.mp4,427149196,791.6909,,b3d2476b,"Shaved Pussy, Small Tits, Softcore, Solo"
wowgirls.14.12.04.anjelica.the.passion.for.sex.1080p.mp4,1457757628,1612.858,,v34d34c0,"Blowjob, Cum In Mouth, Cum On Face, Handjob, Hardcore, Outdoors, POV, Pool, Pussy Licking, Shaved Pussy, Small Tits"
wowgirls.14.12.03.anjelica.releasing.some.tension.1080p.mp4,647996822,1282.5813,,if262259,"Masturbation, Shaved Pussy, Small Tits, Solo"
wowgirls.14.12.02.nancey.sun.fun.1080p.mp4,730932808,903.766,,j2aeaa0d,"Big Tits, Blonde, Masturbation, Oil and Cream, Outdoors, Pool, Shaved Pussy, Solo"
wowgirls.14.12.01.monroe.tempted.blonde.1080p.mp4,843864530,1306.7721,,x1c9ef16,"Bathroom, Blonde, Masturbation, Shaved Pussy, Solo"
wowgirls.14.12.01.melanie.b.and.stephanie.let.the.games.begin.1080p.mp4,861239365,1251.508,,bbbe8345,"Anal, Blonde, Brunette, Lesbian, Lingerie, Masturbation, Pussy Licking, Shaved Pussy, Small Tits, Stockings, Toys"
wowgirls.14.11.29.valeria.a.i.am.only.human.1080p.mp4,661849479,1072.9385,,a080ad15,"Brunette, Masturbation, Outdoors, Shaved Pussy, Solo"
wowgirls.14.11.29.candice.luca.letting.my.fingers.do.the.talking.1080p.mp4,732540914,1347.917,,w5fd60bd,"Big Tits, Brunette, Masturbation, Shaved Pussy, Solo"
wowgirls.14.11.27.nancey.sweet.fingers.1080p.mp4,690601760,1075.1407,,d0532223,"Big Tits, Blonde, Masturbation, Shaved Pussy, Solo"
wowgirls.14.11.26.violette.erected.and.inspected.1080p.mp4,806859149,1417.113,,eef2ef16,"Blonde, Blowjob, Cum In Mouth, Hardcore, Masturbation, Outdoors, POV, Pussy Licking, Shaved Pussy, Small Tits"
wowgirls.14.11.23.jasmin.tough.decisions.ahead.1080p.mp4,929985640,1052.421,,x1e405c3,"Brunette, Dildo, Masturbation, Shaved Pussy, Small Tits, Solo, Stockings"
wowgirls.14.11.20.barbie.the.girl.means.business.1080p.mp4,540832186,1116.925,,f0822030,"Big Tits, Blonde, Lingerie, Masturbation, Shaved Pussy, Solo, Stockings"
wowgirls.14.11.19.cecilia.blonde.knows.how.1080p.mp4,1773875341,2403.5679,,vf1d55d8,"69, Blonde, Blowjob, Cum In Mouth, Hardcore, POV, Pussy Licking, Shaved Pussy, Small Tits"
wowgirls.14.11.17.gina.gerson.spread.your.wings.1080p.mp4,1252786994,1691.991,,jc6b807d,"69, Blowjob, Hardcore, Outdoors, Pussy Licking, Shaved Pussy, Small Tits"
wowgirls.14.11.16.mia.and.violette.we.want.no.other.love.1080p.mp4,894954255,1341.416,,b3ec4390,"Blonde, Brunette, Finger Licking, Lesbian, Masturbation, Outdoors, Pussy Licking, Shaved Pussy, Small Tits"
wowgirls.14.11.16.candy.sweet.and.daniella.rose.tender.gender.1080p.mp4,1317672603,1593.0988,,i36bb237,"60 Frames, Brunette, Finger Licking, Lesbian, Masturbation, Pussy Licking, RED, Shaved Pussy, Small Tits"
wowgirls.14.11.15.violette.love.is.in.the.air.1080p.mp4,1073106237,1367.7998,,b0bb84c3,"Blonde, Blowjob, Handjob, Hardcore, Outdoors, Pussy Licking, Shaved Pussy, Small Tits"
wowgirls.14.11.14.vanessa.visiting.a.hot.place.1080p.mp4,1387572697,924.85,,u4d54cc5,"Outdoors, Pool, Shaved Pussy, Small Tits, Softcore, Solo"
wowgirls.14.11.14.stephanie.a.desperate.girl.1080p.mp4,752613296,1107.206,,e76a8272,"Masturbation, Pantyhose, Shaved Pussy, Small Tits, Solo"
wowgirls.14.11.12.candy.sweet.sharing.my.joy.1080p.mp4,613713956,669.6023,,b7060b6e,"Dance, Outdoors, Shaved Pussy, Softcore, Solo"
wowgirls.14.11.11.talia.cum.give.me.love.1080p.mp4,1724033287,2307.572,,f2e56bad,"Blowjob, Creampie, Hardcore, Masturbation, Pussy Licking, Shaved Pussy, Small Tits"
wowgirls.14.11.11.stephanie.i.feel.so.alive.1080p.mp4,776979701,1033.751,,z0cf3584,"Anal, Masturbation, Shaved Pussy, Small Tits, Solo, Toys"
wowgirls.14.11.10.anjelica.draining.all.my.power.1080p.mp4,804047269,1039.5385,,z7dc21d2,"Masturbation, Oil and Cream, Outdoors, Shaved Pussy, Small Tits, Solo"
wowgirls.14.11.09.vanda.deep.into.the.darkness.1080p.mp4,641829852,1194.759,,he374ea2,"Blonde, Blowjob, Handjob, Hardcore, Lingerie, Outdoors, Pussy Licking, Shaved Pussy, Small Tits"
wowgirls.14.11.08.violette.tired.but.happy.1080p.mp4,1392937962,1703.786,,b0823e35,"Blonde, Blowjob, Hardcore, Outdoors, Pussy Licking, Shaved Pussy, Small Tits"
wowgirls.14.11.08.eveline.lazy.days.in.the.sun.1080p.mp4,357021756,661.8278,,i3572643,"Brunette, Dance, Outdoors, Softcore, Solo"
wowgirls.14.11.06.dasha.s.and.gina.gerson.playing.the.field.1080p.mp4,863914872,1485.4159,,z10d770c,"60 Frames, 69, Lesbian, Masturbation, Outdoors, Pussy Licking, RED, Shaved Pussy, Small Tits"
wowgirls.14.11.05.mia.sollis.i.feel.it.all.1080p.mp4,851325090,1465.318,,z9dfb679,"Lingerie, Oil and Cream, Redhead, Shaved Pussy, Softcore, Solo"
wowgirls.14.11.03.talia.meet.talia.fuck.me.1080p.mp4,550608299,719.7524,,je17aef3,"Fuck Me, Masturbation, Shaved Pussy, Small Tits, Solo"
wowgirls.14.11.02.nomi.an.expert.at.work.1080p.mp4,605832035,1033.194,,de6d998e,"Bathroom, Blonde, Masturbation, Shaved Pussy, Shaving, Small Tits, Solo"
wowgirls.14.11.01.anjelica.too.hot.for.smoke.alarms.1080p.mp4,512260122,856.02185,,w9a289f1,"Shaved Pussy, Small Tits, Softcore, Solo"
wowgirls.14.10.31.daniella.rose.hopes.and.dreams.come.true.1080p.mp4,1253679353,1815.613,,wff1acbf,"Blowjob, Brunette, Finger Licking, Hardcore, Masturbation, Outdoors, Pussy Licking, Shaved Pussy, Small Tits"
wowgirls.14.10.30.kiara.lord.interview.with.kiara.lord.2.1080p.mp4,720744150,1590.7224,,i5ae71bc,"Big Tits, Blonde, Dildo, Interview, Masturbation, Outdoors, Shaved Pussy, Solo"
wowgirls.14.10.30.anjelica.daytime.means.playtime.1080p.mp4,915503244,1295.162,,u1f0939c,"Blowjob, Cum On Face, Hardcore, Masturbation, Pantyhose, Pussy Licking, Shaved Pussy, Small Tits"
wowgirls.14.10.29.stephanie.another.toy.destroyed.1080p.mp4,1051362069,1204.0696,,hc858b04,"Dildo, Masturbation, Shaved Pussy, Small Tits, Solo"
wowgirls.14.10.27.melanie.b.you.go.girl.1080p.mp4,752216188,1075.8081,,wb321504,"Brunette, Masturbation, Shaved Pussy, Solo, Toys"
wowgirls.14.10.27.candy.sweet.interview.with.candy.sweet.1080p.mp4,515104823,1119.433,,a076da12,"Dildo, Interview, Masturbation, Outdoors, Shaved Pussy, Solo"
wowgirls.14.10.25.monroe.bath.tub.show.1080p.mp4,676528710,996.7958,,zf44fdb8,"Bathroom, Blonde, Shaved Pussy, Softcore, Solo"
wowgirls.14.10.24.vanda.time.to.fuck.1080p.mp4,781085986,1440.1053,,cfca23cf,"Blonde, Blowjob, Footjob, Handjob, Hardcore, Masturbation, Outdoors, Pussy Licking, Shaved Pussy, Small Tits"
wowgirls.14.10.24.caroline.and.gina.gerson.i.am.here.for.you.1080p.mp4,677904871,982.227,,z087b9a2,"4K, 60 Frames, 69, Lesbian, Masturbation, Outdoors, Pantyhose, Pussy Licking, RED, Shaved Pussy, Small Tits"
wowgirls.14.10.23.michelle.home.grown.beauty.1080p.mp4,442922121,822.1213,,eb12046a,"Masturbation, Outdoors, Redhead, Shaved Pussy, Solo"
wowgirls.14.10.23.melanie.b.and.stephanie.the.reason.to.go.to.bed.1080p.mp4,837419676,1232.329,,e456da59,"Blonde, Brunette, Dildo, Lesbian, Lingerie, Masturbation, Pussy Licking, Shaved Pussy, Small Tits"
wowgirls.14.10.21.ivana.super.duper.happy.1080p.mp4,1066619601,1177.5096,,g7604a38,"Masturbation, Outdoors, Penis Sculpture, Shaved Pussy, Small Tits, Solo"
wowgirls.14.10.21.cayla.your.beauty.sucks.me.in.1080p.mp4,1056355552,1265.743,,fb771eb5,"4K, Blonde, Blowjob, Cum On Face, Handjob, Masturbation, Outdoors, POV, Pool, RED, Shaved Pussy, Small Tits"
wowgirls.14.10.20.vanessa.a.spiritual.journey.1080p.mp4,475350075,1135.5677,,zcbfe32c,"Masturbation, Shaved Pussy, Small Tits, Solo"
wowgirls.14.10.18.kiki.flirting.with.danger.1080p.mp4,385060703,728.641,,c795cbcd,"Brunette, Masturbation, Outdoors, Solo, Sport and Fitness"
wowgirls.14.10.17.michelle.the.primal.need.for.love.1080p.mp4,1149772336,1333.8461,,j3168500,"60 Frames, Blowjob, Hardcore, Pussy Licking, RED, Redhead, Shaved Pussy"
wowgirls.14.10.16.kiara.lord.interview.with.kiara.lord.1080p.mp4,1069454505,1224.957,,x99a1ca0,"Big Tits, Brunette, Interview, Masturbation, Outdoors, Shaved Pussy, Solo"
wowgirls.14.10.15.vanda.and.violette.ill.teach.you.1080p.mp4,1048572715,1622.516,,g1b63489,"Blonde, Lesbian, Masturbation, POV, Pussy Licking, Shaved Pussy, Small Tits, Stockings"
wowgirls.14.10.14.anjelica.full.of.grace.1080p.mp4,651329979,1060.7263,,z6f7ee48,"Masturbation, Oil and Cream, Outdoors, Shaved Pussy, Small Tits, Solo"
wowgirls.14.10.12.linda.sweet.and.lucy.li.true.fulfillment.1080p.mp4,1069528995,1456.54,,u86ea5a1,"69, Big Tits, Blowjob, Brunette, FFM, Hardcore, Masturbation, Outdoors, Pussy Licking, RED, Redhead, Threesome"
wowgirls.14.10.12.eveline.clothes.are.overrated.1080p.mp4,453703129,786.9528,,e65f35a5,"Brunette, Dance, Outdoors, Softcore, Solo"
wowgirls.14.10.10.mia.masturbation.pro.1080p.mp4,730772036,1029.5284,,e4bbd185,"Brunette, Masturbation, Outdoors, Pee, Shaved Pussy, Solo"
wowgirls.14.10.10.feona.humans.needs.1080p.mp4,930714640,1249.14,,g339b132,"60 Frames, 69, Blowjob, Hardcore, POV, RED, Shaved Pussy"
wowgirls.14.10.09.naomi.nia.a.wellspent.day.1080p.mp4,892374516,662.071,,u688790b,"4K, 60 Frames, Blonde, Masturbation, Outdoors, Pool, RED, Shaved Pussy, Solo"
wowgirls.14.10.08.gina.gerson.beaver.fever.1080p.mp4,594097631,1213.212,,xbcefe14,"Shaved Pussy, Small Tits, Softcore, Solo"
wowgirls.14.10.06.violette.interview.with.violette.1080p.mp4,1128988563,1252.9517,,yc44f929,"Anal, Blonde, Dildo, Interview, Masturbation, Outdoors, Shaved Pussy, Small Tits, Solo"
wowgirls.14.10.06.guerlain.brunette.in.heat.1080p.mp4,486524266,820.778,,v90ed5c7,"Lingerie, Softcore, Solo, Stockings"
wowgirls.14.10.04.anna.tatu.feeling.the.breeze.1080p.mp4,600608903,709.4087,,u308ece3,"Blonde, Hairy Pussy, Outdoors, Pantyhose, Softcore, Solo"
wowgirls.14.10.03.lucy.li.and.ester.memorable.vacation.1080p.mp4,984917563,1534.885,,b1ff871b,"Big Tits, Blowjob, Brunette, FFM, Handjob, Hardcore, Oil and Cream, Outdoors, Pool, Pussy Licking, RED, Shaved Pussy, Small Tits, Threesome"
wowgirls.14.10.02.nancey.picture.perfect.1080p.mp4,511352712,1009.97565,,x34530a1,"Big Tits, Blonde, Masturbation, Outdoors, Shaved Pussy, Solo"
wowgirls.14.09.30.gina.gerson.and.kiara.lord.soaking.wet.1080p.mp4,817690206,1247.05,,hfd336fb,"60 Frames, Big Tits, Blonde, Lesbian, Masturbation, Pool, Pussy Licking, RED, Shaved Pussy, Small Tits"
wowgirls.14.09.30.anjelica.washing.my.sins.away.1080p.mp4,622898669,926.49225,,b958150f,"Bathroom, Masturbation, Oil and Cream, Shaved Pussy, Small Tits, Solo"
wowgirls.14.09.28.ti.sato.fixing.myself.good.1080p.mp4,989366698,1219.976,,d4818c45,"Big Tits, Masturbation, Outdoors, Redhead, Shaved Pussy, Solo"
wowgirls.14.09.28.mia.and.vanda.the.games.women.play.1080p.mp4,1101643122,1512.3108,,za89eff4,"69, Blonde, Brunette, Finger Licking, Lesbian, Masturbation, Outdoors, Pantyhose, Pussy Licking, Shaved Pussy, Small Tits"
wowgirls.14.09.26.mia.interview.with.mia.2.1080p.mp4,1136580029,1766.5981,,vea68b24,"Anal, Brunette, Dildo, Interview, Masturbation, Shaved Pussy, Solo"
wowgirls.14.09.26.ester.toy.graduation.day.1080p.mp4,399117989,703.007,,v6120bfb,"Dildo, Masturbation, Outdoors, Shaved Pussy, Small Tits, Solo"
wowgirls.14.09.24.nikita.craving.for.sex.1080p.mp4,712167744,841.909,,j1322b78,"60 Frames, 69, Blowjob, Brunette, Cum In Mouth, Hardcore, Masturbation, Pussy Licking, RED, Shaved Pussy"
wowgirls.14.09.24.gina.gerson.lets.make.some.friction.1080p.mp4,1474633036,1634.36,,uc33b87f,"4K, 60 Frames, Blowjob, Cum In Mouth, Cum On Face, Hardcore, Masturbation, Outdoors, Pussy Licking, RED, Shaved Pussy, Small Tits"
wowgirls.14.09.24.cayla.and.violette.the.girls.we.all.want.1080p.mp4,843965355,1044.7437,,y3c23954,"Blonde, Lesbian, Masturbation, Outdoors, Pantyhose, Pussy Licking, Shaved Pussy, Small Tits"
wowgirls.14.09.22.stephanie.girl.cheating.1080p.mp4,941687692,1123.0219,,j87883ca,"Dildo, Masturbation, Shaved Pussy, Small Tits, Solo, Stockings"
wowgirls.14.09.21.livia.internal.massage.1080p.mp4,725463490,709.369,,i9b5e4d1,"60 Frames, Blowjob, Brunette, Hardcore, Masturbation, Oil and Cream, POV, RED, Shaved Pussy, Small Tits"
wowgirls.14.09.21.anna.tatu.sex.symbol.1080p.mp4,958535776,746.753,,j085c95b,"Blonde, Hairy Pussy, Outdoors, Pool, Softcore, Solo"
wowgirls.14.09.21.anjelica.a.juicy.morning.1080p.mp4,672833873,1175.1073,,w1d09748,"Finger Licking, Masturbation, Shaved Pussy, Small Tits, Solo"
wowgirls.14.09.19.melanie.b.cant.live.without.it.1080p.mp4,589369391,903.06885,,dc70227a,"Brunette, Masturbation, Shaved Pussy, Small Tits, Solo, Stockings, Toys"
wowgirls.14.09.18.mia.sollis.a.late.afternoon.1080p.mp4,2544067890,1116.693,,af6f2eb5,"Outdoors, Pool, Redhead, Shaved Pussy, Softcore, Solo"
wowgirls.14.09.17.gina.gerson.im.the.best.there.is.1080p.mp4,674787215,792.0579,,ab73894e,"Dildo, Masturbation, Outdoors, Shaved Pussy, Small Tits, Solo"
wowgirls.14.09.15.vanda.the.pleasure.is.all.mine.1080p.mp4,1096672906,1578.678,,ye80e920,"Blonde, Blowjob, Footjob, Handjob, Hardcore, Lingerie, Masturbation, Outdoors, POV, Shaved Pussy, Small Tits, Stockings"
wowgirls.14.09.14.kiara.lord.im.into.you.1080p.mp4,887923359,1798.641,,x026da58,"4K, Big Tits, Blonde, Blowjob, Hardcore, Masturbation, Outdoors, Pussy Licking, RED, Shaved Pussy"
wowgirls.14.09.13.ivana.and.mika.the.hunger.for.love.1080p.mp4,1066836417,1218.629,,df61f2b2,"60 Frames, Finger Licking, Lesbian, Lingerie, Masturbation, Oil and Cream, Pussy Licking, RED, Shaved Pussy, Small Tits"
wowgirls.14.09.13.cecilia.solo.shower.1080p.mp4,770969573,835.06757,,ffee0cb0,"Bathroom, Blonde, Masturbation, Shaved Pussy, Small Tits, Solo"
wowgirls.14.09.12.cayla.fucking.myself.hard.1080p.mp4,467226379,812.93,,xe4a6284,"Blonde, Girls At Work, Masturbation, RED, Shaved Pussy, Small Tits, Solo"
wowgirls.14.09.11.monroe.a.super.duper.girl.1080p.mp4,1060871733,919.8856,,d8238d37,"Blonde, Outdoors, Shaved Pussy, Softcore, Solo, Sport and Fitness"
wowgirls.14.09.11.cecilia.pleasure.control.1080p.mp4,947975411,1400.5325,,a8bbcb0f,"69, Blonde, Blowjob, Hardcore, Outdoors, Pussy Licking, Shaved Pussy, Small Tits"
wowgirls.14.09.09.stephanie.exploding.inside.1080p.mp4,631994233,1064.4634,,b473138a,"Anal, Dildo, Masturbation, Shaved Pussy, Small Tits, Solo, Stockings"
wowgirls.14.09.07.dasha.s.interview.with.dasha.s.1080p.mp4,670539206,1388.7874,,g0062a39,"Dildo, Interview, Masturbation, Outdoors, Redhead, Small Tits, Solo"
wowgirls.14.09.06.ksenija.a.test.drive.1080p.mp4,530213579,981.693,,xe89b242,"Masturbation, Shaved Pussy, Small Tits, Solo"
wowgirls.14.09.05.cecilia.touching.my.pussy.1080p.mp4,644568562,1271.4702,,b759be5a,"Blonde, Finger Licking, Masturbation, Shaved Pussy, Solo"
wowgirls.14.09.03.lauren.ill.never.stop.masturbating.1080p.mp4,505035877,1124.773,,ee53a984,"Brunette, Dildo, Masturbation, Shaved Pussy, Solo"
wowgirls.14.09.03.daniella.rose.a.serious.toy.fixation.1080p.mp4,852384459,861.22705,,ccfe2e16,"Brunette, Dildo, Masturbation, Outdoors, Shaved Pussy, Small Tits, Solo"
wowgirls.14.09.01.candy.sweet.finally.alone.1080p.mp4,651396580,769.2351,,wd9e1b37,"Fuck Me, Outdoors, Redhead, Shaved Pussy, Softcore, Solo"
wowgirls.14.08.31.milagres.a.cool.tool.for.me.1080p.mp4,468357747,1027.064,,z85e232b,"Dildo, Masturbation, POV, Shaved Pussy, Solo"
wowgirls.14.08.30.cecilia.and.vanda.everlasting.love.1080p.mp4,1102128358,1839.5043,,f764d025,"Blonde, Lesbian, Masturbation, POV, Pussy Licking, Shaved Pussy, Small Tits"
wowgirls.14.08.28.mika.looking.good.1080p.mp4,411150030,868.565,,h65ca38b,"Lingerie, Masturbation, Shaved Pussy, Small Tits, Solo"
wowgirls.14.08.27.ti.sato.nobodys.home.1080p.mp4,745020780,1284.0494,,h1ec307f,"Big Tits, Fashion Show, Redhead, Shaved Pussy, Softcore, Solo"
wowgirls.14.08.26.ksenija.a.pinned.to.the.floor.1080p.mp4,783738096,1397.515,,z72c7104,"Anal, Blowjob, Cum On Face, Hardcore, Masturbation, Outdoors, Shaved Pussy, Small Tits"
wowgirls.14.08.25.nancey.dreams.come.to.life.1080p.mp4,1378121387,1432.067,,gb45798d,"Big Tits, Blonde, Blowjob, Deepthroat, Hardcore, Outdoors, Pool, Pussy Licking, Shaved Pussy"
wowgirls.14.08.25.ivana.masturbation.feast.1080p.mp4,593263200,1160.793,,c1f27f7d,"Anal, Bathroom, Masturbation, Shaved Pussy, Shaving, Small Tits, Solo"
wowgirls.14.08.23.michelle.the.purpose.of.my.life.1080p.mp4,603316629,793.1924,,xcee9936,"Masturbation, Outdoors, Redhead, Shaved Pussy, Solo"
wowgirls.14.08.22.anna.tatu.i.am.ready.1080p.mp4,585278617,922.621,,z5299806,"Blonde, Hairy Pussy, Lingerie, Softcore, Solo, Stockings"
wowgirls.14.08.19.michelle.what.dreams.are.made.of.1080p.mp4,552442779,910.407,,ub68ceb0,"Outdoors, Redhead, Shaved Pussy, Softcore, Solo"
wowgirls.14.08.16.vanessa.for.adults.only.1080p.mp4,652556640,935.021,,jc82536b,"4K, 60 Frames, Masturbation, RED, Shaved Pussy, Small Tits, Solo, Toys"
wowgirls.14.08.16.caroline.izzy.delphine.and.michelle.the.big.adventure.1080p.mp4,1513209246,2000.9343,,z61854d0,"4K, Blonde, Blowjob, Group, Hardcore, Masturbation, Outdoors, Pussy Licking, Redhead, Shaved Pussy, Small Tits, WowGirls Hottest"
wowgirls.14.08.14.j.joanna.im.eve.want.an.apple.1080p.mp4,659383554,1255.3619,,f11a3168,"Big Tits, Blonde, Blowjob, Cum In Mouth, Cum On Face, Handjob, Hardcore, Pussy Licking, Shaved Pussy"
wowgirls.14.08.14.denisa.heaven.and.milagres.friends.with.needs.1080p.mp4,2335672504,878.82336,,vedc899a,"60 Frames, Finger Licking, Lesbian, Masturbation, Pussy Licking, RED, Redhead, Shaved Pussy, Small Tits"
wowgirls.14.08.13.mia.sollis.my.contribute.is.my.body.1080p.mp4,552595886,927.91504,,i2c337f5,"Fashion Show, Redhead, Shaved Pussy, Softcore, Solo"
wowgirls.14.08.10.valeria.a.wish.you.where.here.1080p.mp4,838070102,1095.2839,,g2ca529b,"Brunette, Masturbation, Outdoors, Shaved Pussy, Solo"
wowgirls.14.08.10.maria.pie.toy.stuffing.1080p.mp4,607307059,1304.752,,x5bf03a6,"4K, Blonde, Masturbation, Outdoors, Penis Sculpture, RED, Shaved Pussy, Solo, Toys"
wowgirls.14.08.08.vanessa.my.fantasy.1080p.mp4,303570274,829.44,,f960c907,"4K, Masturbation, RED, Shaved Pussy, Small Tits, Solo"
wowgirls.14.08.07.linda.s.making.up.for.lost.time.1080p.mp4,504387731,914.959,,a932e57d,"Blonde, Blowjob, Footjob, Hairy Pussy, Handjob, Hardcore, Masturbation, Oil and Cream, POV, Small Tits"
wowgirls.14.08.06.gloria.between.wet.lips.1080p.mp4,877923354,1069.3683,,za4b31a3,"Masturbation, Pantyhose, Shaved Pussy, Solo"
wowgirls.14.08.05.kiki.panties.free.day.1080p.mp4,486101116,1046.894,,ybf696bb,"Brunette, Masturbation, Solo, Stockings"
wowgirls.14.08.04.izzy.delphine.home.is.where.the.toys.are.1080p.mp4,815522148,1777.6759,,y3276ae0,"Blonde, Masturbation, Outdoors, Penis Sculpture, Shaved Pussy, Small Tits, Solo, Toys"
wowgirls.14.08.03.anjelica.my.inner.feelings.1080p.mp4,413982500,725.484,,ac67c5a3,"Dildo, Masturbation, Shaved Pussy, Small Tits, Solo"
wowgirls.14.08.02.nancey.single.and.horny.1080p.mp4,651000661,1042.8085,,f3ddce50,"Big Tits, Blonde, Masturbation, Outdoors, Shaved Pussy, Solo"
wowgirls.14.08.01.grace.c.i.got.plans.for.this.toy.1080p.mp4,649949210,1186.725,,h3fab43c,"Blonde, Dildo, Masturbation, Shaved Pussy, Small Tits, Solo"
wowgirls.14.07.31.vanessa.i.got.it.in.the.end.1080p.mp4,727080693,1106.0717,,va5499f3,"Masturbation, Outdoors, Shaved Pussy, Small Tits, Solo, Sport and Fitness"
wowgirls.14.07.30.feona.caught.by.surprise.1080p.mp4,1276846362,1799.6312,,d0316b40,"69, Blowjob, Girls At Work, Hardcore, Outdoors, Shaved Pussy"
wowgirls.14.07.29.monroe.pure.magic.1080p.mp4,718174860,1124.4567,,tf34113a,"Blonde, Masturbation, Shaved Pussy, Solo"
wowgirls.14.07.29.aimee.ryan.and.anjelica.hot.cravings.1080p.mp4,1010929449,1443.723,,uf251f47,"69, Blowjob, Brunette, FFM, Handjob, Hardcore, Masturbation, Pussy Licking, Shaved Pussy, Small Tits, Threesome, WowGirls Hottest"
wowgirls.14.07.27.anna.tatu.me.and.my.secrets.1080p.mp4,430490950,942.60834,,idd2a302,"Blonde, Hairy Pussy, Softcore, Solo"
wowgirls.14.07.26.vanessa.ready.to.fly.1080p.mp4,553876077,579.244,,accec849,"Outdoors, Pool, Shaved Pussy, Small Tits, Softcore, Solo"
wowgirls.14.07.26.anjelica.natasha.von.and.penelope.unexpectedly.cut.1080p.mp4,942705450,996.0951,,f243efc1,"Blonde, Blowjob, Brunette, Group, Handjob, Shaved Pussy, Small Tits"
wowgirls.14.07.25.anjelica.and.vanessa.interaction.can.be.fun.1080p.mp4,554995009,1148.435,,jfcfded5,"Lesbian, Masturbation, Outdoors, Shaved Pussy, Small Tits"
wowgirls.14.07.25.alyssa.a.a.skilled.girl.1080p.mp4,655945971,1050.3827,,w5295095,"Blonde, Outdoors, Shaved Pussy, Softcore, Solo"
wowgirls.14.07.23.elly.see.me.pee.1080p.mp4,893084802,1538.925,,c6cf2bf9,"Masturbation, Outdoors, Pantyhose, Pee, Shaved Pussy, Solo, Stockings"
wowgirls.14.07.23.anjelica.generating.some.heat.1080p.mp4,537292091,1030.1292,,ge6d8c94,"Masturbation, Pantyhose, Shaved Pussy, Small Tits, Solo"
wowgirls.14.07.21.mika.a.day.for.having.fun.1080p.mp4,542748199,1023.9896,,ve13b229,"Finger Licking, Masturbation, Shaved Pussy, Small Tits, Solo"
wowgirls.14.07.20.liala.french.maid.gets.laid.1080p.mp4,715310208,1347.732,,h0e948ba,"69, Blowjob, Handjob, Hardcore, Pussy Licking, Shaved Pussy, Small Tits"
wowgirls.14.07.19.lollypop.buzzing.helper.1080p.mp4,319101283,838.68,,a1b8e334,"Brunette, Dildo, Masturbation, Shaved Pussy, Small Tits, Solo"
wowgirls.14.07.18.nancey.oh.god.oh.god.youre.good.1080p.mp4,923215944,1167.22,,gf7e8527,"Big Tits, Blonde, Blowjob, Hardcore, Outdoors, Shaved Pussy"
wowgirls.14.07.17.maria.pie.and.nomi.melting.like.butter.1080p.mp4,1036385500,1504.234,,za6c1b80,"69, Blonde, Lesbian, Masturbation, Outdoors, Pussy Licking, Shaved Pussy, Small Tits"
wowgirls.14.07.17.gloria.born.wild.1080p.mp4,776661820,1035.3344,,wac36681,"Finger Licking, Masturbation, Outdoors, Solo"
wowgirls.14.07.15.ivana.i.guess.i.can.take.it.1080p.mp4,553698239,1096.729,,z67bf9d4,"Dildo, Masturbation, Shaved Pussy, Small Tits, Solo"
wowgirls.14.07.14.barbie.my.secret.friend.1080p.mp4,423941588,815.995,,t0aefec1,"Big Tits, Dildo, Masturbation, Shaved Pussy, Solo"
wowgirls.14.07.13.anita.e.igirl.1080p.mp4,356238739,523.05585,,e760e3c6,"Brunette, Shaved Pussy, Softcore, Solo"
wowgirls.14.07.12.beata.good.choice.1080p.mp4,1262844839,1814.9464,,xae6d059,"69, Blowjob, Cum In Mouth, Handjob, Hardcore, Masturbation, Oil and Cream, Outdoors, POV, Pool, Pussy Licking, Shaved Pussy"
wowgirls.14.07.11.anjelica.the.best.art.i.know.1080p.mp4,782777708,1256.709,,hcaea0cb,"Blonde, Blowjob, Handjob, Hardcore, Masturbation, POV, Pussy Licking, Shaved Pussy, Small Tits"
wowgirls.14.07.09.ti.sato.the.pleasure.zone.1080p.mp4,638793687,999.83215,,j673aca8,"Big Tits, Outdoors, Pool, Redhead, Shaved Pussy, Softcore, Solo"
wowgirls.14.07.09.beata.and.vanessa.sweet.punishment.1080p.mp4,502172019,1057.204,,ub275c4e,"Lesbian, Masturbation, Shaved Pussy, Small Tits, Stockings"
wowgirls.14.07.08.melanie.b.deviant.behavior.1080p.mp4,844091664,1171.121,,lbc57a4a,"Brunette, Dildo, Masturbation, Outdoors, Shaved Pussy, Solo"
wowgirls.14.07.07.nancey.owner.of.my.heart.1080p.mp4,557370635,1134.2998,,d716de36,"Big Tits, Blonde, Outdoors, Shaved Pussy, Softcore, Solo"
wowgirls.14.07.05.ti.sato.soul.searching.1080p.mp4,754824214,1050.588,,v9797321,"Big Tits, Outdoors, Redhead, Shaved Pussy, Softcore, Solo, Sport and Fitness"
wowgirls.14.07.03.candice.luca.filling.up.my.time.and.more.1080p.mp4,517936423,1020.45276,,d8cf1052,"Big Tits, Brunette, Masturbation, Shaved Pussy, Solo"
wowgirls.14.07.02.nancey.ill.do.anything.for.you.1080p.mp4,691053881,1213.52,,e2ddc786,"Big Tits, Blonde, Blowjob, Handjob, Hardcore, Masturbation, POV, Pussy Licking, Shaved Pussy"
wowgirls.14.07.01.maria.pie.and.rossy.bush.the.smell.of.sex.1080p.mp4,1011591665,1643.554,,v1439751,"Blonde, Hairy Pussy, Lesbian, Masturbation, Pantyhose, Pussy Licking, Redhead, Shaved Pussy, Small Tits"
wowgirls.14.07.01.gina.gerson.even.my.soul.is.horny.1080p.mp4,452888488,732.5318,,f1e5e044,"Masturbation, Oil and Cream, Outdoors, Pool, Shaved Pussy, Small Tits, Solo"
wowgirls.14.06.29.bianca.a.new.kind.of.meditation.1080p.mp4,559163913,695.53,,za289718,"Dildo, Masturbation, Redhead, Shaved Pussy, Small Tits, Solo"
wowgirls.14.06.29.ariel.the.sweet.suffering.1080p.mp4,408311424,973.20557,,ba4021e8,"Big Tits, Finger Licking, Hairy Pussy, Masturbation, Redhead, Solo"
wowgirls.14.06.28.ksenija.a.and.nancey.i.will.remember.this.forever.1080p.mp4,1051515046,1407.5,,uc4d931a,"Big Tits, Blonde, Blowjob, FFM, Handjob, Hardcore, Masturbation, Outdoors, Pool, Pussy Licking, Shaved Pussy, Small Tits, Threesome"
wowgirls.14.06.27.monroe.sweet.as.honey.1080p.mp4,502388031,899.96576,,r4eca453,"Bathroom, Blonde, Masturbation, Shaved Pussy, Solo, Stockings"
wowgirls.14.06.26.candice.luca.mindblowing.view.1080p.mp4,648990137,1003.194,,n39998b9,"Big Tits, Brunette, Masturbation, Shaved Pussy, Solo"
wowgirls.14.06.25.ivana.symptoms.of.toy.abuse.1080p.mp4,650290279,1348.197,,id545c2b,"Anal, Masturbation, Outdoors, Penis Sculpture, Shaved Pussy, Small Tits, Solo, Toys"
wowgirls.14.06.24.nancey.recharging.my.batteries.1080p.mp4,856044233,1376.292,,ya9c0bcc,"Big Tits, Blonde, Blowjob, Handjob, Hardcore, Masturbation, Pussy Licking, Shaved Pussy"
wowgirls.14.06.24.ksenija.a.dry.balls.after.this.1080p.mp4,710367206,1173.5391,,bb123770,"Blowjob, Footjob, Hardcore, Masturbation, Pussy Licking, Shaved Pussy, Small Tits"
wowgirls.14.06.23.maria.pie.coming.back.for.more.1080p.mp4,957465801,1429.559,,zd105475,"Blonde, Blowjob, Hardcore, Pussy Licking, Shaved Pussy, WowGirls Hottest"
wowgirls.14.06.23.dominique.on.the.edge.1080p.mp4,712103310,925.99176,,y75d4e89,"Masturbation, Shaved Pussy, Small Tits, Solo"
wowgirls.14.06.21.guerlain.streamlined.beauty.1080p.mp4,355797256,836.6692,,b76b63fd,"Shaved Pussy, Softcore, Solo"
wowgirls.14.06.21.anna.tatu.let.me.out.1080p.mp4,344889504,669.059,,nf3beae3,"Blonde, Hairy Pussy, Lingerie, Outdoors, Softcore, Solo, Stockings"
wowgirls.14.06.19.gloria.thawing.under.the.sun.1080p.mp4,1316149885,1219.0178,,ve3e90c8,"Masturbation, Outdoors, Pool, Shaved Pussy, Solo"
wowgirls.14.06.19.beata.maria.pie.and.nomi.three.flavors.1080p.mp4,900236509,1707.464,,h76f6e26,"Blonde, FFF+, Lesbian, Masturbation, Oil and Cream, Shaved Pussy, Small Tits, Threesome"
wowgirls.14.06.18.maria.pie.nomi.paula.shy.and.vanessa.there.are.no.good.girls.1080p.mp4,1447684319,1801.078,,y67ba889,"Blonde, FFF+, Group, Ibiza Love, Lesbian, Masturbation, Oil and Cream, Outdoors, Pool, Redhead, Shaved Pussy, Small Tits"
wowgirls.14.06.18.izzy.delphine.i.want.your.cum.1080p.mp4,1114967789,2158.4897,,d0f2997e,"69, Bathroom, Blonde, Blowjob, Handjob, Hardcore, Masturbation, Pussy Licking, Shaved Pussy, Small Tits"
wowgirls.14.06.17.guerlain.its.time.to.get.up.1080p.mp4,496989134,779.8791,,e78a2595,"Shaved Pussy, Softcore, Solo"
wowgirls.14.06.15.michelle.lucky.fingers.1080p.mp4,774104026,1052.5515,,da394fe1,"Masturbation, Outdoors, Redhead, Shaved Pussy, Solo"
wowgirls.14.06.15.inez.no.more.waiting.1080p.mp4,934121726,950.902,,v099e04e,"Big Tits, Brunette, Exclusive, Masturbation, Pantyhose, Shaved Pussy, Solo"
wowgirls.14.06.14.michelle.i.make.my.dreams.cum.true.1080p.mp4,978225871,1082.792,,w76c8965,"Blowjob, Handjob, Hardcore, Outdoors, Pool, Pussy Licking, Redhead, Shaved Pussy"
wowgirls.14.06.13.ti.sato.losing.track.of.time.1080p.mp4,610382350,873.6061,,gb5391fc,"Big Tits, Girls At Work, Outdoors, Pool, Redhead, Shaved Pussy, Softcore, Solo"
wowgirls.14.06.12.j.joanna.fresh.air.sex.1080p.mp4,956940609,1297.948,,kdc0845f,"Big Tits, Blonde, Blowjob, Handjob, Hardcore, Masturbation, Outdoors, Pussy Licking, Shaved Pussy"
wowgirls.14.06.11.anna.tatu.angels.are.really.bad.1080p.mp4,377926961,585.7852,,db774bd6,"Blonde, Hairy Pussy, Outdoors, Pantyhose, Softcore, Solo"
wowgirls.14.06.10.liala.taking.a.break.1080p.mp4,879037230,1226.8256,,h2664d1f,"Blowjob, Handjob, Hardcore, Masturbation, Outdoors, Pussy Licking, Shaved Pussy, Small Tits"
wowgirls.14.06.10.anjelica.and.michelle.the.fusion.of.two.bodies.1080p.mp4,1067705596,1521.092,,aa276785,"Blonde, Lesbian, Masturbation, Pussy Licking, Redhead, Shaved Pussy, Small Tits"
wowgirls.14.06.09.monroe.groovin.1080p.mp4,663414631,597.634,,zcbb5b93,"Blonde, Dance, Exclusive, Masturbation, Shaved Pussy, Solo"
wowgirls.14.06.09.anita.e.savor.the.moments.alone.1080p.mp4,714601313,1109.6085,,wa8e2a21,"Pantyhose, Redhead, Shaved Pussy, Softcore, Solo"
wowgirls.14.06.08.monroe.im.ripe.pluck.me.1080p.mp4,517388573,1024.0897,,p3845ff9,"Blonde, Finger Licking, Masturbation, Shaved Pussy, Solo, Stockings"
wowgirls.14.06.06.vanessa.shower.heads.are.good.to.me.1080p.mp4,379431504,840.50635,,f50abd4a,"Bathroom, Masturbation, Shaved Pussy, Small Tits, Solo"
wowgirls.14.06.06.anita.e.dream.state.1080p.mp4,518197646,874.695,,ndfafe11,"Outdoors, Shaved Pussy, Softcore, Solo"
wowgirls.14.06.05.virginie.back.to.work.on.my.back.1080p.mp4,629110813,1610.582,,he92e146,"Blowjob, Footjob, Hardcore, Lingerie, Masturbation, Pussy Licking, Shaved Pussy, Stockings"
wowgirls.14.06.04.jasmin.single.girl.with.a.single.toy.1080p.mp4,725530868,1141.7406,,nfff83bc,"Brunette, Dildo, Finger Licking, Masturbation, Shaved Pussy, Small Tits, Solo"
wowgirls.14.06.03.nancey.be.mine.tonight.1080p.mp4,747849012,1601.294,,re2e6f26,"Big Tits, Blonde, Blowjob, Handjob, Hardcore, POV, Pussy Licking, Shaved Pussy"
wowgirls.14.06.02.nomi.and.virginie.madly.in.love.1080p.mp4,577742135,1086.275,,hb8c318d,"69, Blonde, Lesbian, Lingerie, Masturbation, Pussy Licking, Shaved Pussy, Small Tits"
wowgirls.14.06.02.gloria.and.stephanie.tender.loving.1080p.mp4,665641341,1043.9429,,y92e478b,"Blonde, Hairy Pussy, Lesbian, Masturbation, Pussy Licking, Shaved Pussy, Small Tits"
wowgirls.14.06.01.anjelica.books.are.good.for.you.1080p.mp4,1081861365,1484.7499,,yf6bcae3,"Blowjob, Cum In Mouth, Hardcore, Shaved Pussy, Small Tits, Stockings"
wowgirls.14.05.31.lorena.and.natasha.von.colorful.day.1080p.mp4,972831784,1089.944,,qf4be4a2,"Blonde, Dildo, Lesbian, Masturbation, Pussy Licking, Shaved Pussy"
wowgirls.14.05.31.ivana.not.a.good.girl.anymore.1080p.mp4,665202295,1314.28,,j08ae422,"Anal, Finger Licking, Masturbation, Shaved Pussy, Small Tits, Solo"
wowgirls.14.05.30.paula.shy.a.page.in.my.diary.1080p.mp4,1464697479,1399.373,,y7ec3f7d,"Blowjob, Cum On Face, Footjob, Handjob, Hardcore, Outdoors, Redhead, Shaved Pussy"
wowgirls.14.05.29.eveline.and.michelle.best.friends.forever.1080p.mp4,1438514306,1499.1978,,c8869e76,"69, Brunette, Lesbian, Masturbation, Outdoors, Pussy Licking, Redhead, Shaved Pussy"
wowgirls.14.05.28.lauren.skin.care.1080p.mp4,817487631,1209.619,,o46f4f0e,"Brunette, Lingerie, Masturbation, Oil and Cream, Shaved Pussy, Solo"
wowgirls.14.05.27.nancey.next.to.me.fire.is.cold.1080p.mp4,850406178,1082.1812,,ob0b0486,"Big Tits, Blonde, Outdoors, Pool, Shaved Pussy, Softcore, Solo, Sport and Fitness"
wowgirls.14.05.27.michelle.and.vanessa.a.sexy.wake.up.1080p.mp4,823736346,1182.498,,p4c126d9,"Bathroom, Lesbian, Masturbation, Redhead, Shaved Pussy, Small Tits"
wowgirls.14.05.25.jasmin.pinky.1080p.mp4,1157447586,1063.0287,,s455d27b,"Brunette, Dildo, Finger Licking, Masturbation, Shaved Pussy, Small Tits, Solo"
wowgirls.14.05.25.anjelica.and.gina.gerson.the.sign.1080p.mp4,1193385409,1453.29,,y9d8cb5b,"Blonde, Blowjob, FFM, Handjob, Hardcore, Outdoors, Shaved Pussy, Small Tits, Threesome, WowGirls Hottest"
wowgirls.14.05.24.anjelica.dont.let.it.end.1080p.mp4,995605136,1184.217,,d67bea63,"Blonde, Blowjob, Cum In Mouth, Footjob, Handjob, Hardcore, Masturbation, Outdoors, Pussy Licking, Shaved Pussy, Small Tits"
wowgirls.14.05.23.anjelica.my.toy.my.joy.1080p.mp4,807855569,1204.1697,,v23feff2,"Dildo, Masturbation, Shaved Pussy, Small Tits, Solo, Stockings"
wowgirls.14.05.22.jasmin.the.magic.gloves.1080p.mp4,793715066,911.29,,t33ca0f4,"Anal, Brunette, Lingerie, Masturbation, Shaved Pussy, Small Tits, Solo"
wowgirls.14.05.21.nancey.undressed.for.a.good.reason.1080p.mp4,503780514,993.1922,,k5a7c6ec,"Big Tits, Blonde, Outdoors, Shaved Pussy, Softcore, Solo, Sport and Fitness"
wowgirls.14.05.21.nancey.i.had.it.cumming.1080p.mp4,1136190690,1731.744,,k31d31d1,"Big Tits, Blonde, Blowjob, Cum In Mouth, Cum On Face, Hardcore, POV, Pussy Licking, Shaved Pussy"
wowgirls.14.05.20.vanessa.sweet.curls.1080p.mp4,1417044109,1400.2322,,b104aab3,"Masturbation, Oil and Cream, Shaved Pussy, Small Tits, Solo"
wowgirls.14.05.19.gloria.youre.always.on.my.mind.1080p.mp4,899910257,1062.5615,,vfd60a83,"Finger Licking, Masturbation, Outdoors, Shaved Pussy, Solo"
wowgirls.14.05.19.gloria.melanie.b.and.stephanie.no.boys.allowed.1080p.mp4,774224110,1264.14,,v8ad25cb,"Blonde, Brunette, Exclusive, FFF+, Lesbian, Lingerie, Masturbation, Pussy Licking, Shaved Pussy, Small Tits, Threesome, WowGirls Hottest"
wowgirls.14.05.18.anjelica.morning.play.1080p.mp4,1089847672,1422.0873,,t776ca4d,"Blowjob, Cum In Mouth, Hardcore, Pussy Licking, Shaved Pussy, Small Tits, Stockings"
wowgirls.14.05.17.guerlain.in.the.presence.of.a.goddess.1080p.mp4,650258154,829.69556,,m56921f9,"Shaved Pussy, Softcore, Solo"
wowgirls.14.05.16.j.joanna.pierce.my.pussy.1080p.mp4,757644378,1393.568,,s868c095,"Big Tits, Blonde, Blowjob, Handjob, Hardcore, Pussy Licking, Shaved Pussy"
wowgirls.14.05.16.ariel.sweetest.girl.ever.seen.1080p.mp4,646268218,1024.39,,n0644be4,"Big Tits, Hairy Pussy, Masturbation, Redhead, Solo"
wowgirls.14.05.16.aimee.ryan.and.nancey.relax.to.the.max.1080p.mp4,685449208,1090.779,,z635eb95,"Big Tits, Blonde, Brunette, Lesbian, Masturbation, Pussy Licking, Shaved Pussy, Small Tits"
wowgirls.14.05.15.dominique.and.nancey.saving.this.memory.forever.1080p.mp4,1172570460,1304.303,,u9ac8bee,"69, Big Tits, Blonde, Brunette, Lesbian, Masturbation, Outdoors, Pussy Licking, Shaved Pussy, Small Tits"
wowgirls.14.05.13.guerlain.staying.fit.1080p.mp4,331220167,632.18604,,ne03195e,"Dance, Softcore, Solo, Sport and Fitness, WowGirls Hottest"
wowgirls.14.05.12.liala.you.are.invited.1080p.mp4,1260114579,1753.57,,m4e70dc8,"Blowjob, Handjob, Hardcore, Masturbation, Oil and Cream, Outdoors, Pussy Licking, Shaved Pussy, Small Tits"
wowgirls.14.05.12.ivana.one.of.a.kind.1080p.mp4,884842815,1871.08,,x170abd5,"Finger Licking, Masturbation, Small Tits, Solo"
wowgirls.14.05.10.monroe.applauding.myself.1080p.mp4,881894557,1184.3499,,ra8f1aef,"Blonde, Masturbation, Shaved Pussy, Solo"
wowgirls.14.05.10.caroline.interview.with.caroline.1080p.mp4,714144167,996.274,,qdd10397,"Interview, Masturbation, Outdoors, Shaved Pussy, Small Tits, Solo"
wowgirls.14.05.09.izzy.delphine.and.michelle.read.me.a.story.1080p.mp4,1182155584,1750.506,,s32b5602,"Blonde, Lesbian, Masturbation, Pussy Licking, Redhead, Rimming, Shaved Pussy, Small Tits"
wowgirls.14.05.08.gloria.and.melanie.b.hooking.up.again.1080p.mp4,734995739,1110.2759,,z1bc45e0,"Brunette, Dildo, Lesbian, Masturbation, Pussy Licking, Shaved Pussy"
wowgirls.14.05.07.vanessa.first.time.experience.1080p.mp4,1177566054,1623.678,,n7f2f635,"Blowjob, Handjob, Masturbation, Outdoors, Pussy Licking, Shaved Pussy, Small Tits, WowGirls Hottest"
wowgirls.14.05.06.stephanie.while.you.were.sleeping.1080p.mp4,1057216054,873.2057,,l12a408f,"Blonde, Dildo, Masturbation, Outdoors, Shaved Pussy, Small Tits, Solo"
wowgirls.14.05.05.ksenija.a.double.feature.1080p.mp4,1266429844,1620.102,,k8ff9307,"Blonde, Blowjob, Cum In Mouth, Cum On Face, Hardcore, MMF, Masturbation, Pussy Licking, Shaved Pussy, Small Tits, Threesome"
wowgirls.14.05.05.anjelica.we.can.do.it.everywhere.1080p.mp4,858866462,1554.6865,,m0b7d0ca,"Blowjob, Hardcore, Masturbation, Pussy Licking, Shaved Pussy, Small Tits"
wowgirls.14.05.04.mia.sollis.gym.beauty.1080p.mp4,607076406,1015.965,,t4a73107,"Outdoors, Redhead, Shaved Pussy, Softcore, Solo, Sport and Fitness"
wowgirls.14.05.04.jasmin.starry.eyes.1080p.mp4,518125021,1235.0255,,r0cbe8e3,"Brunette, Shaved Pussy, Small Tits, Softcore, Solo"
wowgirls.14.05.02.monroe.teasing.is.my.specialty.1080p.mp4,466406290,795.795,,s9cfcf3e,"Blonde, Masturbation, Oil and Cream, Shaved Pussy, Solo, Stockings"
wowgirls.14.04.30.paloma.a.bloomed.flower.1080p.mp4,912194240,1053.8861,,y3de29f0,"Bathroom, Brunette, Dildo, Finger Licking, Masturbation, Shaved Pussy, Solo"
wowgirls.14.04.30.anjelica.come.to.me.1080p.mp4,960701916,1687.393,,zce0d2cc,"Blowjob, Handjob, Hardcore, Lingerie, POV, Shaved Pussy, Small Tits"
wowgirls.14.04.28.gloria.outdoors.session.1080p.mp4,555815832,813.2458,,of7bb54b,"Finger Licking, Masturbation, Outdoors, Pantyhose, Solo"
wowgirls.14.04.28.anjelica.youre.always.welcome.1080p.mp4,704682747,1515.7142,,k3b0b993,"Blowjob, Finger Licking, Handjob, Hardcore, Lingerie, Masturbation, Pussy Licking, Shaved Pussy, Small Tits"
wowgirls.14.04.26.luiza.and.paloma.love.birds.1080p.mp4,1083097373,1158.164,,x8599c7a,"Brunette, Dildo, Lesbian, Masturbation, Pussy Licking, Shaved Pussy"
wowgirls.14.04.25.gina.gerson.let.it.flow.1080p.mp4,1308252600,713.54803,,wca851bb,"Masturbation, Outdoors, Shaved Pussy, Small Tits, Solo"
wowgirls.14.04.25.anjelica.im.never.bored.1080p.mp4,906933372,1650.9159,,ua0acf0e,"Blowjob, Cum On Face, Hardcore, Pussy Licking, Shaved Pussy, Small Tits"
wowgirls.14.04.24.jasmin.pleasing.myself.1080p.mp4,561200761,1133.3656,,r718b1e4,"Brunette, Masturbation, Shaved Pussy, Small Tits, Solo, Toys"
wowgirls.14.04.23.dominique.and.nancey.no.boundaries.1080p.mp4,888192515,1469.265,,u1d5eb98,"Big Tits, Blonde, Lesbian, Masturbation, Pussy Licking, Shaved Pussy, Small Tits"
wowgirls.14.04.22.vanessa.nature.talks.1080p.mp4,1102432976,1442.562,,q7ad3270,"Masturbation, Outdoors, Shaved Pussy, Small Tits, Solo"
wowgirls.14.04.20.penelope.with.my.toy.1080p.mp4,930207291,1392.2,,t94283c4,"Brunette, Dildo, Finger Licking, Masturbation, Shaved Pussy, Solo"
wowgirls.14.04.19.michelle.nice.to.meet.you.1080p.mp4,1300136927,1646.759,,w86ac080,"4K, Blowjob, Finger Licking, Hardcore, Masturbation, Outdoors, Pussy Licking, Redhead, Shaved Pussy, WowGirls Hottest"
wowgirls.14.04.18.mia.cream.my.lips.1080p.mp4,1176198361,1424.079,,me1ad0e4,"Blowjob, Brunette, Cum In Mouth, Cum On Face, Handjob, Hardcore, Pantyhose, Shaved Pussy"
wowgirls.14.04.18.gloria.and.stephanie.wakey.wakey.1080p.mp4,692761098,1193.4255,,v1315817,"Blonde, Lesbian, Masturbation, Pussy Licking, Shaved Pussy, Small Tits"
wowgirls.14.04.17.ti.sato.a.day.off.1080p.mp4,762468080,828.6278,,nb42e11e,"Big Tits, Outdoors, Redhead, Shaved Pussy, Softcore, Solo, Sport and Fitness"
wowgirls.14.04.17.anjelica.hotel.sex.1080p.mp4,670554316,953.31903,,ud2e1f71,"Blowjob, Hardcore, Pussy Licking, Shaved Pussy, Small Tits"
wowgirls.14.04.16.jasmin.alltime.favorite.1080p.mp4,844666223,917.917,,r074353c,"Bathroom, Brunette, Dildo, Masturbation, Shaved Pussy, Small Tits, Solo"
wowgirls.14.04.16.alyssa.a.and.nomi.no.comment.1080p.mp4,2078849426,1556.201,,s2f9f164,"Blonde, Lesbian, Outdoors, Pool, Shaved Pussy, Small Tits, Softcore"
wowgirls.14.04.15.nancey.beautiful.stranger.1080p.mp4,970496929,1728.306,,sdcc5e12,"69, Big Tits, Blonde, Blowjob, Handjob, Hardcore, Pussy Licking, Shaved Pussy"
wowgirls.14.04.15.monroe.a.real.angel.1080p.mp4,621229249,1062.4948,,kae42229,"Blonde, Masturbation, Oil and Cream, Shaved Pussy, Solo"
wowgirls.14.04.14.gloria.a.mysterious.touch.1080p.mp4,341742182,576.84296,,qb52e481,"Masturbation, Outdoors, Shaved Pussy, Solo"
wowgirls.14.04.14.beata.and.nancey.wet.bottoms.1080p.mp4,1680079056,1653.3517,,x42b284e,"69, Big Tits, Blonde, Blowjob, FFM, Handjob, Hardcore, Masturbation, Outdoors, Pussy Licking, Shaved Pussy, Threesome"
wowgirls.14.04.13.silvie.luca.am.i.too.early.for.dinner.1080p.mp4,351005748,686.128,,kfbe77c5,"Shaved Pussy, Softcore, Solo"
wowgirls.14.04.12.liala.open.for.everything.1080p.mp4,1088525261,1779.948,,scb0fc76,"Anal, Blowjob, Hardcore, Masturbation, Pussy Licking, Shaved Pussy, Small Tits"
wowgirls.14.04.10.bianca.my.glossy.friend.1080p.mp4,902247761,978.61096,,v5ecd428,"Brunette, Dildo, Masturbation, Shaved Pussy, Small Tits, Solo"
wowgirls.14.04.10.anjelica.and.beata.jungle.fever.1080p.mp4,1423694444,1405.9379,,k0158161,"Blowjob, FFM, Hardcore, Masturbation, Outdoors, Pussy Licking, Shaved Pussy, Small Tits, Threesome, WowGirls Hottest"
wowgirls.14.04.08.ivana.and.silvie.luca.bring.me.to.heaven.1080p.mp4,910914607,1369.419,,xd45f3bf,"Lesbian, Masturbation, Outdoors, Pool, Pussy Licking, Shaved Pussy, Small Tits"
wowgirls.14.04.08.anna.tatu.stretching.my.legs.1080p.mp4,564477935,515.44824,,s42c4c13,"Hairy Pussy, Outdoors, Softcore, Solo"
wowgirls.14.04.07.maria.pie.nomi.and.vanessa.slippery.games.1080p.mp4,1475462625,1645.923,,k23b1e30,"Blonde, FFF+, Lesbian, Masturbation, Oil and Cream, Outdoors, Pool, Pussies Slip 'n' Slide, Pussy Licking, Shaved Pussy, Small Tits, Threesome, WowGirls Hottest"
wowgirls.14.04.07.anjelica.you.made.my.day.1080p.mp4,717984455,1278.8109,,p6a51dfb,"Blowjob, Footjob, Handjob, Hardcore, POV, Pussy Licking, Shaved Pussy, Small Tits"
wowgirls.14.04.06.eveline.and.michelle.impeccable.service.1080p.mp4,831529323,1570.8026,,z7d024d6,"69, Brunette, Dildo, Lesbian, Masturbation, Oil and Cream, Pee, Pussy Licking, Redhead, Shaved Pussy, Squirt"
wowgirls.14.04.04.guerlain.pussy.cat.doll.1080p.mp4,583713597,909.934,,u3ece389,"Shaved Pussy, Softcore, Solo, Stockings"
wowgirls.14.04.04.anjelica.and.gina.gerson.breakfast.by.the.pool.1080p.mp4,921946986,936.936,,ne3918ea,"Lesbian, Masturbation, Outdoors, Pussy Licking, Shaved Pussy, Small Tits"
wowgirls.14.04.03.vanessa.leisure.moment.1080p.mp4,624710765,949.88226,,x6d3ba23,"Masturbation, Oil and Cream, Outdoors, Shaved Pussy, Small Tits, Solo"
wowgirls.14.04.03.aimee.ryan.ideal.girlfriend.1080p.mp4,688290582,1211.988,,m0f8d60b,"Blowjob, Hardcore, Masturbation, POV, Pussy Licking, Shaved Pussy, Small Tits"
wowgirls.14.04.02.gina.gerson.just.do.it.1080p.mp4,1425417386,1937.1353,,ma4e73ee,"Blowjob, Handjob, Hardcore, POV, Shaved Pussy, Small Tits"
wowgirls.14.04.01.stephanie.symphony.under.the.sun.1080p.mp4,997084912,1233.722,,q35e814b,"Blonde, Blowjob, Cum In Mouth, Footjob, Handjob, Hardcore, Masturbation, Shaved Pussy, Small Tits"
wowgirls.14.03.31.maria.pie.and.rossy.bush.swim.buddies.1080p.mp4,1479538251,1431.1381,,mecd1e80,"Blonde, Hairy Pussy, Lesbian, Masturbation, Outdoors, Pool, Pussy Licking, Redhead, Shaved Pussy, Small Tits"
wowgirls.14.03.29.cindy.and.kitty.jane.exploring.ourselves.1080p.mp4,695145462,1179.4783,,qb543a3b,"Blonde, Brunette, Lesbian, Masturbation, Pussy Licking, Shaved Pussy, Small Tits"
wowgirls.14.03.29.anjelica.trying.new.things.1080p.mp4,657683533,1430.9629,,vd6643d4,"Blowjob, Creampie, Hardcore, Masturbation, Pussy Licking, Shaved Pussy, Small Tits"
wowgirls.14.03.28.gloria.sensitive.hole.1080p.mp4,380711655,788.758,,m7c13f88,"Masturbation, Outdoors, Shaved Pussy, Solo"
wowgirls.14.03.27.nikita.craving.for.sex.1080p.mp4,558543070,983.12,,wa88361a,"69, Blowjob, Brunette, Cum In Mouth, Hardcore, Masturbation, Pussy Licking, Shaved Pussy"
wowgirls.14.03.27.gina.gerson.the.housekeeper.1080p.mp4,999777599,2075.445,,k0bdbea0,"Blowjob, Hardcore, POV, Pussy Licking, Shaved Pussy, Small Tits"
wowgirls.14.03.26.valeria.a.walk.in.the.park.1080p.mp4,884691455,1014.943,,wd18c768,"Brunette, Masturbation, Outdoors, Shaved Pussy, Solo"
wowgirls.14.03.26.ivana.interview.with.ivana.1080p.mp4,1292694225,1298.6641,,m8792862,"Interview, Masturbation, Outdoors, Shaved Pussy, Small Tits, Solo"
wowgirls.14.03.24.maria.pie.and.virginie.water.nymphs.1080p.mp4,688410291,1113.256,,m8bf7d6b,"Blonde, Lesbian, Masturbation, Outdoors, Shaved Pussy"
wowgirls.14.03.24.anna.tatu.stuck.at.home.1080p.mp4,676688340,1140.9398,,m98ca08c,"Hairy Pussy, Redhead, Softcore, Solo"
wowgirls.14.03.23.linda.s.yes.girl.1080p.mp4,681601101,1210.549,,l8fd4a8e,"Blonde, Blowjob, Hairy Pussy, Hardcore, POV, Small Tits"
wowgirls.14.03.23.beata.come.alone.1080p.mp4,842255691,1461.9271,,s333d639,"Blowjob, Cum In Mouth, Handjob, Hardcore, Masturbation, POV, Pussy Licking, Shaved Pussy"
wowgirls.14.03.22.natasha.von.a.royal.friend.1080p.mp4,725455715,989.12146,,v4f005ee,"Blonde, Dildo, Finger Licking, Masturbation, Shaved Pussy, Solo"
wowgirls.14.03.21.elly.and.jackie.o.pass.the.oil.please.1080p.mp4,440792754,936.569,,o53b32f3,"Brunette, Lesbian, Lingerie, Oil and Cream, Outdoors, Pussies Slip 'n' Slide, Shaved Pussy, Softcore"
wowgirls.14.03.20.michelle.may.i.enter.1080p.mp4,1319101439,1625.442,,p3e4c81d,"Blowjob, Hardcore, Outdoors, Pussy Licking, Redhead, Shaved Pussy"
wowgirls.14.03.20.cindy.thinking.of.you.1080p.mp4,478102727,1049.8822,,s46a6be8,"Blonde, Masturbation, Shaved Pussy, Small Tits, Solo"
wowgirls.14.03.19.aimee.ryan.and.cindy.never.stop.1080p.mp4,994171587,1483.7489,,ye4df0f2,"Blonde, Blowjob, Brunette, FFM, Hardcore, Masturbation, POV, Shaved Pussy, Small Tits, Threesome"
wowgirls.14.03.18.mia.mood.lifter.1080p.mp4,353322464,731.939,,l8a976e9,"Anal, Brunette, Dildo, Masturbation, Outdoors, Shaved Pussy, Solo"
wowgirls.14.03.18.grace.c.and.janee.take.me.to.the.top.1080p.mp4,693521656,1212.211,,y044c2c4,"Blonde, Brunette, Lesbian, Lingerie, Masturbation, Pussy Licking, Shaved Pussy, Small Tits"
wowgirls.14.03.17.nancey.classic.threesome.1080p.mp4,820589840,1298.087,,v3c2aed6,"Big Tits, Blonde, Blowjob, Handjob, Hardcore, MMF, Masturbation, Pussy Licking, Shaved Pussy, Threesome"
wowgirls.14.03.17.anjelica.rubbing.one.off.1080p.mp4,389931438,888.8213,,p450cbd8,"Blonde, Finger Licking, Lingerie, Masturbation, Shaved Pussy, Small Tits, Solo"
wowgirls.14.03.16.paula.shy.stop.phubbing.1080p.mp4,830142595,1559.6581,,x40b38c6,"Blowjob, Brunette, Hardcore, Pussy Licking, Shaved Pussy"
wowgirls.14.03.15.maria.pie.firsttimers.1080p.mp4,873467087,1633.756,,o86e1086,"Blonde, Blowjob, Hardcore, Shaved Pussy, WowGirls Hottest"
wowgirls.14.03.14.eveline.and.michelle.feeling.every.touch.1080p.mp4,890633345,1240.92,,s87423b4,"Brunette, Lesbian, Masturbation, Oil and Cream, Outdoors, Pussy Licking, Redhead, Shaved Pussy"
wowgirls.14.03.13.valeria.a.wine.tasting.1080p.mp4,445061470,812.44495,,q57c4be4,"Brunette, Masturbation, Shaved Pussy, Solo"
wowgirls.14.03.13.izzy.delphine.and.vanessa.the.correct.treatment.1080p.mp4,881627271,1484.5164,,z79fa076,"Blonde, Lesbian, Masturbation, Outdoors, Pussy Licking, Shaved Pussy, Small Tits"
wowgirls.14.03.11.silvie.luca.a.sip.of.passion.1080p.mp4,618290902,1280.626,,nc0c9194,"Masturbation, Shaved Pussy, Solo"
wowgirls.14.03.11.barbara.sweet.fooling.around.outside.1080p.mp4,670632286,872.8386,,m6c0c7cb,"Blowjob, Cum In Mouth, Hardcore, Masturbation, Outdoors, Pussy Licking, Redhead, Shaved Pussy, Small Tits"
wowgirls.14.03.10.anna.tatu.slick.sweetie.1080p.mp4,544492340,747.4467,,t648131e,"Hairy Pussy, Oil and Cream, Softcore, Solo"
wowgirls.14.03.09.michelle.and.silvie.luca.sweet.romance.1080p.mp4,484741003,850.71655,,t212c898,"Lesbian, Masturbation, Outdoors, Pussy Licking, Redhead, Shaved Pussy"
wowgirls.14.03.09.anjelica.home.coming.1080p.mp4,1342130149,1583.275,,r018d82f,"69, Blowjob, Creampie, Finger Licking, Handjob, Hardcore, Pussy Licking, Rimming, Shaved Pussy, Small Tits"
wowgirls.14.03.08.jenna.memorable.times.1080p.mp4,1328997614,1543.2084,,v99189a8,"Big Tits, Blowjob, Cum On Face, Hardcore, Masturbation, Outdoors, POV, Pussy Licking, Shaved Pussy"
wowgirls.14.03.07.caroline.penis.sculpture.flexible.and.gentle.1080p.mp4,458923599,966.8993,,pa3624b0,"Masturbation, Penis Sculpture, Shaved Pussy, Small Tits, Solo, Toys"
wowgirls.14.03.07.beata.and.lucy.li.unexpected.guest.in.our.pool.1080p.mp4,789835567,1586.943,,yb3cec1e,"Big Tits, Blowjob, Brunette, FFM, Handjob, Hardcore, Masturbation, Pussy Licking, Shaved Pussy, Threesome, WowGirls Hottest"
wowgirls.14.03.06.liala.spreading.my.legs.1080p.mp4,1239474642,1662.176,,s59c8223,"Blowjob, Brunette, Hardcore, Lingerie, Pussy Licking, Shaved Pussy, Small Tits"
wowgirls.14.03.05.elly.and.jackie.o.posing.addicts.1080p.mp4,609648238,974.2399,,r2915e25,"Brunette, Lesbian, Outdoors, Redhead, Shaved Pussy, Softcore"
wowgirls.14.03.04.dominique.and.nancey.meet.me.on.the.windowsill.1080p.mp4,898161132,1366.3317,,ldaf9887,"Big Tits, Blonde, Finger Licking, Lesbian, Masturbation, Outdoors, Pantyhose, Pussy Licking, Shaved Pussy, Small Tits"
wowgirls.14.03.03.cindy.polishing.my.wood.floor.1080p.mp4,458437694,984.5836,,w08ad966,"Masturbation, Pantyhose, Shaved Pussy, Small Tits, Solo"
wowgirls.14.03.03.charlotte.and.klara.when.men.are.not.around.1080p.mp4,968529671,1091.337,,va012c5b,"69, Lesbian, Masturbation, Pussy Licking, Redhead, Shaved Pussy, Toys"
wowgirls.14.03.02.gina.gerson.interview.with.gina.gerson.1080p.mp4,601004679,1364.9609,,vbf4caee,"Interview, Masturbation, Shaved Pussy, Small Tits, Solo, Toys"
wowgirls.14.03.02.elly.and.rossy.bush.lets.play.a.little.1080p.mp4,1003432298,1241.0731,,k5d1372b,"Hairy Pussy, Lesbian, Masturbation, Outdoors, Pussy Licking, Shaved Pussy"
wowgirls.14.03.01.jasmin.killing.time.1080p.mp4,976574853,1111.744,,l79bb010,"Brunette, Dildo, Lingerie, Masturbation, Shaved Pussy, Small Tits, Solo"
wowgirls.14.03.01.anjelica.cream.my.buttocks.1080p.mp4,691566421,1431.51,,u3376d1a,"Blowjob, Hardcore, Shaved Pussy, Small Tits"
wowgirls.14.02.28.ksenija.a.and.nancey.new.kind.of.picnic.1080p.mp4,1779605412,1661.108,,x6e54f10,"69, Big Tits, Blonde, Blowjob, FFM, Hardcore, Masturbation, Outdoors, Pussy Licking, Shaved Pussy, Small Tits, Threesome"
wowgirls.14.02.28.gloria.the.way.i.like.it.1080p.mp4,407395494,844.486,,we5bfbe1,"Masturbation, Shaved Pussy, Solo, Stockings"
wowgirls.14.02.27.aimee.ryan.and.cindy.youre.so.tasty.1080p.mp4,731797581,1443.2,,p330cccf,"Blonde, Brunette, Lesbian, Masturbation, Pussy Licking, Shaved Pussy, Small Tits"
wowgirls.14.02.26.anjelica.romantic.ride.1080p.mp4,1024033790,1018.18384,,k9f06bdf,"Blonde, Blowjob, Hardcore, Masturbation, Outdoors, Shaved Pussy, Small Tits"
wowgirls.14.02.25.anjelica.expressing.myself.1080p.mp4,494128297,1015.28094,,wba04517,"Masturbation, Shaved Pussy, Small Tits, Solo"
wowgirls.14.02.24.michelle.and.nancey.a.place.with.a.view.1080p.mp4,984250640,1330.688,,q256df21,"Big Tits, Blonde, Blowjob, FFM, Handjob, Hardcore, Masturbation, Outdoors, Pussy Licking, Redhead, Shaved Pussy, Threesome"
wowgirls.14.02.24.ivana.stuffing.my.peach.1080p.mp4,362839274,752.094,,ua028671,"Anal, Masturbation, Outdoors, Shaved Pussy, Small Tits, Solo, Stockings"
wowgirls.14.02.23.nancey.filthy.in.bed.1080p.mp4,434362603,899.401,,y0123612,"Big Tits, Blonde, Masturbation, Shaved Pussy, Solo"
wowgirls.14.02.23.eufrat.bath.delight.1080p.mp4,460540899,930.2,,z33b99e4,"Bathroom, Masturbation, Shaved Pussy, Solo"
wowgirls.14.02.21.connie.romantic.getaway.1080p.mp4,1010684110,1474.931,,of94c003,"Big Tits, Blowjob, Brunette, Hairy Pussy, Hardcore, Outdoors, POV, Pussy Licking"
wowgirls.14.02.20.valeria.a.an.unquenchable.lust.1080p.mp4,612733401,1020.88654,,v5fc7212,"Brunette, Masturbation, Outdoors, Shaved Pussy, Solo"
wowgirls.14.02.20.beata.cream.my.ass.1080p.mp4,1035553549,1401.1998,,o1e6df74,"Blowjob, Hardcore, Outdoors, Pool, Pussy Licking, Shaved Pussy"
wowgirls.14.02.18.beata.and.maria.pie.perfect.date.1080p.mp4,1210258428,1711.031,,z4f762ad,"Blonde, Lesbian, Lingerie, Masturbation, Outdoors, Pussy Licking, Shaved Pussy"
wowgirls.14.02.18.ariel.inside.myself.1080p.mp4,461810393,955.501,,t44bb389,"Big Tits, Dildo, Masturbation, Redhead, Solo"
wowgirls.14.02.17.gina.gerson.and.izzy.delphine.fat.cock.vs.horny.pussies.1080p.mp4,1158603713,2107.7722,,m898c3aa,"69, Anal, Blonde, Blowjob, Brunette, FFM, Handjob, Hardcore, Lingerie, Masturbation, Oil and Cream, Pussy Licking, Shaved Pussy, Small Tits, Threesome, WowGirls Hottest"
wowgirls.14.02.16.mia.and.romea.clit.lovers.1080p.mp4,518141963,1072.7394,,te3aa4ce,"69, Brunette, Lesbian, Masturbation, Outdoors, Pussy Licking, Redhead, Shaved Pussy, Stockings"
wowgirls.14.02.15.anjelica.one.loveone.life.1080p.mp4,743768267,1540.04,,x20a25be,"Blowjob, Hardcore, Masturbation, Pussy Licking, Shaved Pussy, Small Tits"
wowgirls.14.02.14.ivana.complete.workout.1080p.mp4,361239891,749.052,,u08fb79a,"Masturbation, Outdoors, Shaved Pussy, Small Tits, Solo"
wowgirls.14.02.14.irina.k.teasing.my.lips.1080p.mp4,697316101,1048.2139,,rad9b293,"Masturbation, Shaved Pussy, Solo, Toys"
wowgirls.14.02.13.ksenija.a.and.nancey.snacks.and.sex.1080p.mp4,812440479,1317.0491,,t5c4c5f3,"Big Tits, Blonde, Blowjob, FFM, Hardcore, Masturbation, Outdoors, Pussy Licking, Shaved Pussy, Small Tits, Threesome"
wowgirls.14.02.12.gina.gerson.peeing.in.action.1080p.mp4,499747961,1128.5941,,o6648513,"Blonde, Masturbation, Outdoors, Pee, Shaved Pussy, Small Tits, Solo"
wowgirls.14.02.11.caroline.and.ivana.lesbian.fever.1080p.mp4,753193582,1062.9952,,x8d5776a,"Finger Licking, Lesbian, Masturbation, Outdoors, Pool, Pussy Licking, Shaved Pussy, Small Tits"
wowgirls.14.02.11.alexis.crystal.black.in.tight.1080p.mp4,592432109,1193.0586,,n4254135,"Dildo, Finger Licking, Masturbation, Shaved Pussy, Solo"
wowgirls.14.02.10.cindy.couch.diving.1080p.mp4,902697484,1290.4225,,u9a99472,"Blonde, Blowjob, Cum On Face, Handjob, Hardcore, MMF, Masturbation, Shaved Pussy, Small Tits, Threesome"
wowgirls.14.02.09.anjelica.a.taste.of.my.tight.hole.1080p.mp4,474505764,981.9486,,p649971e,"Anal, Dildo, Masturbation, Shaved Pussy, Small Tits, Solo"
wowgirls.14.02.08.momoko.love.will.find.us.1080p.mp4,1035987510,1204.8369,,y9db29fd,"69, Blowjob, Brunette, Creampie, Hardcore, IR, Masturbation, Pussy Licking, Rimming, Shaved Pussy, Small Tits"
wowgirls.14.02.08.michelle.and.kiki.playing.in.the.sun.1080p.mp4,667821298,879.04486,,la5f4aad,"Brunette, Lesbian, Masturbation, Outdoors, Pool, Pussy Licking, Redhead, Shaved Pussy, Small Tits"
wowgirls.14.02.08.gloria.devils.maid.1080p.mp4,411744980,853.287,,ydf3cf46,"Finger Licking, Masturbation, Solo"
wowgirls.14.02.06.guerlain.in.my.own.world.1080p.mp4,257658353,662.0614,,kbe098aa,"Shaved Pussy, Softcore, Solo"
wowgirls.14.02.05.silvie.luca.timeout.1080p.mp4,423323337,658.3577,,m608be77,"Brunette, Masturbation, Outdoors, Shaved Pussy, Solo"
wowgirls.14.02.05.ksenija.a.my.friend.wanted.my.ass.1080p.mp4,769595602,1419.9852,,ub4e2845,"Anal, Blowjob, Hardcore, Outdoors, Pussy Licking, Shaved Pussy, Small Tits"
wowgirls.14.02.04.jenna.take.me.now.1080p.mp4,1090126724,1606.8386,,u9e25812,"69, Big Tits, Blowjob, Brunette, Footjob, Handjob, Hardcore, Masturbation, POV, Pussy Licking, Shaved Pussy"
wowgirls.14.02.03.beata.and.nomi.lick.my.muffin.1080p.mp4,785665028,1361.3933,,ue4e1297,"Blonde, Lesbian, Masturbation, Outdoors, Pussy Licking, Shaved Pussy, Small Tits"
wowgirls.14.02.02.ti.sato.rays.of.delight.1080p.mp4,801812925,1119.247,,y6bc509b,"Big Tits, Oil and Cream, Outdoors, Redhead, Shaved Pussy, Softcore, Solo"
wowgirls.14.02.02.cindy.and.mya.lick.it.up.1080p.mp4,863738977,1788.726,,z07efee5,"Bathroom, Blonde, Lesbian, Masturbation, Oil and Cream, Pee, Pussy Licking, Shaved Pussy, Small Tits"
wowgirls.14.02.01.michelle.are.you.hungry.1080p.mp4,818435247,1511.1096,,we905a51,"Blowjob, Handjob, Hardcore, Lingerie, POV, Pussy Licking, Redhead, Shaved Pussy"
wowgirls.14.02.01.ksenija.a.red.is.stimulating.1080p.mp4,657144146,1150.0155,,u8ce9a0a,"Blowjob, Hardcore, Pussy Licking, Shaved Pussy, Small Tits"
wowgirls.14.01.30.sandy.sloppy.muffin.1080p.mp4,450396156,932.606,,m17b3fa1,"Blonde, Dildo, Masturbation, Shaved Pussy, Solo"
wowgirls.14.01.30.paula.shy.feel.me.up.1080p.mp4,780013049,1432.2308,,vee57d10,"69, Blowjob, Brunette, Hardcore, POV, Pussy Licking, Shaved Pussy"
wowgirls.14.01.29.izzy.delphine.and.silvie.luca.flower.of.lust.1080p.mp4,1195554056,1609.5746,,scd6cb94,"Brunette, Lesbian, Lingerie, Masturbation, Outdoors, Pussy Licking, Shaved Pussy, Small Tits"
wowgirls.14.01.29.feona.spending.quality.time.1080p.mp4,763968457,1360.2256,,pdd45358,"Blowjob, Handjob, Hardcore, Masturbation, Oil and Cream, Outdoors, Pussy Licking, Shaved Pussy"
wowgirls.14.01.28.lauren.no.joy.without.a.toy.1080p.mp4,530626671,995.4278,,t855f202,"Brunette, Dildo, Lingerie, Masturbation, Shaved Pussy, Solo, Stockings"
wowgirls.14.01.28.janee.and.nancey.lesbian.heaven.1080p.mp4,742832416,1563.074,,vfbfb1af,"Big Tits, Blonde, Brunette, Lesbian, Masturbation, Pussy Licking, Shaved Pussy, Small Tits, Stockings"
wowgirls.14.01.25.paula.shy.hardcore.vacation.1080p.mp4,754977619,1562.935,,ve54a6d4,"69, Blowjob, Brunette, Hardcore, Outdoors, Pussy Licking, Shaved Pussy"
wowgirls.14.01.25.nomi.enjoying.my.world.1080p.mp4,350417248,873.2724,,vdcf3600,"Blonde, Lingerie, Masturbation, Shaved Pussy, Small Tits, Solo"
wowgirls.14.01.24.lauren.finger.orgasm.1080p.mp4,423369945,877.08704,,sb7a50d0,"Brunette, Masturbation, Shaved Pussy, Solo, Stockings"
wowgirls.14.01.24.cindy.show.me.your.moves.1080p.mp4,944834171,1464.0626,,s0178eb0,"Blonde, Blowjob, Hardcore, Masturbation, Shaved Pussy, Small Tits"
wowgirls.14.01.23.jenna.introducing.jenna.1080p.mp4,989677772,1367.8331,,ze2d2d8c,"Big Tits, Brunette, Finger Licking, Masturbation, Shaved Pussy, Solo"
wowgirls.14.01.22.aimee.ryan.and.nancey.be.our.guest.1080p.mp4,981073058,1276.1082,,l5ec9246,"Big Tits, Blonde, Blowjob, Brunette, Cum In Mouth, FFM, Hardcore, Masturbation, Pussy Licking, Shaved Pussy, Small Tits, Threesome, WowGirls Hottest"
wowgirls.14.01.21.feona.melted.down.1080p.mp4,990079899,1151.2167,,nf63c6ec,"Masturbation, Oil and Cream, Outdoors, Shaved Pussy, Solo"
wowgirls.14.01.21.anjelica.and.nancey.nonstop.love.1080p.mp4,807253268,1290.3892,,t1c41048,"Big Tits, Blonde, Lesbian, Masturbation, Outdoors, Pussy Licking, Shaved Pussy, Small Tits, Sport and Fitness"
wowgirls.14.01.19.vanessa.wet.alone.1080p.mp4,452707049,1188.6542,,o646d3e4,"Bathroom, Pantyhose, Shaved Pussy, Small Tits, Softcore, Solo"
wowgirls.14.01.19.anjelica.hit.the.target.1080p.mp4,393443132,858.6578,,o3e71bb2,"Anal, Lingerie, Masturbation, Shaved Pussy, Small Tits, Solo, Stockings, Toys"
wowgirls.14.01.18.bella.baby.banging.a.cutie.1080p.mp4,537133548,789.155,,td3d2a51,"Blowjob, Cum In Mouth, Cum On Face, Hardcore, MMF, Threesome"
wowgirls.14.01.18.ariel.fingers.are.enough.1080p.mp4,478564240,991.074,,k16b1006,"Big Tits, Hairy Pussy, Masturbation, Redhead, Solo"
wowgirls.14.01.17.anjelica.deep.dig.1080p.mp4,924398876,1546.24,,n65d98eb,"Blowjob, Cum In Mouth, Handjob, Hardcore, Masturbation, Pussy Licking, Rimming, Shaved Pussy, Small Tits"
wowgirls.14.01.16.stephanie.the.thing.that.saved.me.1080p.mp4,434790156,905.88,,q64dc7f8,"Blonde, Dildo, Masturbation, Outdoors, Shaved Pussy, Small Tits, Solo"
wowgirls.14.01.16.jackie.o.and.rossy.bush.girls.like.it.gently.1080p.mp4,1050046798,1335.6343,,z5c26d14,"Brunette, Hairy Pussy, Lesbian, Oil and Cream, Outdoors, Redhead, Shaved Pussy, Small Tits, Softcore"
wowgirls.14.01.15.anita.e.mixing.the.colors.of.life.1080p.mp4,350932498,726.808,,m4d80ef2,"Bathroom, Oil and Cream, Shaved Pussy, Softcore, Solo"
wowgirls.14.01.14.gloria.i.believe.i.can.fly.1080p.mp4,337803017,699.779,,qc2a5fa4,"Masturbation, Shaved Pussy, Solo"
wowgirls.14.01.14.gina.gerson.and.izzy.delphine.date.by.the.pool.1080p.mp4,1304617217,1633.999,,zcc3d93c,"Blowjob, Handjob, Hardcore, Outdoors, Pussy Licking, Shaved Pussy, Small Tits"
wowgirls.14.01.14.anjelica.always.sleazy.1080p.mp4,1299904109,1646.1779,,qb047c81,"69, Blowjob, Footjob, Handjob, Hardcore, Masturbation, Pantyhose, Pussy Licking, Shaved Pussy, Small Tits"
wowgirls.14.01.13.virginie.smack.an.obsessed.1080p.mp4,704842011,1312.7114,,mce896ac,"69, Blowjob, Hardcore, Lingerie, Pussy Licking, Shaved Pussy, Squirt, WowGirls Hottest"
wowgirls.14.01.13.livia.toy.time.1080p.mp4,364313150,755.159,,vabe7843,"Brunette, Dildo, Masturbation, Shaved Pussy, Small Tits, Solo"
wowgirls.14.01.12.margot.a.my.hottest.fantasy.1080p.mp4,473809208,981.9486,,mfff5b23,"Brunette, Dildo, Masturbation, Shaved Pussy, Solo, Stockings"
wowgirls.14.01.11.livia.that.kind.of.massage.1080p.mp4,566647310,1173.327,,pef11cdf,"Blowjob, Brunette, Handjob, Hardcore, Masturbation, Oil and Cream, Shaved Pussy, Small Tits"
wowgirls.14.01.11.gina.gerson.please.my.hole.1080p.mp4,1356042241,2224.9226,,q4d509bc,"Anal, Blowjob, Creampie, Handjob, Hardcore, Masturbation, Pussy Licking, Shaved Pussy, Small Tits"
wowgirls.14.01.09.barbie.neat.clit.1080p.mp4,432677662,896.081,,qfbc4a79,"Big Tits, Blonde, Masturbation, Shaved Pussy, Solo"
wowgirls.14.01.08.denisa.heaven.and.janee.flush.with.passion.1080p.mp4,925384384,1020.05237,,kfcbc503,"Bathroom, Brunette, Lesbian, Masturbation, Pussy Licking, Redhead, Shaved Pussy, Small Tits"
wowgirls.14.01.08.anjelica.dont.be.shy.1080p.mp4,485967916,1006.027,,y86084f3,"Blowjob, Handjob, Hardcore, Pantyhose, Pussy Licking, Shaved Pussy, Small Tits"
wowgirls.14.01.07.paula.shy.body.heat.1080p.mp4,467253562,998.4641,,s730d4e6,"Brunette, Lingerie, Masturbation, Shaved Pussy, Solo"
wowgirls.14.01.07.jasmin.jasmin.just.put.it.in.1080p.mp4,458100371,948.5819,,sfcb4415,"Brunette, Dildo, Masturbation, Shaved Pussy, Small Tits, Solo"
wowgirls.14.01.06.mika.i.control.my.orgasms.myself.1080p.mp4,370704327,961.28,,x7b84397,"Masturbation, Shaved Pussy, Small Tits, Solo"
wowgirls.14.01.06.maria.pie.nomi.and.virginie.finally.found.each.other.1080p.mp4,1645624803,1689.7213,,l70d50ed,"Blonde, FFF+, Ibiza Love, Lesbian, Masturbation, Oil and Cream, Outdoors, Pool, Shaved Pussy, Small Tits, Threesome"
wowgirls.14.01.05.ksenija.a.one.is.not.enough.1080p.mp4,931485969,1442.6746,,m5fb4b93,"Blowjob, Handjob, Hardcore, MMF, Pussy Licking, Shaved Pussy, Small Tits, Threesome"
wowgirls.14.01.05.kiki.interview.with.kiki.1080p.mp4,469316870,1107.3062,,le4844f3,"Hairy Pussy, Interview, Masturbation, Outdoors, Solo"
wowgirls.14.01.04.dominique.squeezing.my.peach.1080p.mp4,446405168,925.129,,q7c2006a,"Masturbation, Outdoors, Pee, Shaved Pussy, Small Tits, Solo"
wowgirls.14.01.04.anjelica.refreshing.morning.1080p.mp4,640309804,1057.5232,,m8a2bbb1,"Blowjob, Handjob, Hardcore, Lingerie, POV, Pussy Licking, Shaved Pussy, Small Tits, WowGirls Hottest"
wowgirls.14.01.03.join.the.fun.1080p.mp4,1346391215,1358.2235,,x5514aaf,"Big Tits, Blonde, FFF+, Group, Ibiza Love, Lesbian, Masturbation, Oil and Cream, Outdoors, Pool, Shaved Pussy, Small Tits, WowGirls Hottest"
wowgirls.14.01.03.janice.pleased.through.fishnets.1080p.mp4,471135353,982.831,,r2e7efba,"Dildo, Masturbation, Pantyhose, Redhead, Shaved Pussy, Solo"
wowgirls.14.01.02.dominique.and.nancey.try.to.say.no.1080p.mp4,776658423,1215.3141,,n1315804,"Big Tits, Blonde, Brunette, Lesbian, Masturbation, Oil and Cream, Outdoors, Pussy Licking, Redhead, Shaved Pussy, Small Tits"
wowgirls.14.01.02.connie.cream.my.rack.1080p.mp4,758920968,1571.712,,xacd9fed,"Big Tits, Blowjob, Handjob, Hardcore, Masturbation, Shaved Pussy"
wowgirls.14.01.01.liala.morning.attack.1080p.mp4,813274751,1254.4198,,wadfd301,"Blowjob, Brunette, Hardcore, Outdoors, Shaved Pussy, Small Tits"
wowgirls.14.01.01.guerlain.beauty.divine.1080p.mp4,377510328,781.282,,q34f0752,"Oil and Cream, Shaved Pussy, Softcore, Solo"
wowgirls.13.12.31.milagres.home.toy.1080p.mp4,297098946,615.329,,s099c560,"Brunette, Dildo, Masturbation, Shaved Pussy, Small Tits, Solo"
wowgirls.13.12.31.beata.welcome.to.the.wild.1080p.mp4,592436959,1237.391,,l57b1e9e,"Blowjob, Cum In Mouth, Hardcore, Masturbation, Outdoors, Pussy Licking, Shaved Pussy"
wowgirls.13.12.30.paula.shy.cum.the.first.1080p.mp4,557798422,1160.1381,,x46de00b,"Anal, Blowjob, Brunette, Footjob, Handjob, Hardcore, Shaved Pussy"
wowgirls.13.12.30.anita.e.waiting.for.the.sun.1080p.mp4,745884665,931.2,,k895f958,"Outdoors, Shaved Pussy, Softcore, Solo"
wowgirls.13.12.29.liala.all.dayall.night.1080p.mp4,1053272558,1756.6549,,s8585f70,"Anal, Blowjob, Hardcore, Outdoors, Pussy Licking, Shaved Pussy, Small Tits"
wowgirls.13.12.29.candice.luca.sweet.memories.1080p.mp4,562408816,1164.9451,,lc62b2a8,"Big Tits, Brunette, Masturbation, Shaved Pussy, Solo"
wowgirls.13.12.28.ksenija.a.absolutely.myself.1080p.mp4,452475866,941.29,,kb382acb,"Masturbation, Shaved Pussy, Small Tits, Solo"
wowgirls.13.12.28.ivana.alone.time.1080p.mp4,457466566,947.39703,,ne0212a1,"Anal, Masturbation, Outdoors, Shaved Pussy, Small Tits, Solo, Stockings"
wowgirls.13.12.27.livia.internal.massage.1080p.mp4,512495757,1060.9661,,u710a5e3,"Blowjob, Brunette, Hardcore, Masturbation, Oil and Cream, POV, Shaved Pussy, Small Tits"
wowgirls.13.12.27.gina.gerson.penis.sculpture.a.dark.hole.1080p.mp4,469565122,1119.118,,k0aaea03,"Anal, Lingerie, Masturbation, Pantyhose, Penis Sculpture, Shaved Pussy, Small Tits, Solo, Toys"
wowgirls.13.12.26.lorena.and.penelope.make.it.count.1080p.mp4,1284658046,1478.0767,,maba06f3,"Blonde, Brunette, Dildo, Lesbian, Lingerie, Masturbation, Pussy Licking, Shaved Pussy"
wowgirls.13.12.26.izzy.delphine.ride.me.hard.1080p.mp4,1435060235,2080.4785,,o332c70a,"Blonde, Blowjob, Creampie, Handjob, Hardcore, Masturbation, Outdoors, Pussy Licking, Shaved Pussy, Small Tits"
wowgirls.13.12.26.gloria.exciting.myself.1080p.mp4,399589969,828.232,,y76f357d,"Finger Licking, Masturbation, Outdoors, Shaved Pussy, Solo, Stockings"
wowgirls.13.12.26.anna.tatu.captive.of.desire.1080p.mp4,323121218,669.617,,z6171854,"Hairy Pussy, Outdoors, Softcore, Solo"
wowgirls.13.12.25.aimee.ryan.and.jennifer.moaning.in.my.room.1080p.mp4,736501758,1524.993,,z4b4678b,"Brunette, Lesbian, Masturbation, Pussy Licking, Shaved Pussy, Small Tits"
wowgirls.13.12.24.ksenija.a.the.language.of.love.1080p.mp4,1299615663,1511.6118,,v51f987f,"Blowjob, Hardcore, Masturbation, Outdoors, Pussy Licking, Shaved Pussy, Small Tits"
wowgirls.13.12.23.mia.sollis.falling.in.love.1080p.mp4,615855116,1141.7406,,rda03bbf,"Lingerie, Pantyhose, Redhead, Shaved Pussy, Softcore, Solo"
wowgirls.13.12.23.gina.gerson.penis.sculpture.make.it.pink.1080p.mp4,824167637,1273.1736,,y3516811,"Masturbation, Outdoors, Penis Sculpture, Shaved Pussy, Small Tits, Solo, Toys"
wowgirls.13.12.22.michelle.and.silvie.read.our.lips.1080p.mp4,976130596,1614.5796,,z1db25f1,"69, Blowjob, Brunette, FFM, Finger Licking, Handjob, Hardcore, Masturbation, Pussy Licking, Redhead, Shaved Pussy, Threesome"
wowgirls.13.12.22.izzy.delphine.michelle.and.paula.shy.a.passion.to.win.1080p.mp4,815746788,1182.0475,,m20a0b10,"Blonde, Brunette, FFF+, Ibiza Love, Lesbian, Masturbation, Outdoors, Pussy Licking, Redhead, Shaved Pussy, Small Tits, Sport and Fitness, Threesome, WowGirls Hottest"
wowgirls.13.12.22.beata.sharing.a.nymph.1080p.mp4,524513260,1087.158,,q1454d9b,"Blowjob, Handjob, Hardcore, MMF, Shaved Pussy, Threesome"
wowgirls.13.12.21.izzy.delphine.didnt.wait.for.me.1080p.mp4,755001667,1565.744,,w12102b7,"Blonde, Blowjob, Hardcore, Pussy Licking, Shaved Pussy, Small Tits"
wowgirls.13.12.20.vanessa.reflection.of.lust.1080p.mp4,662644072,1052.2178,,vcf50265,"Outdoors, Shaved Pussy, Small Tits, Softcore, Solo"
wowgirls.13.12.19.nancey.my.neighbours.1080p.mp4,920244629,1179.2448,,t44b42c9,"Big Tits, Blonde, Blowjob, Handjob, Hardcore, MMF, Outdoors, Pussy Licking, Shaved Pussy, Threesome"
wowgirls.13.12.19.lauren.stuck.in.my.snatch.1080p.mp4,436223458,860.1626,,v57f25b3,"Brunette, Masturbation, Oil and Cream, Shaved Pussy, Solo"
wowgirls.13.12.18.nancey.tender.edges.1080p.mp4,367212467,725.7267,,t8a9b8ce,"Big Tits, Blonde, Masturbation, Pantyhose, Shaved Pussy, Solo"
wowgirls.13.12.17.monroe.frail.beauty.1080p.mp4,1279298523,967.2013,,o7216399,"Blonde, Masturbation, Outdoors, Shaved Pussy, Solo"
wowgirls.13.12.17.j.joanna.slam.it.harder.1080p.mp4,955555579,1324.9904,,m869d428,"69, Big Tits, Blonde, Blowjob, Handjob, Hardcore, POV, Pussy Licking, Shaved Pussy, WowGirls Hottest"
wowgirls.13.12.16.rossy.bush.and.nikol.burning.desire.1080p.mp4,616121857,1091.8907,,s5cc7cdb,"69, Big Tits, Brunette, Hairy Pussy, Lesbian, Masturbation, Outdoors, Pussy Licking, Redhead, Small Tits"
wowgirls.13.12.16.mika.oil.covered.beauty.1080p.mp4,667276519,1308.4756,,k8c6316b,"Finger Licking, Masturbation, Oil and Cream, Pantyhose, Shaved Pussy, Small Tits, Solo"
wowgirls.13.12.15.j.joanna.shoot.it.for.me.1080p.mp4,575170626,1364.9319,,uf52b7ad,"Big Tits, Blowjob, Footjob, Hardcore, Pussy Licking, Shaved Pussy"
wowgirls.13.12.14.nancey.hit.my.twat.hard.1080p.mp4,704226856,1175.0089,,zec5242e,"Big Tits, Blonde, Blowjob, Hardcore, POV, Pussy Licking, Shaved Pussy"
wowgirls.13.12.13.anita.e.to.pee.or.not.to.pee.1080p.mp4,389366557,984.52,,t1dfb518,"Lingerie, Oil and Cream, Shaved Pussy, Shaving, Softcore, Solo"
wowgirls.13.12.12.bailey.a.and.janee.a.mindblowing.contact.1080p.mp4,702083190,1190.6245,,u37e131e,"Brunette, Lesbian, Masturbation, Pussy Licking, Shaved Pussy, Small Tits"
wowgirls.13.12.12.anjelica.and.barbara.sweet.unfold.your.tongue.1080p.mp4,890360554,1295.4275,,m0203307,"Lesbian, Masturbation, Outdoors, Pussy Licking, Redhead, Shaved Pussy, Small Tits"
wowgirls.13.12.11.ivana.its.good.to.be.free.720p.mp4,417793753,889.1023,,m5d1ccd1,"Anal, Masturbation, Shaved Pussy, Small Tits, Solo"
wowgirls.13.12.11.cindy.wetter.than.ever.1080p.mp4,623947854,1122.9902,,y33e52ad,"Bathroom, Blonde, Masturbation, Shaved Pussy, Small Tits, Solo"
wowgirls.13.12.10.natasha.von.it.matches.perfectly.1080p.mp4,783406362,1131.7991,,vc515612,"Blonde, Dildo, Masturbation, Pantyhose, Shaved Pussy, Solo"
wowgirls.13.12.10.guerlain.the.bare.truth.1080p.mp4,472677819,874.40686,,m4d147c0,"Bathroom, Shaved Pussy, Shaving, Softcore, Solo, Stockings"
wowgirls.13.12.09.klara.inside.pristine.pussy.1080p.mp4,1408899501,1292.5913,,ud2e2dad,"Blowjob, Cum On Face, Hardcore, Redhead, Rimming, Shaved Pussy, Squirt"
wowgirls.13.12.09.barbara.sweet.stay.inside.me.1080p.mp4,1161618772,1443.9442,,p207b7e3,"69, Blowjob, Handjob, Hardcore, Pussy Licking, Redhead, Shaved Pussy, Small Tits"
wowgirls.13.12.08.livia.catching.the.tool.1080p.mp4,743755383,1146.4026,,lbfcadb4,"Blowjob, Brunette, Finger Licking, Hardcore, Pantyhose, Pussy Licking, Shaved Pussy, Small Tits"
wowgirls.13.12.08.linda.s.shining.love.1080p.mp4,694761136,1106.739,,mc65d7e1,"Blonde, Blowjob, Hairy Pussy, Handjob, Hardcore, Masturbation, Small Tits"
wowgirls.13.12.07.eveline.make.me.stronger.1080p.mp4,844624978,899.1666,,u81fd538,"Brunette, Oil and Cream, Outdoors, Softcore, Sport and Fitness"
wowgirls.13.12.06.vanessa.girly.secrets.1080p.mp4,566099276,1011.4455,,q28962fd,"Shaved Pussy, Small Tits, Softcore, Solo"
wowgirls.13.12.06.aimee.ryan.and.anjelica.sharing.my.boy.1080p.mp4,1105924369,1565.2637,,yfee7d75,"Blowjob, Brunette, FFM, Hardcore, Masturbation, Pussy Licking, Shaved Pussy, Small Tits, Threesome"
wowgirls.13.12.05.maria.pie.and.nomi.flying.away.together.1080p.mp4,545128934,1361.36,,t003604c,"69, Blonde, Lesbian, Masturbation, Pussy Licking, Shaved Pussy, Small Tits"
wowgirls.13.12.05.elly.hot.bathing.1080p.mp4,666194156,1153.2205,,t2686917,"Bathroom, Masturbation, Oil and Cream, Pee, Shaved Pussy, Solo"
wowgirls.13.12.04.liala.not.the.way.we.always.do.1080p.mp4,642925955,1360.4275,,l64be213,"Dildo, Masturbation, Pussy Licking, Shaved Pussy, Small Tits"
wowgirls.13.12.03.puppy.an.autumn.passion.1080p.mp4,1393323079,1073.9078,,rc9b06eb,"Blonde, Blowjob, Handjob, Hardcore, Masturbation, Outdoors, Pussy Licking, Shaved Pussy, Small Tits"
wowgirls.13.12.02.jackie.o.rising.angel.1080p.mp4,551722868,1186.5187,,qe9f8a2c,"Brunette, Shaved Pussy, Softcore, Solo"
wowgirls.13.12.02.alyssa.a.splash.with.me.1080p.mp4,1707070849,1132.5331,,m5c63259,"Blonde, Outdoors, Pool, Shaved Pussy, Softcore, Solo"
wowgirls.13.12.01.vanessa.hungry.mouth.1080p.mp4,426845685,979.51355,,td2fb9ab,"Dildo, Shaved Pussy, Small Tits, Softcore, Solo"
wowgirls.13.12.01.ivana.an.aggressive.driver.720p.mp4,723295263,934.3023,,y2b3c6c9,"Anal, Masturbation, Outdoors, Shaved Pussy, Small Tits, Solo"
wowgirls.13.11.30.paula.shy.pristine.ass.1080p.mp4,1007027654,1647.2456,,s57e6cbd,"Anal, Blowjob, Hardcore, Pussy Licking, Redhead, Shaved Pussy"
wowgirls.13.11.30.lollypop.listen.to.your.heart.1080p.mp4,624405351,1048.5159,,v8e440a6,"Blowjob, Brunette, Handjob, Hardcore, Pussy Licking, Shaved Pussy, Small Tits"
wowgirls.13.11.29.nomi.and.vanessa.i.want.you.only.1080p.mp4,660280825,1289.8903,,t78ae8ae,"Blonde, Lesbian, Masturbation, Pussy Licking, Shaved Pussy, Small Tits"
wowgirls.13.11.29.bianca.shining.ass.1080p.mp4,813546242,1239.0044,,te7efae1,"Anal, Blowjob, Cum In Mouth, Footjob, Hardcore, Outdoors, Pussy Licking, Redhead, Shaved Pussy, Small Tits"
wowgirls.13.11.28.anjelica.my.way.to.happy.end.1080p.mp4,242708233,835.0426,,yd756889,"Dildo, Masturbation, Shaved Pussy, Small Tits, Solo"
wowgirls.13.11.27.elly.the.beach.pickup.1080p.mp4,701213553,1154.088,,wa0ac263,"Blowjob, Hardcore, Masturbation, Oil and Cream, Outdoors, Shaved Pussy"
wowgirls.13.11.26.mia.sollis.missing.my.love.1080p.mp4,395937009,751.31726,,zdad3340,"Redhead, Shaved Pussy, Softcore, Solo"
wowgirls.13.11.26.lucy.li.pump.my.twat.1080p.mp4,928105800,1458.9258,,q0a9a868,"69, Big Tits, Blowjob, Brunette, Handjob, Hardcore, POV, Pussy Licking, Shaved Pussy"
wowgirls.13.11.26.connie.slam.my.puffy.pussy.1080p.mp4,975809754,1325.591,,t1a37c63,"Big Tits, Blowjob, Brunette, Handjob, Hardcore, Pussy Licking, Shaved Pussy"
wowgirls.13.11.25.j.joanna.a.toy.ride.1080p.mp4,325568805,829.0966,,x8243962,"Big Tits, Blonde, Dildo, Masturbation, Penis Sculpture, Shaved Pussy"
wowgirls.13.11.23.virginie.born.to.perform.1080p.mp4,395408243,852.1179,,wc0b72f2,"Masturbation, Shaved Pussy, Solo"
wowgirls.13.11.23.anjelica.sweet.n.neat.1080p.mp4,452175112,1004.305,,z3673492,"Masturbation, Shaved Pussy, Small Tits, Solo"
wowgirls.13.11.22.nancey.hello.again.1080p.mp4,874933889,1160.0923,,k166ee1e,"Big Tits, Blonde, Blowjob, Hardcore, Masturbation, Shaved Pussy"
wowgirls.13.11.21.j.joanna.the.art.of.seduction.1080p.mp4,842873890,1588.0548,,mf8862d5,"Big Tits, Blonde, Blowjob, Hardcore, Pussy Licking, Shaved Pussy"
wowgirls.13.11.21.beata.and.nancey.friendly.neighbours.1080p.mp4,1164723998,1470.2037,,zd120150,"Big Tits, Blonde, Blowjob, FFM, Hardcore, Masturbation, Outdoors, Pussy Licking, Shaved Pussy, Threesome"
wowgirls.13.11.20.ksenija.a.fuck.my.lips.1080p.mp4,1351562198,1741.6749,,z1ee72ae,"Blowjob, Hardcore, Masturbation, Outdoors, Pussy Licking, Shaved Pussy, Small Tits"
wowgirls.13.11.20.izzy.delphine.its.time.to.get.closer.1080p.mp4,1158773631,1908.9403,,rd849ce3,"Blonde, Blowjob, Cum On Face, Hardcore, Masturbation, Outdoors, Pussy Licking, Shaved Pussy, Small Tits"
wowgirls.13.11.20.ivana.the.right.toy.for.me.to.enjoy.1080p.mp4,741260050,1167.4347,,sa97b38b,"Dildo, Masturbation, Pantyhose, Shaved Pussy, Small Tits, Solo"
wowgirls.13.11.19.paula.shy.summer.fling.1080p.mp4,924425644,1650.9159,,ve004547,"Anal, Blowjob, Handjob, Hardcore, Masturbation, Outdoors, Pussy Licking, Redhead, Shaved Pussy"
wowgirls.13.11.19.grace.c.and.janee.you.make.me.feel.so.divine.1080p.mp4,621504274,1143.2772,,o37d91c4,"Blonde, Brunette, Lesbian, Masturbation, Pussy Licking, Shaved Pussy, Small Tits"
wowgirls.13.11.18.eveline.and.nancey.killing.some.time.1080p.mp4,936732514,1405.072,,k408d37c,"69, Blonde, Brunette, Lesbian, Masturbation, Outdoors, Pussy Licking, Shaved Pussy"
wowgirls.13.11.17.margot.a.and.milagres.come.and.get.me.1080p.mp4,748959835,1310.48,,z8a34d1b,"Brunette, Lesbian, Masturbation, Outdoors, Pussy Licking, Shaved Pussy"
wowgirls.13.11.17.elly.and.jackie.o.give.me.more.1080p.mp4,751641370,1209.9104,,xd0717c0,"Brunette, Lesbian, Outdoors, Redhead, Shaved Pussy, Softcore"
wowgirls.13.11.16.mia.a.busy.evening.1080p.mp4,1531629723,1475.5741,,n1fdd653,"Blowjob, Brunette, Creampie, Hardcore, Pantyhose, Pussy Licking, Shaved Pussy"
wowgirls.13.11.16.gloria.living.stripping.1080p.mp4,515498247,978.5126,,m67abc79,"Finger Licking, Masturbation, Solo"
wowgirls.13.11.16.aimee.ryan.hiding.from.the.sun.1080p.mp4,508758636,944.91235,,r43a149f,"Brunette, Masturbation, Outdoors, Shaved Pussy, Small Tits, Solo"
wowgirls.13.11.15.rady.plunder.my.heart.1080p.mp4,688251656,1152.2861,,obf493ee,"Blonde, Blowjob, Hardcore, Pussy Licking, Shaved Pussy"
wowgirls.13.11.15.mika.enhanced.senses.1080p.mp4,451105727,1233.68,,tb171549,"Finger Licking, Masturbation, Shaved Pussy, Small Tits, Solo"
wowgirls.13.11.13.valeria.a.following.my.dreams.1080p.mp4,844004051,1039.974,,x89a2a8b,"Brunette, Masturbation, Outdoors, Shaved Pussy, Solo"
wowgirls.13.11.13.alyssa.a.miracle.in.the.mirror.1080p.mp4,623651522,938.5727,,v9cdce40,"Blonde, Girls At Work, Masturbation, Shaved Pussy, Solo"
wowgirls.13.11.13.adria.and.mia.no.mans.party.1080p.mp4,781870502,1342.4077,,w2cc2d71,"Big Tits, Brunette, Dildo, Finger Licking, Lesbian, Masturbation, Pussy Licking, Shaved Pussy"
wowgirls.13.11.12.liala.i.love.the.best.ones.1080p.mp4,960619206,1487.3192,,mb4b7d0a,"Blowjob, Hardcore, Masturbation, Pussy Licking, Shaved Pussy, Small Tits"
wowgirls.13.11.12.denisa.heaven.all.i.need.is.love.1080p.mp4,902731104,1488.2551,,p0175858,"Blowjob, Footjob, Handjob, Hardcore, MMF, Pantyhose, Pussy Licking, Redhead, Shaved Pussy, Threesome"
wowgirls.13.11.11.anita.e.im.not.boring.being.alone.1080p.mp4,456764644,790.1577,,vf7bf7b2,"Shaved Pussy, Softcore, Solo"
wowgirls.13.11.10.stephanie.falling.into.the.passion.1080p.mp4,911320719,942.20966,,w762c410,"Blonde, Masturbation, Shaved Pussy, Small Tits, Solo"
wowgirls.13.11.10.nancey.sunday.sweets.1080p.mp4,759499496,1278.6107,,q0636277,"69, Big Tits, Blonde, Blowjob, Handjob, Hardcore, Pussy Licking, Shaved Pussy, Stockings"
wowgirls.13.11.09.michelle.cum.closer.1080p.mp4,946399329,1462.1958,,u5ee0578,"Blowjob, Handjob, Hardcore, Outdoors, Pussy Licking, Redhead, Shaved Pussy"
wowgirls.13.11.09.jackie.o.you.may.come.in.1080p.mp4,752766012,1062.8618,,o854ff15,"Bathroom, Brunette, Lingerie, Oil and Cream, Shaved Pussy, Softcore, Solo"
wowgirls.13.11.09.ivana.welcome.to.my.bedroom.720p.mp4,289957279,754.7023,,ve363341,"Finger Licking, Shaved Pussy, Small Tits, Solo"
wowgirls.13.11.08.jackie.o.and.maria.pie.when.will.i.see.you.again.1080p.mp4,928331054,1465.2988,,u7d5df61,"Blonde, Brunette, Lesbian, Lingerie, Masturbation, Outdoors, Shaved Pussy"
wowgirls.13.11.08.britney.s.staying.alone.1080p.mp4,1057021954,1179.4783,,z7e3ee18,"Dildo, Exclusive, Finger Licking, Masturbation, Shaved Pussy, Solo"
wowgirls.13.11.07.maria.pie.and.rossy.bush.i.beg.you.to.lick.me.1080p.mp4,980894342,1544.963,,u1a0256f,"Blonde, Hairy Pussy, Lesbian, Masturbation, Pussy Licking, Redhead, Shaved Pussy"
wowgirls.13.11.07.anjelica.deeper.and.harder.1080p.mp4,664949991,992.7918,,p0889411,"Blonde, Blowjob, Hardcore, Pussy Licking, Shaved Pussy, Small Tits"
wowgirls.13.11.06.anjelica.and.cindy.go.ahead.my.girl.1080p.mp4,699608466,1191.9241,,t56af87f,"Blonde, Lesbian, Masturbation, Pantyhose, Pussy Licking, Shaved Pussy, Small Tits, WowGirls Hottest"
wowgirls.13.11.05.janee.nymph.tricks.1080p.mp4,526206086,1008.7094,,x1509d78,"Brunette, Masturbation, Pantyhose, Pee, Shaved Pussy, Small Tits, Solo"
wowgirls.13.11.04.lorena.and.penelope.home.monster.1080p.mp4,933907313,1146.3785,,l66f35a5,"Blonde, Brunette, Dildo, Lesbian, Lingerie, Masturbation, Pussy Licking, Shaved Pussy"
wowgirls.13.11.04.beata.noise.with.toys.1080p.mp4,1150943576,1150.4844,,s7ec4413,"Anal, Hairy Pussy, Masturbation, Solo, Toys"
wowgirls.13.11.04.anna.tatu.tired.of.being.alone.1080p.mp4,829070624,1151.2184,,l777c452,"Hairy Pussy, Softcore, Solo"
wowgirls.13.11.03.linda.s.getting.ready.for.the.storm.1080p.mp4,930234433,1370.5692,,x58f5e59,"Bathroom, Blonde, Blowjob, Hairy Pussy, Hardcore, Pussy Licking, Shaved Pussy, Shaving, Small Tits"
wowgirls.13.11.02.liala.blow.me.away.1080p.mp4,935898497,1863.9637,,y015a3fd,"Blowjob, Footjob, Handjob, Hardcore, Outdoors, POV, Shaved Pussy, Small Tits"
wowgirls.13.11.01.paula.shy.peace.and.love.1080p.mp4,855464131,1616.5482,,y8d09d7f,"Blowjob, Brunette, Hardcore, Outdoors, POV, Pussy Licking, Shaved Pussy"
wowgirls.13.11.01.monroe.tiny.clit.and.a.huge.toy.1080p.mp4,876946555,1145.2775,,tadbbfc6,"Blonde, Dildo, Exclusive, Shaved Pussy, Softcore, Solo"
wowgirls.13.11.01.connie.stay.by.my.woman.1080p.mp4,867223502,1310.3774,,x95eaacb,"Big Tits, Blowjob, Brunette, Handjob, Hardcore, Pussy Licking, Shaved Pussy"
wowgirls.13.10.31.gloria.the.east.is.tricky.1080p.mp4,531115688,733.5345,,xf55b6f3,"Outdoors, Softcore, Solo"
wowgirls.13.10.31.aimee.ryan.anjelica.linda.s.and.nancey.lets.get.the.party.started.1080p.mp4,1417353969,1609.2094,,u1c4fb0f,"Big Tits, Blonde, Brunette, FFF+, Group, Hairy Pussy, Lesbian, Masturbation, Oil and Cream, Outdoors, Shaved Pussy, Small Tits"
wowgirls.13.10.30.vanessa.moments.to.live.for.1080p.mp4,452555965,620.4865,,za275fc2,"Outdoors, Shaved Pussy, Small Tits, Softcore, Solo"
wowgirls.13.10.30.nomi.bikini.land.1080p.mp4,524424472,987.4882,,s932faed,"Blonde, Masturbation, Outdoors, Shaved Pussy, Small Tits, Solo"
wowgirls.13.10.29.ksenija.a.tea.or.me.1080p.mp4,515359816,744.81244,,w10e6086,"Blonde, Outdoors, Shaved Pussy, Small Tits, Softcore, Solo, Sport and Fitness"
wowgirls.13.10.29.barbara.sweet.love.me.from.all.sides.1080p.mp4,1088126733,1381.9138,,qa344440,"Blowjob, Handjob, Hardcore, MMF, Masturbation, Pussy Licking, Redhead, Shaved Pussy, Small Tits, Threesome"
wowgirls.13.10.28.maria.pie.and.rossy.bush.licking.beauty.1080p.mp4,802607526,1347.0457,,ta28b379,"Blonde, Finger Licking, Hairy Pussy, Lesbian, Masturbation, Outdoors, Redhead, Shaved Pussy, Small Tits"
wowgirls.13.10.28.jackie.o.a.wet.dream.on.paradise.street.1080p.mp4,1358876208,1791.6582,,ta61dfcf,"Brunette, Outdoors, Shaved Pussy, Softcore, Solo"
wowgirls.13.10.26.nancey.too.good.for.you.1080p.mp4,774178247,1317.6514,,y1547672,"Big Tits, Blonde, Blowjob, Handjob, Hardcore, Pussy Licking, Shaved Pussy"
wowgirls.13.10.26.nancey.a.common.lover.1080p.mp4,1101068072,1186.0515,,mc45e376,"Big Tits, Blonde, Blowjob, Handjob, Hardcore, MMF, Masturbation, Outdoors, Shaved Pussy, Threesome"
wowgirls.13.10.26.michelle.its.about.time.1080p.mp4,707393909,1238.3037,,m944b8a8,"Blowjob, Hardcore, Pussy Licking, Redhead, Shaved Pussy, WowGirls Hottest"
wowgirls.13.10.25.jackie.o.the.way.i.do.1080p.mp4,1888932915,1528.3953,,l2a500d6,"Brunette, Outdoors, Shaved Pussy, Softcore, Solo"
wowgirls.13.10.24.rossy.bush.and.nikol.drive.me.crazy.1080p.mp4,1103843558,1535.5006,,tdab6472,"69, Big Tits, Brunette, Hairy Pussy, Lesbian, Masturbation, Outdoors, Pantyhose, Pussy Licking, Redhead, Small Tits"
wowgirls.13.10.24.ariel.the.dream.is.real.1080p.mp4,458640891,842.4433,,ve92d09f,"Big Tits, Dildo, Hairy Pussy, Masturbation, Redhead, Solo"
wowgirls.13.10.23.linda.s.i.am.your.woman.1080p.mp4,678627386,1173.4072,,mc050914,"69, Blonde, Blowjob, Hairy Pussy, Handjob, Hardcore, Masturbation, POV, Pantyhose, Pussy Licking, Small Tits"
wowgirls.13.10.23.eveline.and.michelle.make.my.life.complete.1080p.mp4,676936197,1188.2203,,qab0e7d4,"Brunette, Lesbian, Masturbation, Outdoors, Pussy Licking, Redhead, Shaved Pussy"
wowgirls.13.10.22.janee.you.are.in.my.dreams.1080p.mp4,408350475,930.7649,,ve89ea0e,"Brunette, Finger Licking, Masturbation, Shaved Pussy, Small Tits, Solo"
wowgirls.13.10.21.guerlain.dripping.beauty.1080p.mp4,462368399,957.266,,l661821b,"Bathroom, Softcore, Solo"
wowgirls.13.10.20.connie.more.than.i.could.handle.1080p.mp4,899091687,1417.5511,,ve36cbc7,"Big Tits, Blowjob, Brunette, Hardcore, Masturbation, Shaved Pussy"
wowgirls.13.10.20.barbara.sweet.babe.im.your.man.1080p.mp4,848929186,1195.1606,,l6dca246,"Blowjob, Cum In Mouth, Hardcore, Masturbation, Outdoors, Pussy Licking, Redhead, Shaved Pussy, Small Tits"
wowgirls.13.10.20.anjelica.confidential.investigation.1080p.mp4,303811313,635.6016,,x3a7e7b1,"Masturbation, Pantyhose, Pee, Shaved Pussy, Small Tits, Solo"
wowgirls.13.10.19.monroe.it.is.so.sensitive.1080p.mp4,852278781,1200.4677,,m67d2051,"Bathroom, Blonde, Masturbation, Shaved Pussy, Solo"
wowgirls.13.10.18.nancey.i.cant.resist.myself.1080p.mp4,405806976,1050.0841,,rbe6fee2,"Big Tits, Blonde, Masturbation, Shaved Pussy, Solo"
wowgirls.13.10.17.penelope.revenge.1080p.mp4,1477622741,1460.726,,p11d575e,"Blowjob, Brunette, Handjob, Hardcore, IR, Pussy Licking, Shaved Pussy"
wowgirls.13.10.16.j.joanna.early.delight.1080p.mp4,749381418,852.3532,,x2405298,"Big Tits, Blonde, Masturbation, Outdoors, Shaved Pussy, Solo, Sport and Fitness"
wowgirls.13.10.16.aimee.ryan.and.cindy.maximum.delight.1080p.mp4,874374570,1419.6182,,x89bbda1,"Blonde, Blowjob, Brunette, Cum In Mouth, FFM, Hardcore, Masturbation, Pussy Licking, Shaved Pussy, Small Tits, Threesome"
wowgirls.13.10.15.maria.pie.it.drives.me.crazy.1080p.mp4,664782106,986.3871,,p78b489e,"Blonde, Masturbation, Outdoors, Shaved Pussy, Solo"
wowgirls.13.10.15.izzy.delphine.and.paula.shy.lovely.girl.that.loves.the.loving.1080p.mp4,924370839,1551.4833,,sd29f7a9,"Blonde, Brunette, Finger Licking, Lesbian, Masturbation, Outdoors, Pussy Licking, Shaved Pussy, Small Tits"
wowgirls.13.10.15.erica.playing.in.style.1080p.mp4,430658936,816.2488,,m43e7fe7,"Blonde, Finger Licking, Masturbation, Shaved Pussy, Small Tits, Solo"
wowgirls.13.10.13.nikita.here.i.cum.1080p.mp4,820772124,1379.5226,,n53b469a,"Blowjob, Brunette, Cum In Mouth, Handjob, Hardcore, Pussy Licking, Rimming, Shaved Pussy"
wowgirls.13.10.13.lorena.enjoying.myself.1080p.mp4,1342006238,1552.8513,,ybf73609,"Anal, Blonde, Dildo, Masturbation, Shaved Pussy, Solo"
wowgirls.13.10.12.gloria.living.in.delight.1080p.mp4,495942016,874.50867,,ve560d81,"Finger Licking, Masturbation, Shaved Pussy, Solo"
wowgirls.13.10.12.anjelica.and.nikita.a.threesome.fulfilled.1080p.mp4,870410177,1501.8003,,k2c590db,"Blowjob, Brunette, FFM, Handjob, Hardcore, Masturbation, Pussy Licking, Shaved Pussy, Small Tits, Threesome"
wowgirls.13.10.11.natasha.von.skipping.lunch.1080p.mp4,1148778664,1477.5427,,ucb785d7,"Blonde, Blowjob, Cum On Face, Hardcore, Pantyhose, Pussy Licking, Rimming, Shaved Pussy"
wowgirls.13.10.10.janee.and.puppy.be.mine.1080p.mp4,642853621,1111.0116,,wdebc08c,"Blonde, Brunette, Lesbian, Masturbation, Pussy Licking, Shaved Pussy, Small Tits"
wowgirls.13.10.09.michelle.get.hard.inside.me.1080p.mp4,473729694,1019.2182,,n6944739,"Blowjob, Finger Licking, Handjob, Hardcore, Masturbation, Pussy Licking, Redhead, Shaved Pussy"
wowgirls.13.10.08.dominique.and.rossy.bush.lick.me.twice.1080p.mp4,697972753,1202.3345,,l8160ad3,"Hairy Pussy, Lesbian, Masturbation, Outdoors, Pussy Licking, Shaved Pussy, Small Tits"
wowgirls.13.10.07.hanna.under.the.morning.sun.1080p.mp4,710061256,922.65674,,w8f8d655,"Brunette, Dildo, Masturbation, Outdoors, Shaved Pussy, Solo"
wowgirls.13.10.06.marina.visconti.squeeze.me.gently.1080p.mp4,576159198,980.8132,,q1a9d0cb,"Big Tits, Blowjob, Handjob, Masturbation, Oil and Cream, Shaved Pussy"
wowgirls.13.10.06.katherine.and.puppy.i.am.your.dessert.1080p.mp4,729593012,1296.2968,,paf0d4ac,"Blonde, Brunette, Dildo, Lesbian, Masturbation, Pussy Licking, Shaved Pussy, Small Tits"
wowgirls.13.10.06.alyssa.a.and.virginie.dancing.in.siesta.1080p.mp4,914692838,1045.9783,,qfae1c06,"Ibiza Love, Lesbian, Oil and Cream, Outdoors, Pool, Pussies Slip 'n' Slide, Shaved Pussy, Softcore"
wowgirls.13.10.05.michelle.and.paula.shy.a.happy.day.together.1080p.mp4,1049803185,1500.2671,,led1695f,"Brunette, Lesbian, Masturbation, Outdoors, Pool, Pussy Licking, Redhead, Shaved Pussy"
wowgirls.13.10.05.alyssa.a.day.at.the.pool.1080p.mp4,967089197,923.3224,,y93f64f4,"Blonde, Masturbation, Oil and Cream, Outdoors, Pool, Shaved Pussy, Solo"
wowgirls.13.10.04.michelle.and.nancey.slide.into.me.1080p.mp4,967440097,1195.9965,,r50657c0,"Big Tits, Blonde, Lesbian, Masturbation, Oil and Cream, Outdoors, Redhead, Shaved Pussy"
wowgirls.13.10.03.nancey.and.nikol.harmony.of.love.1080p.mp4,548599828,931.49725,,re3ffcdb,"69, Big Tits, Blonde, Brunette, Hairy Pussy, Lesbian, Masturbation, POV, Pussy Licking, Shaved Pussy, Toys"
wowgirls.13.10.03.anjelica.and.linda.s.feel.the.passion.1080p.mp4,929813519,1254.9203,,m1222914,"Blonde, Hairy Pussy, Lesbian, Masturbation, Outdoors, Shaved Pussy, Small Tits"
wowgirls.13.10.02.erica.fox.embraced.1080p.mp4,896079559,1286.9857,,q8a28375,"Blowjob, Brunette, Deepthroat, Handjob, Hardcore, Masturbation, Shaved Pussy"
wowgirls.13.10.02.bella.baby.and.carla.advanced.bonking.1080p.mp4,1184835931,1501.7352,,q4bd4f2a,"Blonde, Blowjob, FFM, Hardcore, Shaved Pussy, Threesome"
wowgirls.13.10.01.milagres.the.day.i.found.myself.1080p.mp4,490718642,1032.4426,,obbe1890,"Shaved Pussy, Small Tits, Softcore, Solo"
wowgirls.13.10.01.ivana.my.clit.needs.fingers.720p.mp4,849540642,949.6356,,kff6e12d,"Finger Licking, Masturbation, Outdoors, Shaved Pussy, Small Tits, Solo"
wowgirls.13.09.30.anjelica.rocking.my.own.world.1080p.mp4,634280687,1047.7484,,lf6c5c0c,"Masturbation, Shaved Pussy, Small Tits, Solo, Stockings"
wowgirls.13.09.30.alexis.crystal.before.you.leave.1080p.mp4,721367079,1292.9917,,n0b51d7d,"Blowjob, Hardcore, Pussy Licking, Shaved Pussy"
wowgirls.13.09.29.grace.c.and.livia.getting.off.without.a.cock.1080p.mp4,877939654,942.942,,v9187a1c,"69, Blonde, Brunette, Lesbian, Masturbation, Pussy Licking, Shaved Pussy, Small Tits"
wowgirls.13.09.28.monroe.the.size.that.matters.1080p.mp4,788235972,1029.9305,,se70dc5e,"Blonde, Dildo, Small Tits, Softcore, Solo"
wowgirls.13.09.27.gloria.in.my.spare.time.1080p.mp4,753580551,781.64923,,k472b91c,"Finger Licking, Masturbation, Outdoors, Solo"
wowgirls.13.09.27.eveline.keep.sliding.1080p.mp4,1132018263,1470.3038,,t8859370,"Bathroom, Blowjob, Brunette, Footjob, Handjob, Hardcore, Pussy Licking"
wowgirls.13.09.27.aimee.ryan.and.cindy.forgive.me.boy.1080p.mp4,689674119,1220.3191,,ub04a7af,"Blonde, Brunette, Lesbian, Masturbation, Pussy Licking, Shaved Pussy, Small Tits"
wowgirls.13.09.26.connie.more.than.i.could.wish.for.1080p.mp4,935417819,1677.9095,,k7299d27,"Big Tits, Blowjob, Handjob, Hardcore, POV, Pussy Licking, Shaved Pussy, WowGirls Hottest"
wowgirls.13.09.25.michelle.full.of.love.1080p.mp4,446320597,1038.9062,,x5fe73b8,"Finger Licking, Masturbation, Redhead, Shaved Pussy, Solo"
wowgirls.13.09.25.cindy.and.maggie.gold.deep.impression.1080p.mp4,571416803,1093.4941,,we60d003,"Blonde, Lesbian, Masturbation, Pussy Licking, Shaved Pussy, Small Tits"
wowgirls.13.09.24.miela.a.easily.satisfied.1080p.mp4,606668109,1047.2479,,m71b5d17,"Big Tits, Blonde, Dildo, Masturbation, Shaved Pussy, Solo"
wowgirls.13.09.24.marina.visconti.believe.in.love.1080p.mp4,703369366,1281.1132,,q27e5fb0,"Big Tits, Blowjob, Finger Licking, Hardcore, Pussy Licking, Shaved Pussy"
wowgirls.13.09.24.beata.seamaid.hunter.720p.mp4,664033243,840.1023,,tf38d944,"Masturbation, Outdoors, Pool, Shaved Pussy"
wowgirls.13.09.24.anna.tatu.where.dreams.are.born.1080p.mp4,1028673258,1423.9575,,mb914118,"Hairy Pussy, Outdoors, Redhead, Softcore, Solo"
wowgirls.13.09.23.victoria.sweet.going.for.the.orgasm.record.1080p.mp4,667171532,963.5626,,z165a1a7,"Bathroom, Brunette, Masturbation, Oil and Cream, Pee, Shaved Pussy, Solo"
wowgirls.13.09.23.nomi.no.secrets.1080p.mp4,624489912,998.666,,y5a59f2a,"Blonde, Masturbation, Shaved Pussy, Small Tits, Solo, Stockings"
wowgirls.13.09.22.dominique.and.nikol.disturb.my.pussy.1080p.mp4,696561645,1424.5231,,p71a803b,"Anal, Big Tits, Brunette, Hairy Pussy, Lesbian, Masturbation, Oil and Cream, Pussy Licking, Shaved Pussy, Small Tits"
wowgirls.13.09.21.milagres.burning.inside.1080p.mp4,523663210,986.3204,,u5adf6df,"Dildo, Masturbation, Shaved Pussy, Small Tits, Solo, Stockings"
wowgirls.13.09.20.maria.pie.hidden.beauty.1080p.mp4,1760727450,1317.7163,,z84b892e,"60 Frames, Masturbation, Outdoors, RED, Shaved Pussy, Solo"
wowgirls.13.09.20.barbie.dont.deprive.yourself.1080p.mp4,642679199,1237.6047,,pe53980b,"Big Tits, Blonde, Masturbation, Shaved Pussy, Solo"
wowgirls.13.09.19.ivana.whether.i.wake.or.sleep.720p.mp4,702271503,1019.46893,,z400a203,"Dildo, Masturbation, Outdoors, Pool, Shaved Pussy, Small Tits, Solo"
wowgirls.13.09.19.denisa.heaven.love.lessons.1080p.mp4,958036902,1380.8478,,w0715935,"Blowjob, Cum In Mouth, Cum On Face, Handjob, Hardcore, Pussy Licking, Redhead, Shaved Pussy"
wowgirls.13.09.18.livia.free.love.1080p.mp4,1181547016,1173.9412,,l43fcaf1,"Blowjob, Brunette, Hardcore, Pussy Licking, Shaved Pussy, Small Tits, Stockings"
wowgirls.13.09.18.anjelica.and.nancey.join.the.game.1080p.mp4,905244403,1423.5221,,mbb0f7b9,"Big Tits, Blonde, Blowjob, FFM, Hardcore, Lingerie, Masturbation, Pussy Licking, Shaved Pussy, Small Tits, Threesome"
wowgirls.13.09.17.vanessa.interview.with.vanessa.1080p.mp4,1183030097,1835.4353,,z58082c7,"Fashion Show, Interview, Outdoors, Private, Shaved Pussy, Small Tits, Softcore, Solo"
wowgirls.13.09.17.eden.i.scream.when.i.dream.1080p.mp4,400252016,666.56256,,vf4e4983,"Masturbation, Shaved Pussy, Solo"
wowgirls.13.09.17.alexis.crystal.and.nikita.join.us.1080p.mp4,1118354128,1723.0547,,lbb6c71b,"Blowjob, Brunette, FFM, Hardcore, Masturbation, Pussy Licking, Shaved Pussy, Threesome"
wowgirls.13.09.16.eufrat.stories.which.arouse.1080p.mp4,340333631,515.88257,,n2cd51bf,"Masturbation, Shaved Pussy, Solo"
wowgirls.13.09.15.michelle.meet.playful.michelle.1080p.mp4,716533005,1265.998,,u75f9401,"Finger Licking, Masturbation, Redhead, Shaved Pussy, Solo"
wowgirls.13.09.15.klara.ripe.fruit.1080p.mp4,1060906838,1279.912,,rb1fb2f9,"Blowjob, Handjob, Hardcore, Pussy Licking, Shaved Pussy"
wowgirls.13.09.15.denisa.heaven.and.margot.a.true.love.1080p.mp4,749274227,1286.3201,,w8fe4d44,"Brunette, Lesbian, Masturbation, Pantyhose, Pussy Licking, Redhead, Shaved Pussy, Toys"
wowgirls.13.09.14.nikita.this.gets.my.juices.flowing.1080p.mp4,729744199,1246.8789,,v7be40e8,"Brunette, Masturbation, Pee, Shaved Pussy, Solo"
wowgirls.13.09.14.gloria.and.stephanie.meeting.destiny.1080p.mp4,779590967,1238.6057,,l1a9c63b,"Bathroom, Blonde, Lesbian, Masturbation, Pussy Licking, Shaved Pussy, Small Tits"
wowgirls.13.09.14.barbara.sweet.and.nancey.hungry.lips.1080p.mp4,1071957638,1563.864,,y8fbf77c,"Big Tits, Blonde, Lesbian, Masturbation, Outdoors, Pussy Licking, Redhead, Shaved Pussy, Small Tits"
wowgirls.13.09.13.kitty.jane.the.taste.of.hardcore.1080p.mp4,661323413,1334.12,,r954e73d,"69, Big Tits, Blowjob, Handjob, Hardcore, Masturbation, Pussy Licking, Shaved Pussy"
wowgirls.13.09.12.eveline.be.nice.or.leave.1080p.mp4,694454265,1246.0132,,v11d288b,"69, Blowjob, Brunette, Footjob, Hardcore, Masturbation, POV, Pussy Licking"
wowgirls.13.09.12.dominique.into.the.deep.cave.1080p.mp4,484543809,932.6984,,k6d435b4,"Masturbation, Outdoors, Shaved Pussy, Small Tits, Solo"
wowgirls.13.09.12.anjelica.missed.you.1080p.mp4,1007232947,1485.7175,,l4c87eec,"69, Blowjob, Creampie, Hardcore, Masturbation, Pussy Licking, Rimming, Shaved Pussy, Small Tits, Stockings"
wowgirls.13.09.11.nomi.the.mirror.of.desire.1080p.mp4,395425184,1162.3945,,w77c2d49,"Blonde, Masturbation, Shaved Pussy, Small Tits, Solo"
wowgirls.13.09.11.guerlain.angels.exist.1080p.mp4,389656927,806.522,,q573244c,"Dance, Softcore, Solo"
wowgirls.13.09.10.janice.and.nicca.erase.the.boundaries.1080p.mp4,761119627,972.2396,,y4e348ac,"Brunette, Lesbian, Masturbation, Pantyhose, Pussy Licking, Redhead, Shaved Pussy"
wowgirls.13.09.09.aimee.ryan.anjelica.and.nancey.who.let.the.dogs.out.1080p.mp4,1086962676,1652.587,,m298f7cb,"4K, Big Tits, Blonde, Blowjob, Brunette, Group, Handjob, Hardcore, Masturbation, POV, Pussy Licking, Shaved Pussy, Small Tits, WowGirls Hottest"
wowgirls.13.09.08.elly.and.nikol.stuck.inside.of.me.1080p.mp4,1015580157,1589.4211,,qa1b113c,"Big Tits, Brunette, Hairy Pussy, Lesbian, Masturbation, Outdoors, Pussy Licking, Shaved Pussy"
wowgirls.13.09.08.candice.luca.exploring.new.feelings.1080p.mp4,606846249,1247.5814,,lfdcdfa0,"Big Tits, Brunette, Masturbation, Shaved Pussy, Solo"
wowgirls.13.09.07.margot.a.me.and.my.solitude.1080p.mp4,657362684,1113.9812,,l0da3c27,"Brunette, Masturbation, Shaved Pussy, Solo"
wowgirls.13.09.07.bella.baby.opposites.attract.1080p.mp4,1053214332,1232.3328,,p17d8bb7,"Blonde, Blowjob, Handjob, Hardcore, Pussy Licking, Shaved Pussy"
wowgirls.13.09.06.valeria.a.paradise.corner.1080p.mp4,707873138,1175.3425,,p9fe533b,"Brunette, Masturbation, Outdoors, Shaved Pussy, Solo"
wowgirls.13.09.06.aprilia.and.livia.dont.be.rude.to.me.1080p.mp4,587967204,909.92,,k21a9a10,"Blonde, Brunette, Dildo, Lesbian, Masturbation, Pantyhose, Pussy Licking, Shaved Pussy, Small Tits"
wowgirls.13.09.05.zoe.ballerinas.dream.1080p.mp4,1356452542,1598.6971,,p29408e7,"Blowjob, Creampie, Hardcore, IR, Pantyhose, Pussy Licking, Shaved Pussy, Small Tits, Squirt"
wowgirls.13.09.04.lollypop.making.the.most.out.of.it.1080p.mp4,572859010,1031.5656,,t1cd0a57,"Brunette, Dildo, Masturbation, Shaved Pussy, Small Tits, Solo"
wowgirls.13.09.03.linda.s.my.wild.fantasy.1080p.mp4,806641992,1183.5173,,k2f327a8,"Blonde, Finger Licking, Hairy Pussy, Masturbation, Outdoors, Small Tits, Solo"
wowgirls.13.09.03.anna.tatu.wishful.thinking.1080p.mp4,596317016,1290.5559,,qfb754c5,"Hairy Pussy, Redhead, Softcore, Solo, Stockings"
wowgirls.13.09.02.ivana.and.mika.a.ticket.to.heaven.1080p.mp4,530970797,882.31647,,t0486e93,"Lesbian, Masturbation, Pussy Licking, Shaved Pussy, Small Tits"
wowgirls.13.09.01.momoko.forget.about.everything.1080p.mp4,1498196841,1799.1974,,l0980894,"69, Blowjob, Brunette, Hardcore, IR, Masturbation, Pussy Licking, Shaved Pussy, Small Tits"
wowgirls.13.09.01.adria.i.can.manage.without.you.1080p.mp4,895833255,996.96436,,qcea8428,"Big Tits, Brunette, Dildo, Masturbation, Shaved Pussy, Solo"
wowgirls.13.08.31.alexis.crystal.dont.hide.your.tool.1080p.mp4,664052452,1044.4434,,u59cdf8d,"Blowjob, Hardcore, Masturbation, Pussy Licking, Shaved Pussy"
wowgirls.13.08.30.gloria.splash.of.passion.1080p.mp4,437440494,714.6156,,m7c72000,"Bathroom, Finger Licking, Masturbation, Solo"
wowgirls.13.08.30.denisa.heaven.cant.stop.loving.you.1080p.mp4,2210046086,1470.1599,,v4f8a2a0,"60 Frames, Blowjob, Handjob, Hardcore, Outdoors, Pussy Licking, RED, Redhead, Shaved Pussy"
wowgirls.13.08.29.guerlain.posh.kitten.1080p.mp4,401407425,833.016,,nd047bf6,"Softcore, Solo, Stockings"
wowgirls.13.08.29.eveline.and.izzy.delphine.conversion.to.pussy.love.1080p.mp4,1132852905,1468.6672,,l3b1e70f,"69, Blonde, Brunette, Lesbian, Masturbation, Outdoors, Pool, Pussy Licking, Shaved Pussy, Small Tits"
wowgirls.13.08.28.ivana.hot.like.hell.720p.mp4,865359405,1051.8689,,x251d076,"Anal, Masturbation, Outdoors, Shaved Pussy, Small Tits, Solo"
wowgirls.13.08.28.anjelica.push.my.buttons.1080p.mp4,943922320,1257.1559,,wdfda8c9,"Blowjob, Cum In Mouth, Hardcore, Lingerie, Masturbation, Pussy Licking, Shaved Pussy, Small Tits, Stockings"
wowgirls.13.08.26.cindy.and.maggie.gold.love.addicts.1080p.mp4,764000691,1155.456,,v8d24b29,"Bathroom, Blonde, Lesbian, Masturbation, Pussy Licking, Shaved Pussy, Small Tits"
wowgirls.13.08.26.cindy.and.kitty.jane.now.it.is.my.turn.1080p.mp4,665208576,1031.1968,,zaf1a271,"Big Tits, Blonde, Brunette, Lesbian, Lingerie, Masturbation, Shaved Pussy, Small Tits"
wowgirls.13.08.25.anjelica.heaven.is.in.my.bedroom.1080p.mp4,1266764548,1682.6493,,x63beb90,"Blowjob, Cum In Mouth, Cum On Face, Hardcore, Masturbation, Pussy Licking, Shaved Pussy, Small Tits"
wowgirls.13.08.24.aprilia.love.overload.1080p.mp4,987831412,1443.6105,,x0643993,"Blonde, Blowjob, Cum In Mouth, Hardcore, Masturbation, Oil and Cream, Pussy Licking, Shaved Pussy, Small Tits"
wowgirls.13.08.24.anjelica.you.are.my.world.1080p.mp4,790738010,1189.3214,,vaae6267,"Blowjob, Cum In Mouth, Footjob, Handjob, Hardcore, Pussy Licking, Shaved Pussy, Small Tits"
wowgirls.13.08.23.grace.c.my.pocket.money.goes.on.toys.1080p.mp4,534052859,1105.479,,zf31e2d4,"Blonde, Dildo, Masturbation, Shaved Pussy, Solo"
wowgirls.13.08.23.elly.in.the.bed.of.sin.1080p.mp4,769137557,1173.7058,,s4bc2ebb,"Blowjob, Brunette, Hardcore, Pussy Licking, Shaved Pussy"
wowgirls.13.08.22.livia.forgot.about.everything.1080p.mp4,488605314,1012.158,,wdd4bc75,"Brunette, Dildo, Masturbation, Shaved Pussy, Small Tits, Solo"
wowgirls.13.08.21.ksenija.a.together.again.1080p.mp4,872771904,1365.5975,,y0b28357,"Blowjob, Cum On Face, Handjob, Hardcore, Masturbation, Pussy Licking, Shaved Pussy, Small Tits"
wowgirls.13.08.21.barbara.sweet.and.beata.fuck.as.hard.as.you.can.1080p.mp4,1394584959,1527.3591,,t28c73a9,"Blowjob, FFM, Hardcore, Masturbation, Outdoors, Pussy Licking, Redhead, Shaved Pussy, Small Tits, Threesome"
wowgirls.13.08.20.grace.c.and.nikita.make.my.world.colorful.1080p.mp4,475498200,984.967,,pc2bc56a,"Blonde, Brunette, Lesbian, Pussy Licking, Shaved Pussy"
wowgirls.13.08.20.ella.momoko.and.zoe.girly.delights.1080p.mp4,1033269216,1217.4163,,ld232dd7,"Blonde, Brunette, Dildo, FFF+, Masturbation, Pussy Licking, Shaved Pussy, Small Tits, Threesome, WowGirls Hottest"
wowgirls.13.08.19.mika.would.love.you.to.lick.me.1080p.mp4,590948179,1222.67,,w3064a88,"Shaved Pussy, Small Tits, Softcore, Solo"
wowgirls.13.08.19.maria.pie.the.best.hobby.1080p.mp4,595844273,1050.5829,,zb9d1600,"Blonde, Finger Licking, Masturbation, Shaved Pussy, Solo"
wowgirls.13.08.18.ivana.and.mika.glad.to.see.you.again.1080p.mp4,611030740,1144.697,,z737b8cf,"60 Frames, 69, Lesbian, Masturbation, Pussy Licking, RED, Shaved Pussy, Small Tits"
wowgirls.13.08.18.anjelica.from.one.heart.to.another.1080p.mp4,1437522025,1537.204,,y93f9344,"Cum In Mouth, Handjob, Hardcore, Masturbation, Pussy Licking, Rimming, Shaved Pussy, Small Tits"
wowgirls.13.08.18.aimee.ryan.my.dream.guy.1080p.mp4,802982614,1457.12,,r5ccf91c,"Anal, Blowjob, Brunette, Cum In Mouth, Cum On Face, Hardcore, Masturbation, Pussy Licking, Shaved Pussy, Small Tits"
wowgirls.13.08.17.guerlain.fantasies.are.all.i.need.1080p.mp4,515278362,695.56,,m2a10b77,"Outdoors, Softcore, Solo, Stockings"
wowgirls.13.08.17.gloria.sophisticated.lady.1080p.mp4,495770397,1026.879,,y00cbdc1,"Finger Licking, Masturbation, Shaved Pussy, Solo"
wowgirls.13.08.16.guerlain.catch.the.shadow.1080p.mp4,451942174,687.3555,,t847f6e3,"Softcore, Solo, Stockings"
wowgirls.13.08.15.milagres.and.erica.fox.become.one.of.us.1080p.mp4,648085732,1392.36,,r4ea6fd7,"Brunette, Lesbian, Masturbation, Pussy Licking, Shaved Pussy, Small Tits"
wowgirls.13.08.15.anita.e.before.a.date.1080p.mp4,399065403,826.096,,q05fd7b2,"Shaved Pussy, Softcore, Solo"
wowgirls.13.08.14.milagres.different.feeling.1080p.mp4,655706804,1629.28,,s50d5a26,"Blowjob, Brunette, Footjob, Hardcore, Masturbation, Pantyhose, Pussy Licking, Shaved Pussy"
wowgirls.13.08.13.guerlain.guerlains.dreams.1080p.mp4,478794131,991.306,,oad68b26,"Shaved Pussy, Softcore, Solo"
wowgirls.13.08.13.denisa.heaven.you.know.what.i.want.1080p.mp4,2603392248,1407.6245,,yc084372,"60 Frames, Blowjob, Cum In Mouth, Hardcore, Lingerie, Masturbation, RED, Redhead, Shaved Pussy"
wowgirls.13.08.12.angela.and.lindsey.double.rendezvous.1080p.mp4,1239022737,1338.7057,,pdcd46a2,"Anal, Blowjob, Brunette, Cum On Face, Deepthroat, FFM, Hardcore, Masturbation, Outdoors, Shaved Pussy, Small Tits, Threesome"
wowgirls.13.08.11.natasha.von.flaming.passion.1080p.mp4,1131406220,1435.9362,,ya962203,"69, Blonde, Blowjob, Hardcore, IR, Masturbation, Pussy Licking, Shaved Pussy"
wowgirls.13.08.11.melanie.b.turn.up.the.heat.1080p.mp4,615278406,899.96576,,t3b47431,"Brunette, Dildo, Masturbation, Oil and Cream, Shaved Pussy, Solo"
wowgirls.13.08.10.anjelica.lovemaking.1080p.mp4,1764299265,2075.073,,t56a8d6e,"69, Anal, Blowjob, Cum On Face, Hardcore, Masturbation, Pussy Licking, Shaved Pussy, Small Tits, Stockings"
wowgirls.13.08.09.janee.and.nancey.youre.the.one.1080p.mp4,643403285,1319.585,,pe103601,"Anal, Big Tits, Blonde, Brunette, Lesbian, Masturbation, Oil and Cream, Shaved Pussy, Small Tits"
wowgirls.13.08.09.ariel.flaming.desire.1080p.mp4,565767907,1174.6747,,m9fc6747,"Big Tits, Dildo, Hairy Pussy, Masturbation, Redhead, Solo"
wowgirls.13.08.08.mika.shy.self.lover.1080p.mp4,540771282,1216.9625,,v6e83db2,"Finger Licking, Masturbation, Shaved Pussy, Small Tits, Solo"
wowgirls.13.08.08.cindy.spoiled.sweetie.1080p.mp4,606230268,1069.3683,,v9479076,"Blonde, Finger Licking, Masturbation, Pee, Shaved Pussy, Small Tits, Solo"
wowgirls.13.08.07.rossy.bush.dream.fairy.1080p.mp4,684929410,971.33704,,u45152bf,"Hairy Pussy, Masturbation, Outdoors, Redhead, Small Tits, Solo"
wowgirls.13.08.07.cindy.i.couldnt.resist.1080p.mp4,537661213,1027.2612,,r2dc67ff,"Bathroom, Blonde, Finger Licking, Masturbation, Pee, Shaved Pussy, Small Tits, Solo"
wowgirls.13.08.07.angel.p.feel.the.burn.1080p.mp4,689984759,1048.1804,,sd903432,"Blonde, Blowjob, Footjob, Hardcore, Masturbation, Pussy Licking, Shaved Pussy"
wowgirls.13.08.06.ivana.my.favorite.passtime.720p.mp4,517435708,1011.9023,,m9f56cf9,"Dildo, Masturbation, Outdoors, Shaved Pussy, Small Tits, Solo"
wowgirls.13.08.06.elly.my.secret.lover.1080p.mp4,1027021885,1630.6957,,rc135142,"Blowjob, Brunette, Handjob, Hardcore, Masturbation, Outdoors, Pussy Licking, Shaved Pussy"
wowgirls.13.08.05.livia.i.dont.wanna.talk.1080p.mp4,1033257178,1062.5948,,m8f1e556,"Blowjob, Brunette, Hardcore, POV, Pussy Licking, Shaved Pussy, Small Tits"
wowgirls.13.08.05.anita.e.i.am.a.nice.girl.1080p.mp4,324730534,881.0426,,w647fd58,"Shaved Pussy, Softcore, Solo"
wowgirls.13.08.04.candice.luca.do.it.yourself.1080p.mp4,534977565,1192.4,,kb466c2a,"Big Tits, Brunette, Lingerie, Masturbation, Oil and Cream, Shaved Pussy, Solo"
wowgirls.13.08.03.mia.trying.both.at.once.720p.mp4,544248734,1034.7356,,wa7b4652,"Anal, Brunette, Masturbation, Shaved Pussy, Solo, Toys"
wowgirls.13.08.03.bianca.loving.you.more.and.more.1080p.mp4,862128061,1376.4418,,pdd51d33,"Blowjob, Finger Licking, Hardcore, Redhead, Shaved Pussy, Small Tits"
wowgirls.13.08.02.monroe.my.toy.boy.1080p.mp4,782012008,926.0585,,q2466561,"Blonde, Dildo, Exclusive, Shaved Pussy, Softcore, Solo"
wowgirls.13.08.02.gloria.ms.red.stockings.1080p.mp4,413027238,830.79834,,t4beb22c,"Masturbation, Solo, Stockings"
wowgirls.13.08.01.connie.a.daydream.together.1080p.mp4,921957890,1397.129,,nf7fa11a,"Big Tits, Blowjob, Brunette, Hardcore, Outdoors, Pool, Pussy Licking, Shaved Pussy"
wowgirls.13.08.01.carla.dream.morning.1080p.mp4,531094336,1037.7225,,t70f2344,"Blonde, Blowjob, Handjob, Hardcore, Masturbation, POV, Pussy Licking, Shaved Pussy"
wowgirls.13.07.30.alexis.crystal.fountain.of.love.1080p.mp4,403921750,715.68164,,lab3ae3f,"Bathroom, Lingerie, Pee, Shaved Pussy, Solo"
wowgirls.13.07.29.nancey.blond.in.blonde.1080p.mp4,953483510,1439.3379,,m0043c95,"Big Tits, Blonde, Blowjob, Hardcore, POV, Pussy Licking, Shaved Pussy"
wowgirls.13.07.29.ivana.and.mika.flaming.tongues.1080p.mp4,589488028,782.1497,,oc00d5d2,"Lesbian, Masturbation, Pussy Licking, Shaved Pussy, Small Tits"
wowgirls.13.07.28.valeria.a.more.than.a.feeling.1080p.mp4,507426628,1234.4332,,y9146acf,"Brunette, Lingerie, Masturbation, Pantyhose, Shaved Pussy, Solo"
wowgirls.13.07.28.aimee.ryan.and.lollypop.come.and.fuck.us.1080p.mp4,924482721,1472.873,,xd91f459,"69, Blowjob, Brunette, FFM, Hardcore, Masturbation, Pussy Licking, Shaved Pussy, Small Tits, Threesome"
wowgirls.13.07.27.paula.shy.autumn.romance.1080p.mp4,833634380,1431.12,,nb95d2a7,"Blowjob, Brunette, Cum In Mouth, Cum On Face, Hardcore, Pussy Licking, Shaved Pussy"
wowgirls.13.07.26.lauren.it.fits.perfect.1080p.mp4,449519485,873.3075,,m71e32eb,"Brunette, Dildo, Finger Licking, Masturbation, Shaved Pussy, Solo"
wowgirls.13.07.25.zoe.its.not.a.dream.1080p.mp4,1272483876,1446.2782,,mbccea29,"Blowjob, Cum In Mouth, Hardcore, IR, Pussy Licking, Shaved Pussy, Small Tits"
wowgirls.13.07.25.nikita.getting.my.pussy.busy.1080p.mp4,425234619,1007.44257,,n56866df,"Brunette, Dildo, Masturbation, Shaved Pussy, Solo"
wowgirls.13.07.24.elly.im.better.than.i.thought.1080p.mp4,431461369,956.7224,,t079a5c8,"Masturbation, Redhead, Shaved Pussy, Solo"
wowgirls.13.07.24.eden.ribbed.toy.addict.1080p.mp4,603737351,987.56256,,l127e873,"Dildo, Masturbation, Shaved Pussy, Solo"
wowgirls.13.07.23.ella.would.love.to.feel.it.big.1080p.mp4,1571949891,1669.236,,s4b3e775,"Blonde, Blowjob, Creampie, Finger Licking, Hardcore, IR, Pussy Licking, Rimming, Shaved Pussy, Small Tits"
wowgirls.13.07.22.nancey.meet.my.blonde.kitty.1080p.mp4,877994785,1347.6797,,pcfe835c,"Big Tits, Blonde, Blowjob, Footjob, Hardcore, POV, Pussy Licking, Shaved Pussy"
wowgirls.13.07.22.margot.a.freckled.muffin.1080p.mp4,552695338,995.2943,,x958c1f1,"Brunette, Dildo, Finger Licking, Masturbation, Solo"
wowgirls.13.07.21.janee.and.nancey.physical.attraction.1080p.mp4,842242657,1524.9918,,p10028c8,"69, Big Tits, Blonde, Brunette, Lesbian, Masturbation, Pussy Licking, Shaved Pussy, Small Tits"
wowgirls.13.07.19.nikita.slide.it.in.hard.1080p.mp4,767381869,1294.1929,,rcb5d1b7,"Bathroom, Blowjob, Brunette, Creampie, Hardcore, Masturbation, Pussy Licking, Shaved Pussy"
wowgirls.13.07.19.grace.c.i.deserve.the.best.1080p.mp4,701859746,1159.9939,,q5063ae1,"Blonde, Masturbation, Oil and Cream, Shaved Pussy, Solo"
wowgirls.13.07.19.gloria.getting.wet.looking.at.you.1080p.mp4,539383010,954.622,,ldc2f8a7,"Finger Licking, Hairy Pussy, Softcore, Solo"
wowgirls.13.07.19.beata.and.klara.satisfy.me.1080p.mp4,1274791770,1181.1133,,zf6c7038,"Anal, Dildo, Hairy Pussy, Lesbian, Masturbation, Pussy Licking, Redhead, Shaved Pussy"
wowgirls.13.07.18.elly.in.the.bed.of.lust.1080p.mp4,604181423,899.13324,,w67bc9b0,"69, Blowjob, Hardcore, Pussy Licking, Redhead, Shaved Pussy, Stockings"
wowgirls.13.07.17.lorena.and.penelope.flying.high.1080p.mp4,1278296004,1536.0679,,va86038b,"Anal, Blonde, Brunette, Dildo, Lesbian, Lingerie, Masturbation, Pussy Licking, Shaved Pussy"
wowgirls.13.07.17.janice.tickle.my.redhead.twat.1080p.mp4,917664871,1132.4647,,p19f2b77,"Blowjob, Hardcore, Pussy Licking, Redhead, Shaved Pussy"
wowgirls.13.07.16.melanie.b.tickling.herself.inside.1080p.mp4,494446521,939.1399,,p481c966,"Brunette, Dildo, Masturbation, Shaved Pussy, Solo"
wowgirls.13.07.16.frida.c.love.arrow.1080p.mp4,516709524,838.67114,,rb85555b,"Brunette, Finger Licking, Hairy Pussy, Masturbation, Shaved Pussy, Solo, Toys"
wowgirls.13.07.15.janice.golden.delight.1080p.mp4,352985308,618.4195,,z8ecb8b3,"Dildo, Masturbation, Redhead, Shaved Pussy, Solo"
wowgirls.13.07.15.ivana.bed.time.doesnt.mean.sleeping.720p.mp4,457033851,938.9023,,wf083565,"Masturbation, Shaved Pussy, Small Tits, Solo"
wowgirls.13.07.15.cindy.triple.the.fun.1080p.mp4,804945332,1160.0605,,z4edcf14,"Blonde, Blowjob, Handjob, Hardcore, MMF, Masturbation, Shaved Pussy, Small Tits, Threesome"
wowgirls.13.07.14.monroe.sweet.and.petite.1080p.mp4,989059132,1405.9729,,v171c1a7,"Bathroom, Blonde, Masturbation, Oil and Cream, Pantyhose, Shaved Pussy, Solo"
wowgirls.13.07.13.leila.smith.and.erica.fox.breathe.more.deeply.1080p.mp4,1026998642,1589.1208,,q2e9845e,"Brunette, Lesbian, Masturbation, Pussy Licking, Redhead, Shaved Pussy, Small Tits, Sport and Fitness"
wowgirls.13.07.13.beata.morning.joy.1080p.mp4,697845095,1505.0026,,n218c3a8,"Blowjob, Hardcore, Pussy Licking, Shaved Pussy"
wowgirls.13.07.12.bella.baby.fuck.friend.1080p.mp4,1172183244,1204.0696,,yd44e3e7,"Blonde, Blowjob, Footjob, Hardcore, Lingerie, Pussy Licking, Shaved Pussy"
wowgirls.13.07.11.aprilia.teach.me.to.make.love.1080p.mp4,1039843587,1429.997,,l6174fae,"Blonde, Blowjob, Footjob, Handjob, Hardcore, POV, Pussy Licking, Shaved Pussy, Small Tits"
wowgirls.13.07.10.monroe.sweet.and.tender.1080p.mp4,410739845,601.9697,,m80bf1fe,"Blonde, Shaved Pussy, Softcore, Solo"
wowgirls.13.07.09.izzy.delphine.between.my.pussy.petals.1080p.mp4,583610801,897.9988,,w1aee508,"Blonde, Finger Licking, Masturbation, Shaved Pussy, Solo"
wowgirls.13.07.09.angel.p.and.nancey.unstoppable.sex.drive.1080p.mp4,970986295,1567.3992,,t6da095d,"Big Tits, Blonde, Blowjob, FFM, Hardcore, POV, Pussy Licking, Shaved Pussy, Threesome"
wowgirls.13.07.07.candice.luca.an.angel.at.play.1080p.mp4,707998755,1379.8451,,tbf46209,"Big Tits, Brunette, Masturbation, Shaved Pussy, Solo"
wowgirls.13.07.07.alyona.beautiful.mind.and.body.1080p.mp4,458624185,831.8661,,mf0eb779,"Blonde, Masturbation, Outdoors, Shaved Pussy, Solo"
wowgirls.13.07.06.anjelica.make.me.happy.1080p.mp4,886164301,1416.3483,,w329d03a,"Blowjob, Creampie, Hardcore, Masturbation, Pussy Licking, Shaved Pussy, Small Tits, Stockings"
wowgirls.13.07.06.angel.p.and.nancey.losing.selfcontrol.1080p.mp4,621456388,1030.698,,pddaabbc,"Big Tits, Blonde, Lesbian, Masturbation, Pussy Licking, Shaved Pussy"
wowgirls.13.07.05.paula.shy.today.im.not.shy.1080p.mp4,785815628,1513.8807,,r7cb1926,"Anal, Blowjob, Brunette, Hardcore, Masturbation, POV, Pussy Licking, Shaved Pussy"
wowgirls.13.07.05.gloria.solo.sweetheart.1080p.mp4,469560293,883.8847,,y12ee26d,"Finger Licking, Masturbation, Solo"
wowgirls.13.07.04.leonie.leonies.first.time.1080p.mp4,915713274,1353.3203,,z2365452,"Blowjob, Handjob, Hardcore, Pussy Licking, Shaved Pussy"
wowgirls.13.07.04.eden.better.than.ever.1080p.mp4,648653220,1120.8865,,ta3e329a,"Dildo, Finger Licking, Masturbation, Shaved Pussy, Solo"
wowgirls.13.07.03.nancey.too.bloody.hot.1080p.mp4,700833263,1299.1328,,k7ff89e9,"Big Tits, Blonde, Finger Licking, Masturbation, Shaved Pussy, Solo, Stockings"
wowgirls.13.07.03.nancey.delight.overdose.1080p.mp4,935078367,1402.1007,,qec11e7a,"Big Tits, Blonde, Blowjob, Cum In Mouth, Cum On Face, Handjob, Hardcore, MMF, POV, Shaved Pussy, Threesome"
wowgirls.13.07.02.caprice.half.busy.toy.1080p.mp4,661916884,922.25635,,tf8480e1,"Dildo, Masturbation, Outdoors, Redhead, Shaved Pussy, Solo"
wowgirls.13.07.02.beata.the.pursuit.of.happiness.1080p.mp4,445677929,778.3793,,z31a45f2,"Finger Licking, Masturbation, Shaved Pussy, Solo"
wowgirls.13.07.01.zaya.harder.than.ever.1080p.mp4,1189178237,1435.5692,,r0814f82,"Brunette, Dildo, Masturbation, Shaved Pussy, Small Tits, Solo"
wowgirls.13.07.01.ivana.pleasing.my.kitty.720p.mp4,701134434,977.50226,,m04fdb63,"Anal, Finger Licking, Masturbation, Outdoors, Shaved Pussy, Small Tits, Solo, Toys"
wowgirls.13.07.01.denisa.heaven.going.deeper.than.before.1080p.mp4,819826452,1434.08,,k7e20717,"Blowjob, Cum On Face, Handjob, Hardcore, Lingerie, Redhead, Shaved Pussy"
wowgirls.13.06.30.margot.a.and.milagres.taste.my.muffin.1080p.mp4,835332990,1180.7462,,r23aedce,"Brunette, Lesbian, Masturbation, Pussy Licking, Shaved Pussy, Small Tits"
wowgirls.13.06.28.cindy.easy.cum.easy.go.1080p.mp4,730658329,1319.4026,,wb4d8a49,"Blonde, Blowjob, Hardcore, POV, Pussy Licking, Shaved Pussy, Small Tits"
wowgirls.13.06.28.anita.e.a.happy.day.begins.1080p.mp4,773728503,1048.84,,z3f30809,"Bathroom, Brunette, Oil and Cream, Shaved Pussy, Softcore, Solo"
wowgirls.13.06.27.grace.c.fantasies.are.inside.me.1080p.mp4,433409996,832.39996,,ua32939c,"Blonde, Dildo, Masturbation, Shaved Pussy, Solo"
wowgirls.13.06.27.anjelica.cum.with.me.1080p.mp4,835521874,1356.5219,,v4eb5c91,"Bathroom, Blowjob, Creampie, Handjob, Hardcore, POV, Pussy Licking, Shaved Pussy, Small Tits"
wowgirls.13.06.26.penelope.using.my.toy.again.1080p.mp4,778184544,1077.3446,,wc02652e,"Brunette, Dildo, Finger Licking, Masturbation, Shaved Pussy, Solo"
wowgirls.13.06.25.natasha.von.a.shameless.beauty.1080p.mp4,583735065,1056.3236,,r98221db,"Blonde, Dildo, Masturbation, Shaved Pussy, Solo"
wowgirls.13.06.25.eden.and.eufrat.totally.crazy.for.you.1080p.mp4,719880551,1029.4951,,p7510fdb,"Brunette, Lesbian, Masturbation, Pussy Licking, Shaved Pussy"
wowgirls.13.06.24.lauren.and.sandy.shining.kitties.1080p.mp4,487611645,1033.76,,m16e00e6,"Blonde, Brunette, Dildo, Lesbian, Masturbation, Pussy Licking, Shaved Pussy"
wowgirls.13.06.23.eveline.ass.fever.1080p.mp4,1056305162,1392.693,,n71a7f03,"Anal, Blowjob, Brunette, Hardcore, Masturbation, Pussy Licking"
wowgirls.13.06.22.kitty.jane.nail.me.as.hard.as.you.can.1080p.mp4,953629927,1538.0365,,o356e89e,"Blowjob, Brunette, Footjob, Hardcore, Pussy Licking, Shaved Pussy"
wowgirls.13.06.22.anjelica.toys.are.better.than.boys.1080p.mp4,855469020,1317.5846,,q42d2064,"Dildo, Masturbation, Shaved Pussy, Small Tits, Solo"
wowgirls.13.06.21.guerlain.a.dream.body.1080p.mp4,315357153,754.0426,,qb58419c,"Softcore, Solo, Sport and Fitness, Stockings"
wowgirls.13.06.21.cindy.once.before.bedtime.1080p.mp4,981678133,1100.6328,,ld290665,"Blonde, Blowjob, Handjob, Hardcore, MMF, Masturbation, Shaved Pussy, Small Tits, Threesome"
wowgirls.13.06.20.gloria.and.stephanie.a.day.to.remember.1080p.mp4,709286458,1128.7627,,u57f35ef,"Hairy Pussy, Lesbian, Masturbation, Pussy Licking, Shaved Pussy, Small Tits"
wowgirls.13.06.19.lauren.and.sandy.put.your.wet.tongue.in.1080p.mp4,752527692,1250.983,,ube8045a,"Blonde, Brunette, Lesbian, Lingerie, Masturbation, Pussy Licking, Shaved Pussy, Stockings, WowGirls Hottest"
wowgirls.13.06.19.cindy.orgasm.addict.1080p.mp4,623961037,1423.8574,,s17ab193,"Blonde, Dildo, Masturbation, Shaved Pussy, Small Tits, Solo"
wowgirls.13.06.18.bella.baby.size.matters.1080p.mp4,1066334725,1655.0533,,kbe696a3,"Blonde, Blowjob, Hardcore, Masturbation, POV, Shaved Pussy"
wowgirls.13.06.16.ariel.tickling.my.muffin.1080p.mp4,542659119,834.0666,,n313ce26,"Bathroom, Big Tits, Hairy Pussy, Lingerie, Masturbation, Redhead, Solo"
wowgirls.13.06.15.anjelica.a.lonely.stranger.1080p.mp4,1681173919,1059.1248,,k4e42009,"Blowjob, Cum In Mouth, Handjob, Hardcore, Outdoors, Shaved Pussy, Small Tits"
wowgirls.13.06.15.anita.e.looking.for.fun.1080p.mp4,681886085,951.619,,q91b4d73,"Brunette, Shaved Pussy, Softcore, Solo"
wowgirls.13.06.14.elly.this.belongs.to.me.1080p.mp4,550404646,1214.4149,,lc32c856,"Brunette, Dildo, Masturbation, Shaved Pussy, Solo"
wowgirls.13.06.13.barbie.my.private.entrance.1080p.mp4,519449161,894.4953,,xdb0c3fc,"Big Tits, Blonde, Masturbation, Shaved Pussy, Solo"
wowgirls.13.06.13.aprilia.dream.love.1080p.mp4,971709115,1339.8,,t54d1d7e,"Blonde, Footjob, Hardcore, Pantyhose, Shaved Pussy"
wowgirls.13.06.12.lorena.and.penelope.toys.are.a.girls.best.friend.1080p.mp4,855149251,1087.4197,,v4c462d5,"Bathroom, Blonde, Brunette, Dildo, Lesbian, Masturbation, Shaved Pussy"
wowgirls.13.06.11.lollypop.when.you.gotta.go.you.gotta.go.1080p.mp4,936678910,1472.8064,,u3c9b105,"Bathroom, Blowjob, Brunette, Handjob, Hardcore, Pee, Pussy Licking, Shaved Pussy, Small Tits"
wowgirls.13.06.10.nikita.all.neighbors.heard.it.1080p.mp4,843106133,1282.6163,,k8e6be2d,"Blowjob, Brunette, Hardcore, POV, Pussy Licking, Shaved Pussy"
wowgirls.13.06.10.beata.self.gratification.1080p.mp4,742613386,918.9197,,tde78cb9,"Anal, Dildo, Hairy Pussy, Masturbation, Outdoors, Solo"
wowgirls.13.06.10.barbie.sharing.my.passion.1080p.mp4,496112181,844.6104,,nf27f006,"Big Tits, Masturbation, Shaved Pussy, Solo"
wowgirls.13.06.09.anjelica.and.cindy.a.lucky.lucky.guy.1080p.mp4,1211967347,1840.839,,s2a4ab56,"69, Blonde, Blowjob, Cum On Face, FFM, Handjob, Hardcore, Masturbation, Pussy Licking, Shaved Pussy, Small Tits, Threesome"
wowgirls.13.06.08.sandy.fingers.and.one.pussy.1080p.mp4,348093736,830.0826,,wbca6ec5,"Blonde, Masturbation, Shaved Pussy, Solo"
wowgirls.13.06.08.anita.e.a.hot.afternoon.1080p.mp4,486658929,790.95856,,vb1bef4a,"Brunette, Shaved Pussy, Softcore, Solo, Stockings"
wowgirls.13.06.07.janee.a.dream.bath.1080p.mp4,416123286,802.7019,,xcf7cbc8,"Bathroom, Brunette, Masturbation, Oil and Cream, Pantyhose, Shaved Pussy, Small Tits, Solo"
wowgirls.13.06.07.gloria.a.sweet.dream.720p.mp4,403829928,909.5356,,w35aa66f,"Finger Licking, Shaved Pussy, Softcore, Solo"
wowgirls.13.06.06.victoria.sweet.you.are.my.treasure.1080p.mp4,746997139,1476.842,,uea61f6d,"Blowjob, Brunette, Footjob, Handjob, Hardcore, Masturbation, Pussy Licking, Shaved Pussy"
wowgirls.13.06.06.aimee.ryan.and.jennifer.more.than.just.friends.1080p.mp4,651704932,1196.0966,,la4481fb,"Brunette, Lesbian, Masturbation, Pussy Licking, Shaved Pussy, Small Tits"
wowgirls.13.06.04.victoria.dirty.romance.1080p.mp4,1122725655,1372.1041,,z316dae3,"Blowjob, Brunette, Cum On Face, Hardcore, Shaved Pussy, Small Tits"
wowgirls.13.06.03.janee.and.victoria.sweet.i.need.a.deep.massage.1080p.mp4,688354985,1305.1038,,u4f50edb,"Brunette, Lesbian, Masturbation, Oil and Cream, Shaved Pussy, Small Tits"
wowgirls.13.06.03.guerlain.missing.you.1080p.mp4,672531102,946.8476,,yda2343c,"Shaved Pussy, Softcore, Solo, Stockings"
wowgirls.13.06.02.sandy.and.whitney.just.the.two.of.us.1080p.mp4,1091626225,1512.4126,,v33d0b02,"Blonde, Lesbian, Masturbation, Pussy Licking, Shaved Pussy"
wowgirls.13.06.01.caprice.foxy.nymph.1080p.mp4,632917182,958.22394,,rc555185,"Dildo, Masturbation, Redhead, Shaved Pussy, Small Tits, Solo"
wowgirls.13.06.01.angela.serving.the.cervix.1080p.mp4,472432117,804.23846,,rf24a91b,"Brunette, Dildo, Masturbation, Outdoors, Shaved Pussy, Small Tits, Solo"
wowgirls.13.05.31.angel.p.horny.guy.gets.lucky.1080p.mp4,852460188,1343.1101,,mbc3c41c,"69, Blonde, Blowjob, Hardcore, Pussy Licking, Shaved Pussy"
wowgirls.13.05.30.anjelica.royal.treatment.1080p.mp4,1441464662,1743.2098,,r7781f02,"69, Blowjob, Handjob, Hardcore, Masturbation, Pussy Licking, Shaved Pussy, Small Tits, Stockings"
wowgirls.13.05.30.aimee.ryan.how.deep.is.your.love.1080p.mp4,847996987,1292.9249,,rd047aae,"Blowjob, Brunette, Hardcore, Shaved Pussy, Small Tits"
wowgirls.13.05.29.victoria.a.dream.brunette.1080p.mp4,715141258,868.6678,,wad5b0d2,"Brunette, Masturbation, Shaved Pussy, Small Tits, Solo"
wowgirls.13.05.28.monroe.not.only.fingers.1080p.mp4,698365438,1346.1798,,va171f1b,"Blonde, Dildo, Masturbation, Shaved Pussy, Solo"
wowgirls.13.05.27.nikol.two.for.the.price.of.one.1080p.mp4,832836154,1407.52,,o1a36197,"69, Big Tits, Blowjob, Brunette, Handjob, Hardcore, MMF, Pussy Licking, Shaved Pussy, Threesome"
wowgirls.13.05.27.nancey.catch.the.housemaid.1080p.mp4,873154980,1468.367,,n161889b,"Big Tits, Blonde, Blowjob, Hardcore, Pussy Licking, Shaved Pussy"
wowgirls.13.05.25.rady.a.meat.injection.for.rady.1080p.mp4,828700374,1295.9965,,m9d6b508,"Blonde, Blowjob, Hardcore, Masturbation, Pussy Licking, Shaved Pussy"
wowgirls.13.05.24.cindy.you.may.enter.1080p.mp4,699787752,1410.344,,uec332c1,"Blonde, Blowjob, Handjob, Hardcore, POV, Shaved Pussy, Small Tits"
wowgirls.13.05.23.britney.s.total.perfection.1080p.mp4,809695160,986.95435,,r56f18ae,"Finger Licking, Masturbation, Shaved Pussy, Solo"
wowgirls.13.05.22.jasmin.my.horny.secretary.1080p.mp4,608468107,1161.7606,,o82a6893,"Brunette, Dildo, Masturbation, Shaved Pussy, Small Tits, Solo"
wowgirls.13.05.22.izzy.delphine.awake.in.dreams.1080p.mp4,412472357,879.54706,,l9872d1f,"Blonde, Shaved Pussy, Small Tits, Softcore, Solo"
wowgirls.13.05.22.alexis.crystal.best.threesome.1080p.mp4,1045363700,1261.7272,,lbffc4d5,"Blowjob, Cum In Mouth, Handjob, Hardcore, MMF, Masturbation, Pantyhose, Shaved Pussy, Threesome"
wowgirls.13.05.21.ariel.with.ariel.in.wonderland.1080p.mp4,1097230426,1881.9625,,n55bbd50,"Big Tits, Dildo, Hairy Pussy, Masturbation, Outdoors, Pantyhose, Solo"
wowgirls.13.05.20.janee.interview.with.janee.1080p.mp4,460166787,744.4454,,n27c7287,"Brunette, Interview, Masturbation, Shaved Pussy, Small Tits, Solo"
wowgirls.13.05.19.iwia.penetration.into.the.wet.kingdom.1080p.mp4,874610812,1429.2628,,vbb2dde9,"Blowjob, Brunette, Creampie, Hardcore, Pussy Licking, Shaved Pussy, Small Tits"
wowgirls.13.05.19.denisa.heaven.and.janee.burning.lips.1080p.mp4,511784689,1036.4354,,r5f1000a,"Brunette, Lesbian, Masturbation, Pussy Licking, Redhead, Shaved Pussy, Small Tits"
wowgirls.13.05.19.aimee.ryan.and.cindy.share.the.delight.1080p.mp4,950073830,1567.4993,,w637281e,"Blonde, Blowjob, Brunette, FFM, Hardcore, Masturbation, Shaved Pussy, Small Tits, Threesome, WowGirls Hottest"
wowgirls.13.05.18.luiza.pink.pleasure.1080p.mp4,697483783,1051.8525,,sb87d248,"Brunette, Dildo, Masturbation, Shaved Pussy, Solo"
wowgirls.13.05.17.klara.toys.not.boys.1080p.mp4,905067753,1006.14014,,r4e7902c,"Anal, Dildo, Masturbation, Redhead, Shaved Pussy, Solo"
wowgirls.13.05.17.janee.and.nancey.be.my.coach.1080p.mp4,696847183,1315.6143,,vc96ff99,"Big Tits, Blonde, Brunette, Lesbian, Lingerie, Masturbation, Pussy Licking, Shaved Pussy, Small Tits"
wowgirls.13.05.16.irina.k.finished.for.today.1080p.mp4,538488139,1045.6797,,y2991cc6,"Masturbation, Shaved Pussy, Solo, Toys"
wowgirls.13.05.16.gloria.horny.loneliness.1080p.mp4,467965145,773.5745,,mfa0be55,"Masturbation, Outdoors, Solo"
wowgirls.13.05.15.melanie.b.and.stephanie.taste.my.tongue.1080p.mp4,1108611933,1139.772,,z11b6224,"Blonde, Brunette, Dildo, Lesbian, Masturbation, Pantyhose, Pussy Licking, Shaved Pussy, Small Tits"
wowgirls.13.05.15.aimee.ryan.lets.make.some.noise.1080p.mp4,862337744,1400.72,,n49e134c,"Blowjob, Brunette, Hardcore, MMF, Masturbation, Pussy Licking, Shaved Pussy, Small Tits, Threesome"
wowgirls.13.05.13.natasha.von.and.penelope.la.vie.en.rose.1080p.mp4,1185161625,1401.068,,v440f8ed,"Blonde, Brunette, Dildo, Lesbian, Masturbation, Pussy Licking, Shaved Pussy"
wowgirls.13.05.12.silvie.getting.wet.upstairs.1080p.mp4,920151641,1399.5648,,z0769f48,"Masturbation, Shaved Pussy, Solo"
wowgirls.13.05.12.nancey.please.be.gentle.1080p.mp4,811842001,1546.2781,,xce08ecb,"Big Tits, Blonde, Blowjob, Cum In Mouth, Hardcore, Pussy Licking, Shaved Pussy"
wowgirls.13.05.12.anjelica.a.slice.of.heaven.1080p.mp4,877320186,966.6674,,r78b6589,"Masturbation, Shaved Pussy, Small Tits, Solo, Toys"
wowgirls.13.05.10.cindy.behind.the.bathroom.door.1080p.mp4,1122938765,1555.7542,,xbf9f80d,"Bathroom, Blonde, Blowjob, Cum On Face, Hardcore, Shaved Pussy, Small Tits"
wowgirls.13.05.09.silvie.rising.desire.1080p.mp4,657562585,1160.3943,,ze736e48,"Masturbation, Shaved Pussy, Solo"
wowgirls.13.05.09.paula.shy.trash.my.ass.1080p.mp4,859544446,1733.9989,,pc4d2433,"Anal, Blowjob, Brunette, Hardcore, Pussy Licking, Shaved Pussy"
wowgirls.13.05.09.grace.c.hotter.than.the.sun.1080p.mp4,686993728,1100.3342,,nbffd152,"Blonde, Dildo, Masturbation, Shaved Pussy, Solo"
wowgirls.13.05.08.ivana.stuffing.my.dripping.720p.mp4,456278967,979.33563,,sc52f578,"Masturbation, Outdoors, Shaved Pussy, Small Tits, Solo"
wowgirls.13.05.08.eufrat.a.naughty.toy.1080p.mp4,510809754,869.80255,,l237b185,"Dildo, Masturbation, Shaved Pussy, Solo"
wowgirls.13.05.07.nancey.naughty.starlet.1080p.mp4,552626845,1080.3793,,t0fbd5a4,"Big Tits, Blonde, Masturbation, Shaved Pussy, Solo, Toys"
wowgirls.13.05.07.alexis.crystal.crossing.of.restrictions.1080p.mp4,836265941,1102.3029,,r7f13ca9,"Blowjob, Hardcore, Pussy Licking, Shaved Pussy, Stockings"
wowgirls.13.05.06.monroe.dreaming.of.me.1080p.mp4,486895041,800.735,,lb0968a9,"Blonde, Finger Licking, Masturbation, Shaved Pussy, Solo"
wowgirls.13.05.06.anita.e.who.needs.clothes.1080p.mp4,977559933,1143.4774,,l388a899,"Brunette, Shaved Pussy, Softcore, Solo, Stockings"
wowgirls.13.05.06.aimee.ryan.and.cindy.share.the.load.1080p.mp4,1387088198,1518.3502,,v23b299e,"Blonde, Blowjob, Brunette, FFM, Hardcore, Masturbation, Shaved Pussy, Small Tits, Threesome"
wowgirls.13.05.05.grace.c.blondes.have.all.the.fun.1080p.mp4,416403939,820.36255,,pd883638,"Blonde, Masturbation, Oil and Cream, Shaved Pussy, Solo"
wowgirls.13.05.05.angela.and.luiza.overwhelming.desire.1080p.mp4,863343609,1065.064,,xccd05ba,"Brunette, Lesbian, Masturbation, Outdoors, Pussy Licking, Shaved Pussy, Small Tits"
wowgirls.13.05.04.paula.shy.fun.before.breakfast.1080p.mp4,903650603,1437.5712,,we12bb6a,"69, Blowjob, Brunette, Hardcore, Pussy Licking, Shaved Pussy"
wowgirls.13.05.03.barbie.too.deep.too.hot.1080p.mp4,712216445,889.4903,,tc1250fb,"Big Tits, Blonde, Dildo, Masturbation, Shaved Pussy, Solo"
wowgirls.13.05.03.bailey.a.sandy.and.whitney.three.girls.and.one.bed.1080p.mp4,1246091465,1933.5316,,m619441a,"Blonde, Brunette, FFF+, Finger Licking, Lesbian, Masturbation, Pussy Licking, Shaved Pussy, Threesome"
wowgirls.13.05.02.mika.digging.for.pussyjuice.1080p.mp4,800688742,1212.8134,,y66611c6,"Masturbation, Shaved Pussy, Small Tits, Solo"
wowgirls.13.05.02.anjelica.shoot.your.load.1080p.mp4,432963256,1062.2612,,m1f41ad9,"Blowjob, Cum In Mouth, Cum On Face, Handjob, Hardcore, Lingerie, Masturbation, POV, Pussy Licking, Shaved Pussy, Small Tits, WowGirls Hottest"
wowgirls.13.04.30.gloria.a.burning.wish.1080p.mp4,454409834,1322.3228,,l950d03b,"Masturbation, Solo, Stockings"
wowgirls.13.04.30.anjelica.white.meat.for.anjelica.1080p.mp4,610261434,1223.7225,,z87f8bc2,"Blowjob, Cum On Face, Hardcore, Lingerie, POV, Pussy Licking, Shaved Pussy, Small Tits, Stockings"
wowgirls.13.04.29.madonna.juicy.lips.1080p.mp4,782406860,684.684,,wed4280a,"Blonde, Pantyhose, Shaved Pussy, Softcore, Solo"
wowgirls.13.04.29.iwia.and.nikita.pair.of.temptresses.1080p.mp4,691029752,1394.5615,,ufbf2a2e,"Brunette, Lesbian, Masturbation, Pussy Licking, Shaved Pussy, Small Tits"
wowgirls.13.04.28.janice.riding.is.healthy.1080p.mp4,658538255,1361.5626,,s9dbee66,"Blowjob, Hardcore, Pussy Licking, Redhead, Shaved Pussy"
wowgirls.13.04.27.lollypop.so.tight.and.horny.1080p.mp4,1162446634,1627.6277,,u2a2cfc6,"Blowjob, Brunette, Footjob, Hardcore, Pussy Licking, Shaved Pussy, Small Tits"
wowgirls.13.04.27.janee.and.nancey.a.close.encounter.1080p.mp4,555331362,1118.0503,,ucd2d62d,"Big Tits, Blonde, Brunette, Lesbian, Masturbation, Pussy Licking, Shaved Pussy, Small Tits"
wowgirls.13.04.27.gloria.daydream.1080p.mp4,714863065,1281.3134,,m5f07ede,"Masturbation, Pantyhose, Solo"
wowgirls.13.04.26.janee.hi.fi.girl.1080p.mp4,353603475,587.6221,,xc9517ff,"Brunette, Masturbation, Shaved Pussy, Small Tits, Solo, Sport and Fitness"
wowgirls.13.04.25.gaby.and.silvie.what.women.want.1080p.mp4,1153004987,1531.4983,,p5567890,"Brunette, Lesbian, Masturbation, Pantyhose, Pussy Licking, Shaved Pussy"
wowgirls.13.04.24.milagres.a.dream.strip.1080p.mp4,534752565,1172.4426,,nd719fbf,"Brunette, Shaved Pussy, Small Tits, Softcore, Solo, Stockings"
wowgirls.13.04.24.cindy.call.me.your.slut.1080p.mp4,1065456606,1692.8578,,kd30c4c2,"Blonde, Blowjob, Hardcore, Shaved Pussy, Small Tits, WowGirls Hottest"
wowgirls.13.04.24.aimee.ryan.too.much.delight.1080p.mp4,1009329965,1870.36,,z6646b09,"Blowjob, Brunette, Creampie, Hardcore, Pussy Licking, Shaved Pussy, Small Tits"
wowgirls.13.04.22.momoko.and.zoe.let.your.wings.unfold.1080p.mp4,813523856,1239.0712,,kfc4e988,"69, Brunette, Lesbian, Masturbation, Pussy Licking, Shaved Pussy, Small Tits, Stockings"
wowgirls.13.04.21.leila.eastern.treasure.1080p.mp4,903052726,1490.0219,,y954e0a1,"Brunette, Lingerie, Shaved Pussy, Softcore, Solo, Stockings"
wowgirls.13.04.21.janee.and.nancey.foot.fetish.girls.1080p.mp4,703845852,1268.9027,,l117bc1f,"Bathroom, Big Tits, Blonde, Brunette, Finger Licking, Footjob, Lesbian, Masturbation, Pussy Licking, Shaved Pussy, Small Tits"
wowgirls.13.04.21.connie.surf.my.pussy.1080p.mp4,794550803,1103.7043,,o58a9f3d,"Big Tits, Blowjob, Brunette, Hardcore, Masturbation, Pussy Licking, Shaved Pussy"
wowgirls.13.04.21.anjelica.reveal.your.fucking.skills.1080p.mp4,894091670,1212.1108,,x3c71144,"Blowjob, Cum In Mouth, Handjob, Hardcore, Masturbation, Pantyhose, Pussy Licking, Shaved Pussy, Small Tits"
wowgirls.13.04.19.virginie.i.love.my.pussy.1080p.mp4,651376294,1292.6581,,o71b60f7,"Shaved Pussy, Softcore, Solo"
wowgirls.13.04.19.margot.a.curly.haired.loneliness.1080p.mp4,678878692,1080.5812,,r3dc930d,"Brunette, Shaved Pussy, Softcore, Solo"
wowgirls.13.04.18.ivana.a.tight.hole.1080p.mp4,447372560,773.6026,,y5c8be99,"Dildo, Masturbation, Shaved Pussy, Small Tits, Solo"
wowgirls.13.04.17.lollypop.love.these.lips.1080p.mp4,602994327,1216.32,,m63c12f3,"Blowjob, Brunette, Handjob, Hardcore, Pussy Licking, Shaved Pussy, Small Tits"
wowgirls.13.04.17.eden.sudden.desire.1080p.mp4,443678671,665.1328,,q427991e,"Masturbation, Shaved Pussy, Solo"
wowgirls.13.04.17.aimee.ryan.and.nikol.awesome.threesome.1080p.mp4,1214304424,1876.32,,w6f935de,"69, Big Tits, Blowjob, Brunette, Cum On Face, FFM, Hardcore, Masturbation, Pussy Licking, Shaved Pussy, Small Tits, Threesome"
wowgirls.13.04.15.silvie.a.dream.pearl.1080p.mp4,587864569,1088.1537,,sba8ea1e,"Masturbation, Pantyhose, Shaved Pussy, Solo"
wowgirls.13.04.15.paula.shy.the.reason.i.came.1080p.mp4,1132754711,1647.913,,kb41c7d0,"69, Anal, Blowjob, Brunette, Finger Licking, Hardcore, Masturbation, Pussy Licking, Shaved Pussy"
wowgirls.13.04.15.gloria.fire.of.orgasm.1080p.mp4,564826713,936.70416,,w713d557,"Finger Licking, Masturbation, Solo, Stockings"
wowgirls.13.04.15.cindy.sex.is.her.mission.1080p.mp4,715491027,1394.7225,,z1129093,"Blonde, Blowjob, Hardcore, Pantyhose, Pussy Licking, Shaved Pussy, Small Tits"
wowgirls.13.04.14.anita.e.spring.feeling.1080p.mp4,116558937,269.52258,,l4369058,"Pantyhose, Private, Shaved Pussy, Softcore, Solo"
wowgirls.13.04.13.eufrat.and.nicca.lick.it.until.im.cumming.1080p.mp4,1165361471,1476.8104,,mc268f4f,"69, Brunette, Lesbian, Masturbation, Pussy Licking, Shaved Pussy"
wowgirls.13.04.13.bianca.pussy.petals.1080p.mp4,896223780,790.4897,,ydbce510,"Brunette, Masturbation, Oil and Cream, Outdoors, Shaved Pussy, Small Tits, Solo"
wowgirls.13.04.11.erica.warm.my.pussy.1080p.mp4,1032425362,1498.8307,,s0374df6,"Blowjob, Brunette, Cum In Mouth, Handjob, Hardcore, POV, Pussy Licking, Shaved Pussy, Small Tits"
wowgirls.13.04.11.denisa.heaven.and.milagres.lesbian.dreams.1080p.mp4,604233826,1202.3345,,k18d69eb,"69, Brunette, Lesbian, Masturbation, Pussy Licking, Redhead, Shaved Pussy"
wowgirls.13.04.10.adria.and.mia.welcome.to.my.room.1080p.mp4,1026728832,1165.7997,,kb165d17,"Big Tits, Brunette, Dildo, Lesbian, Masturbation, Pussy Licking, Shaved Pussy"
wowgirls.13.04.08.paula.shy.horny.fuck.1080p.mp4,769409427,1137.1027,,x9903c03,"Anal, Blowjob, Brunette, Cum On Face, Hardcore, Masturbation, Pussy Licking, Shaved Pussy, WowGirls Hottest"
wowgirls.13.04.08.nikol.take.me.gently.1080p.mp4,1095979227,2340.96,,wca61710,"Big Tits, Blowjob, Brunette, Hardcore, Pussy Licking, Shaved Pussy"
wowgirls.13.04.07.candice.luca.i.wish.someone.were.inside.me.1080p.mp4,323251628,882.80255,,k8d83d88,"Big Tits, Brunette, Masturbation, Shaved Pussy, Solo"
wowgirls.13.04.06.nancey.fucking.blondie.boobs.1080p.mp4,991079241,1812.8026,,q8b9e87e,"Big Tits, Blonde, Blowjob, Handjob, Hardcore, Pussy Licking, Shaved Pussy"
wowgirls.13.04.05.milagres.fuck.me.on.the.first.date.1080p.mp4,697698727,1169.6702,,wece714c,"Blowjob, Brunette, Hardcore, Shaved Pussy, Small Tits"
wowgirls.13.04.05.guerlain.a.top.player.1080p.mp4,774470227,975.7748,,udd7acbc,"Softcore, Solo"
wowgirls.13.04.04.eveline.an.insatiable.kitty.1080p.mp4,899182781,1322.2543,,w99ea0a4,"69, Blowjob, Brunette, Cum On Face, Footjob, Hardcore, Lingerie, Pussy Licking, Stockings"
wowgirls.13.04.03.iwia.i.believe.i.can.cum.1080p.mp4,848612423,1486.0863,,vb67de3c,"Brunette, Masturbation, Shaved Pussy, Small Tits, Solo"
wowgirls.13.04.02.eufrat.and.frida.c.kitties.getting.wet.1080p.mp4,397804984,639.67236,,re0413c1,"Brunette, Lesbian, Masturbation, Pussy Licking, Shaved Pussy, Stockings"
wowgirls.13.04.02.caprice.a.and.grace.c.playful.kittens.1080p.mp4,863879983,1623.4902,,k04796ae,"Blonde, Brunette, Lesbian, Masturbation, Pussy Licking, Shaved Pussy, Squirt"
wowgirls.13.03.31.anita.e.exposing.my.kitty.1080p.mp4,722272064,1081.2802,,t1963c91,"Shaved Pussy, Softcore, Solo"
wowgirls.13.03.30.anjelica.sex.lessons.for.a.princess.1080p.mp4,969847196,1258.7926,,uceb0fe8,"Blowjob, Handjob, Hardcore, Pussy Licking, Shaved Pussy, Small Tits, Stockings"
wowgirls.13.03.30.anjelica.assfucked.princess.1080p.mp4,1033694056,1534.5997,,wdbecbdf,"Anal, Blowjob, Hardcore, Masturbation, Pussy Licking, Shaved Pussy, Small Tits"
wowgirls.13.03.29.anita.e.a.dream.sweetheart.1080p.mp4,684949915,1243.0435,,t8807698,"Pantyhose, Redhead, Shaved Pussy, Softcore, Solo"
wowgirls.13.03.28.janice.taste.my.snatch.1080p.mp4,949207842,1195.1606,,sd240efc,"Blowjob, Handjob, Hardcore, Lingerie, Redhead, Shaved Pussy, Stockings"
wowgirls.13.03.28.bella.baby.because.there.is.no.wc.1080p.mp4,372105752,693.2943,,w491083d,"Blonde, Finger Licking, Masturbation, POV, Pee, Shaved Pussy, Solo"
wowgirls.13.03.27.gloria.gentle.fingers.1080p.mp4,761650903,1039.0731,,s4c1759c,"Bathroom, Masturbation, Solo"
wowgirls.13.03.27.eden.frida.c.and.katherine.not.need.a.fella.1080p.mp4,692561033,1166.3002,,u318d568,"Brunette, FFF+, Lesbian, Pussy Licking, Shaved Pussy, Threesome"
wowgirls.13.03.27.cindy.the.basic.necessities.1080p.mp4,757544657,1501.32,,le82c9f2,"69, Blonde, Blowjob, Hardcore, Pussy Licking, Shaved Pussy, Small Tits"
wowgirls.13.03.26.riley.reid.and.staci.fruity.cuties.1080p.mp4,773883691,1327.0758,,y7970a80,"Blonde, Dildo, Finger Licking, Lesbian, Masturbation, Pussy Licking, Shaved Pussy, Small Tits"
wowgirls.13.03.26.penelope.my.silent.friend.1080p.mp4,1191795601,1120.3876,,u9ba6a0b,"Brunette, Dildo, Masturbation, Shaved Pussy, Solo"
wowgirls.13.03.24.ivana.a.moment.of.delight.1080p.mp4,307655987,671.3226,,n1678528,"Dildo, Masturbation, Outdoors, Shaved Pussy, Small Tits, Solo"
wowgirls.13.03.24.cindy.i.scream.i.cum.1080p.mp4,790653034,1543.8425,,y996a3bf,"69, Blonde, Blowjob, Handjob, Hardcore, Pussy Licking, Shaved Pussy, Small Tits"
wowgirls.13.03.24.alexis.crystal.caprice.a.and.gaby.love.rectangle.1080p.mp4,869211426,1317.4828,,m68a3a86,"Brunette, FFF+, Lesbian, Masturbation, Pussy Licking, Shaved Pussy, Threesome, Toys"
wowgirls.13.03.23.zaya.stretching.my.ass.1080p.mp4,1321286874,1619.5513,,n8dc62dc,"Anal, Brunette, Dildo, Masturbation, Pantyhose, Shaved Pussy, Small Tits, Solo"
wowgirls.13.03.23.barbie.barbie.on.fire.1080p.mp4,458423464,818.6195,,sfd84624,"Big Tits, Blonde, Masturbation, Pantyhose, Shaved Pussy, Solo"
wowgirls.13.03.22.staci.cream.my.pretty.face.1080p.mp4,1030886464,1747.9128,,l1da415e,"Blonde, Blowjob, Cum On Face, Finger Licking, Hardcore, Pussy Licking, Shaved Pussy"
wowgirls.13.03.22.jasmin.dirty.story.1080p.mp4,760612001,1268.7025,,k501a777,"Brunette, Dildo, Masturbation, Shaved Pussy, Small Tits, Solo"
wowgirls.13.03.20.sandy.bored.nymph.1080p.mp4,861336936,1542.4026,,vb03b620,"Blonde, Blowjob, Creampie, Hardcore, Pussy Licking, Shaved Pussy"
wowgirls.13.03.20.connie.a.busty.takes.a.biggie.1080p.mp4,598159875,1205.64,,ve122899,"69, Big Tits, Blowjob, Hardcore, Oil and Cream, Pussy Licking, Shaved Pussy, WowGirls Hottest"
wowgirls.13.03.18.paula.shy.a.sultry.date.1080p.mp4,1028617199,1625.3237,,s6f87794,"Blowjob, Brunette, Handjob, Hardcore, Pussy Licking, Shaved Pussy"
wowgirls.13.03.18.melanie.b.sunbathe.of.untouched.lips.1080p.mp4,1053875889,1014.7821,,sefb2636,"Brunette, Dildo, Masturbation, Outdoors, Shaved Pussy, Solo"
wowgirls.13.03.18.anjelica.sunday.morning.1080p.mp4,475853984,902.1346,,r68ce642,"Masturbation, Shaved Pussy, Small Tits, Solo, Toys"
wowgirls.13.03.17.jasmin.long.and.strong.1080p.mp4,662412434,1113.1471,,y0b260fd,"Brunette, Dildo, Masturbation, Shaved Pussy, Small Tits, Solo"
wowgirls.13.03.16.cindy.and.silvie.sultry.lips.1080p.mp4,1067597453,1437.5712,,k5ed2b1d,"69, Blonde, Brunette, Lesbian, Masturbation, Pussy Licking, Shaved Pussy, Small Tits"
wowgirls.13.03.15.nikita.keep.it.deeper.1080p.mp4,1146192518,1435.2355,,qcb01ab6,"Blowjob, Brunette, Footjob, Hardcore, Pussy Licking, Shaved Pussy"
wowgirls.13.03.15.alyssa.and.kiera.its.so.juicy.1080p.mp4,797831995,1621.1195,,m60aa20a,"Blonde, Dildo, Lesbian, Lingerie, Masturbation, Pussy Licking, Shaved Pussy, Small Tits"
wowgirls.13.03.14.alexis.crystal.and.caprice.a.a.gentle.lick.1080p.mp4,651523534,1299.565,,y3c8c7de,"Brunette, Lesbian, Masturbation, Pantyhose, Pussy Licking, Shaved Pussy"
wowgirls.13.03.13.adria.lily.and.megana.triple.henparty.720p.mp4,620927059,1418.7689,,q5c83514,"Anal, Big Tits, Brunette, Dildo, FFF+, Lesbian, Masturbation, Outdoors, Pool, Pussy Licking, Shaved Pussy, Threesome"
wowgirls.13.03.12.stephanie.madam.allure.1080p.mp4,435185742,878.9464,,l402e33e,"Blonde, Finger Licking, Masturbation, Shaved Pussy, Small Tits, Solo, Stockings"
wowgirls.13.03.12.sandy.sandy.on.cock.1080p.mp4,736048043,1659.68,,o1a8ac88,"Blonde, Blowjob, Hardcore, Shaved Pussy"
wowgirls.13.03.11.aprilia.cock.obsessed.cutie.1080p.mp4,1169244666,1565.5657,,w381c0aa,"Blonde, Blowjob, Hardcore, Pussy Licking, Shaved Pussy, Small Tits"
wowgirls.13.03.11.alexis.crystal.a.deep.hole.1080p.mp4,968098280,1406.7386,,wf1e5f80,"Blowjob, Hardcore, Pussy Licking, Shaved Pussy"
wowgirls.13.03.09.leila.smith.and.nikita.sugar.clits.1080p.mp4,964198309,1655.3553,,p3dc0809,"Brunette, Finger Licking, Lesbian, Masturbation, Pussy Licking, Redhead, Shaved Pussy, Small Tits"
wowgirls.13.03.09.elisa.a.and.irina.k.let.me.please.you.1080p.mp4,628351482,1080.7463,,s800487b,"Big Tits, Blonde, Exclusive, Lesbian, Masturbation, Pussy Licking, Shaved Pussy"
wowgirls.13.03.08.lollypop.pound.it.1080p.mp4,800582697,1512.1774,,wc73fe22,"69, Blowjob, Brunette, Hardcore, Pussy Licking, Shaved Pussy, Small Tits"
wowgirls.13.03.08.guerlain.a.sultry.siesta.1080p.mp4,334324436,691.676,,n5adda55,"Outdoors, Softcore, Solo"
wowgirls.13.03.07.staci.a.striped.nymph.1080p.mp4,345194809,891.30707,,vb2062d2,"Blonde, Finger Licking, Masturbation, Shaved Pussy, Solo, Toys"
wowgirls.13.03.06.livia.cum.for.me.1080p.mp4,1018841140,1489.2228,,wb925bcb,"Blowjob, Brunette, Finger Licking, Handjob, Hardcore, Pussy Licking, Shaved Pussy, Small Tits"
wowgirls.13.03.06.caprice.a.and.gaby.teach.me.to.love.1080p.mp4,760997834,1343.0417,,y3458cb0,"Bathroom, Brunette, Lesbian, Masturbation, Pussy Licking, Shaved Pussy"
wowgirls.13.03.05.leila.smith.finger.pleasure.1080p.mp4,674304833,1132.1327,,o8cffabc,"Finger Licking, Masturbation, Redhead, Shaved Pussy, Small Tits, Solo"
wowgirls.13.03.04.sandy.a.whole.in.my.mouth.1080p.mp4,1002249176,1668.68,,t6bb9724,"Blonde, Blowjob, Hardcore, Shaved Pussy"
wowgirls.13.03.04.irina.k.taste.of.her.excitement.1080p.mp4,432071188,954.3217,,t8cde34b,"Finger Licking, Masturbation, Shaved Pussy, Solo"
wowgirls.13.03.03.paula.shy.let.me.ride.your.wood.1080p.mp4,691017613,1101.4688,,v64b7cf9,"Blowjob, Brunette, Hardcore, Pussy Licking, Shaved Pussy"
wowgirls.13.03.03.melanie.b.and.stephanie.girly.seduce.1080p.mp4,674725862,1041.2524,,p361bfd3,"Blonde, Brunette, Dildo, Lesbian, Masturbation, Pussy Licking, Shaved Pussy, Small Tits"
wowgirls.13.03.02.lauren.all.i.need.is.to.cum.1080p.mp4,380017457,997.8426,,xb73e2f0,"Brunette, Dildo, Masturbation, Shaved Pussy, Solo, Stockings"
wowgirls.13.03.01.kiera.american.star.1080p.mp4,608036770,1234.867,,q481b479,"Masturbation, Shaved Pussy, Small Tits, Solo"
wowgirls.13.02.28.janice.take.care.of.my.pussy.1080p.mp4,1524063381,1216.0569,,w9fbaee6,"60 Frames, Blowjob, Hardcore, Pussy Licking, RED, Redhead, Shaved Pussy"
wowgirls.13.02.27.gloria.colorful.panties.720p.mp4,359625754,903.9023,,ka91652f,"Finger Licking, Masturbation, Outdoors, Solo"
wowgirls.13.02.26.livia.hardcore.deluxe.1080p.mp4,610751437,1130.6628,,yed51929,"Blowjob, Brunette, Hardcore, Pussy Licking, Shaved Pussy, Small Tits, Stockings, WowGirls Hottest"
wowgirls.13.02.26.caprice.a.state.of.dildoing.1080p.mp4,536001562,719.9209,,r85299ce,"Dildo, Masturbation, Outdoors, Redhead, Shaved Pussy, Solo, Sport and Fitness"
wowgirls.13.02.25.guerlain.a.mysterious.fairy.1080p.mp4,490908662,634.0685,,ya6fa525,"Outdoors, Softcore, Solo"
wowgirls.13.02.24.nancey.a.tight.takes.a.thick.1080p.mp4,867006250,1812.56,,ta53bc22,"Big Tits, Blonde, Blowjob, Handjob, Hardcore, POV, Pussy Licking, Shaved Pussy"
wowgirls.13.02.24.lauren.seducing.myself.1080p.mp4,476955000,1016.4826,,l03732ed,"Brunette, Dildo, Masturbation, Shaved Pussy, Solo"
wowgirls.13.02.23.monroe.blonde.angel.1080p.mp4,865001194,1061.7607,,o37d63f8,"Blonde, Exclusive, Masturbation, Shaved Pussy, Solo, Stockings, WowGirls Hottest"
wowgirls.13.02.23.lollypop.a.fast.love.1080p.mp4,1116257129,1475.5758,,t64b68be,"Blowjob, Brunette, Hardcore, Pussy Licking, Shaved Pussy, Small Tits"
wowgirls.13.02.23.anjelica.and.zoe.share.your.delight.1080p.mp4,1129499441,1522.6544,,ta95e740,"Blowjob, Cum On Face, FFM, Finger Licking, Handjob, Hardcore, Pussy Licking, Shaved Pussy, Small Tits, Stockings, Threesome"
wowgirls.13.02.21.paula.shy.pleasing.my.sensitive.clit.1080p.mp4,449524480,916.38385,,se4bf8b3,"Brunette, Masturbation, Shaved Pussy, Solo"
wowgirls.13.02.20.paloma.and.rea.passions.fire.1080p.mp4,1131074529,1381.8805,,u2573ce1,"Blonde, Brunette, Dildo, Exclusive, Lesbian, Masturbation, Pussy Licking, Shaved Pussy, Stockings"
wowgirls.13.02.18.nancey.fucking.beauty.1080p.mp4,1204489578,2156.8,,t22efbe7,"Big Tits, Blonde, Blowjob, Cum On Face, Hardcore, POV, Pussy Licking, Shaved Pussy"
wowgirls.13.02.18.lauren.orgasm.obsessed.1080p.mp4,662407767,1080.8,,y196e3a2,"Brunette, Dildo, Masturbation, Shaved Pussy, Solo"
wowgirls.13.02.18.anita.e.carefree.lady.1080p.mp4,522081207,1018.8862,,y11f8eb4,"Brunette, Oil and Cream, Shaved Pussy, Softcore, Solo"
wowgirls.13.02.16.nikita.to.my.balls.1080p.mp4,998160997,1386.5184,,x276c86d,"69, Blowjob, Brunette, Hardcore, Pussy Licking, Shaved Pussy, WowGirls Hottest"
wowgirls.13.02.16.denisa.heaven.fuck.the.stranger.1080p.mp4,1010098460,1199.5,,q031e8c4,"Blowjob, Handjob, Hardcore, Outdoors, Pussy Licking, Redhead, Shaved Pussy"
wowgirls.13.02.15.lollypop.i.love.threesome.1080p.mp4,723802742,1310.676,,r5a32838,"Blowjob, Brunette, Handjob, Hardcore, MMF, Shaved Pussy, Small Tits, Threesome"
wowgirls.13.02.14.melanie.b.perfect.ass.examination.1080p.mp4,508816417,975.84326,,ve02c202,"Anal, Brunette, Dildo, Masturbation, Shaved Pussy, Solo"
wowgirls.13.02.14.guerlain.hot.hetaera.1080p.mp4,563151952,623.0241,,t187566a,"Softcore, Solo, Stockings"
wowgirls.13.02.14.eufrat.the.mirror.of.truth.1080p.mp4,414384778,918.55096,,na1538c4,"Dildo, Masturbation, Solo"
wowgirls.13.02.13.ivana.and.mika.horny.lickers.1080p.mp4,851122725,1358.1584,,xc8fc452,"Lesbian, Pussy Licking, Shaved Pussy, Small Tits"
wowgirls.13.02.13.anjelica.high.heels.temptress.1080p.mp4,1227211651,1262.0292,,pe8121c5,"Blowjob, Handjob, Hardcore, Pussy Licking, Shaved Pussy, Small Tits"
wowgirls.13.02.12.gloria.and.stephanie.love.on.reception.1080p.mp4,583018953,1166.2668,,pcda176d,"Blonde, Lesbian, Masturbation, Pussy Licking, Shaved Pussy, Small Tits"
wowgirls.13.02.12.connie.ill.give.myself.to.you.1080p.mp4,534109510,987.02106,,w6b1fc3e,"Big Tits, Dildo, Masturbation, Solo"
wowgirls.13.02.11.gloria.discover.my.pussy.1080p.mp4,624356225,884.35016,,v1775cfc,"Finger Licking, Masturbation, Pantyhose, Solo"
wowgirls.13.02.11.alyssa.cream.my.belly.1080p.mp4,871591021,1589.1292,,qb1e9720,"Blonde, Blowjob, Hardcore, Oil and Cream, Shaved Pussy"
wowgirls.13.02.10.puppy.pound.me.gently.1080p.mp4,704079917,1374.8425,,oa40b45f,"Blonde, Blowjob, Hardcore, Oil and Cream, Pussy Licking, Shaved Pussy, Small Tits"
wowgirls.13.02.09.melanie.b.and.stephanie.stretched.with.toy.1080p.mp4,1162869912,1120.6212,,k3a490d1,"Blonde, Brunette, Dildo, Lesbian, Masturbation, Outdoors, Pussy Licking, Shaved Pussy, Small Tits, Stockings"
wowgirls.13.02.08.natasha.von.come.again.1080p.mp4,712571526,1351.4751,,kcf26f5a,"Blonde, Blowjob, Cum On Face, Hardcore, Lingerie, Pussy Licking, Shaved Pussy"
wowgirls.13.02.07.cindy.a.surprise.guest.1080p.mp4,809223607,1465.6309,,ydac2a65,"Bathroom, Blonde, Blowjob, Handjob, Hardcore, Pussy Licking, Shaved Pussy, Small Tits"
wowgirls.13.02.06.monroe.interview.with.monroe.1080p.mp4,414501839,655.72345,,y610a9e2,"Blonde, Interview, Shaved Pussy, Softcore, Solo"
wowgirls.13.02.05.mia.sollis.redhead.in.the.mood.1080p.mp4,952645464,1610.4088,,qc2eadcf,"Big Tits, Redhead, Shaved Pussy, Softcore, Solo"
wowgirls.13.02.05.barbie.just.touch.is.your.dream.1080p.mp4,624146062,1222.2227,,rf1bf8a7,"Big Tits, Blonde, Dildo, Masturbation, Shaved Pussy, Solo, Stockings"
wowgirls.13.02.04.frida.c.wet.delights.1080p.mp4,385748112,721.28894,,lc8a4786,"Bathroom, Brunette, Masturbation, Oil and Cream, Pee, Solo"
wowgirls.13.02.04.denisa.heaven.foxy.cutie.1080p.mp4,921872411,1520.2854,,t510300d,"Blowjob, Hardcore, Redhead, Shaved Pussy"
wowgirls.13.02.03.mia.my.flexible.hole.720p.mp4,653326408,1530.169,,k3f2b8b3,"Anal, Brunette, Dildo, Masturbation, Outdoors, Shaved Pussy, Solo"
wowgirls.13.02.03.britney.s.kingdom.of.a.perfect.body.1080p.mp4,1154745287,1205.3391,,k9e011ce,"Masturbation, Shaved Pussy, Solo"
wowgirls.13.02.02.jasmin.cold.look.hot.pussy.1080p.mp4,610241137,1132.2996,,pd65dda8,"Brunette, Masturbation, Shaved Pussy, Small Tits, Solo"
wowgirls.13.02.02.adria.and.mia.strapon.addicts.1080p.mp4,1161706019,1272.1376,,nf15df7d,"Big Tits, Brunette, Lesbian, Masturbation, Pantyhose, Pussy Licking, Shaved Pussy, Toys"
wowgirls.13.02.01.natasha.von.and.penelope.in.a.perfect.mans.world.1080p.mp4,2048743090,2078.011,,s5db9c12,"Blonde, Blowjob, Brunette, FFM, Finger Licking, Handjob, Hardcore, IR, Masturbation, Oil and Cream, Pool, Pussy Licking, Shaved Pussy, Threesome"
wowgirls.13.02.01.janice.hardcore.action.1080p.mp4,916337712,1478.1768,,p273a47a,"Blowjob, Hardcore, Pantyhose, Pussy Licking, Redhead"
wowgirls.13.01.31.stephanie.a.breathtaking.story.1080p.mp4,935422061,933.2006,,r6646beb,"Blonde, Masturbation, Outdoors, Shaved Pussy, Small Tits, Solo"
wowgirls.13.01.30.beata.cream.my.mouth.1080p.mp4,892800558,1019.2516,,qca644b2,"Blowjob, Hairy Pussy, Handjob, Masturbation, Outdoors"
wowgirls.13.01.29.hanna.sexy.pig.tails.1080p.mp4,1020141658,1006.3737,,l21d5369,"Blowjob, Brunette, Cum On Face, Hardcore, Outdoors, Shaved Pussy"
wowgirls.13.01.28.melanie.b.orange.penetration.1080p.mp4,739747350,1136.6039,,zc1e9fb8,"Brunette, Dildo, Masturbation, Shaved Pussy, Solo"
wowgirls.13.01.28.lorena.and.natasha.von.lesbian.caresses.1080p.mp4,1105212918,1533.1316,,xd2f4c96,"Blonde, Dildo, Lesbian, Masturbation, Pussy Licking, Shaved Pussy"
wowgirls.13.01.28.gloria.and.stephanie.eat.my.clit.1080p.mp4,619665929,1029.4618,,x7ba5201,"Blonde, Lesbian, Lingerie, Masturbation, Pussy Licking, Shaved Pussy, Small Tits, Stockings"
wowgirls.13.01.28.gloria.a.rosy.clit.1080p.mp4,311291876,650.2513,,t46d8309,"Masturbation, Solo"
wowgirls.13.01.26.inez.can.not.hold.back.1080p.mp4,199003644,297.16522,,l565dfc8,"Big Tits, Brunette, Outdoors, Pee, Private, Shaved Pussy, Softcore, Solo"
wowgirls.13.01.25.ariel.exotic.cocos.1080p.mp4,693309236,1226.3251,,x6ccffe3,"Big Tits, Masturbation, Redhead, Solo"
wowgirls.13.01.24.eveline.take.care.of.my.ass.1080p.mp4,981357495,1466.465,,m5460f8f,"Anal, Brunette, Creampie, Hardcore, Pussy Licking"
wowgirls.13.01.24.ella.and.momoko.blonde.vs.brunette.1080p.mp4,1223247203,1435.8695,,m4ae4a91,"Blonde, Brunette, Dildo, Lesbian, Masturbation, Pussy Licking, Shaved Pussy, Small Tits, Stockings"
wowgirls.13.01.23.luiza.make.me.squirt.1080p.mp4,863372515,968.2673,,z65db671,"Blowjob, Brunette, Hardcore, Outdoors, Shaved Pussy, Squirt"
wowgirls.13.01.22.irina.k.pink.beauty.1080p.mp4,516378284,855.79,,nf505773,"Masturbation, Shaved Pussy, Solo"
wowgirls.13.01.21.melanie.b.and.stephanie.lets.imprint.our.passion.1080p.mp4,823915816,1079.5469,,qd42f000,"Blonde, Brunette, Lesbian, Masturbation, Pussy Licking, Shaved Pussy, Small Tits"
wowgirls.13.01.21.lorena.and.penelope.a.shadow.play.1080p.mp4,790322206,1150.5255,,u80beace,"69, Blonde, Brunette, Dildo, Lesbian, Masturbation, Shaved Pussy"
wowgirls.13.01.20.denisa.heaven.let.me.ride.your.cock.1080p.mp4,982031380,1330.3958,,wc519c3c,"Blowjob, Cum On Face, Handjob, Hardcore, Pussy Licking, Redhead, Shaved Pussy"
wowgirls.13.01.18.jasmin.cumming.hard.1080p.mp4,1018205307,1084.9059,,y3e47aaa,"Brunette, Dildo, Lingerie, Masturbation, Shaved Pussy, Small Tits, Solo"
wowgirls.13.01.18.gloria.pleasure.island.1080p.mp4,1008521895,1323.9576,,kdf018d4,"Masturbation, Outdoors, Solo, Stockings"
wowgirls.13.01.18.anjelica.passion.on.the.bed.1080p.mp4,559489638,952.82025,,m81ba87a,"Masturbation, Shaved Pussy, Small Tits, Solo, Stockings"
wowgirls.13.01.17.janice.my.finger.makes.me.cum.1080p.mp4,1063607564,1375.0087,,p2eeeea6,"Masturbation, Redhead, Solo"
wowgirls.13.01.16.stephanie.and.ulyana.gentle.fingers.1080p.mp4,626043874,1099.667,,nc2db812,"Blonde, Lesbian, Masturbation, Pussy Licking, Shaved Pussy, Small Tits"
wowgirls.13.01.16.margot.a.and.milagres.is.it.juicy.enough.1080p.mp4,663162596,1225.3574,,n61150ed,"Brunette, Lesbian, Masturbation, Pussy Licking, Shaved Pussy, Small Tits"
wowgirls.13.01.15.klara.double.delight.1080p.mp4,1373538980,1323.0884,,l77a0628,"Anal, Blowjob, Cum On Face, Deepthroat, Hardcore, MMF, Redhead, Rimming, Shaved Pussy, Threesome, WowGirls Hottest"
wowgirls.13.01.15.guerlain.irresistible.charm.1080p.mp4,590743620,979.28,,n60a1e90,"Shaved Pussy, Softcore, Solo"
wowgirls.13.01.14.zaya.big.black.friend.1080p.mp4,952839081,1019.9206,,td5ac3e5,"Blowjob, Brunette, Cum In Mouth, Hardcore, IR, Pussy Licking, Shaved Pussy, Small Tits, Stockings"
wowgirls.13.01.14.anjelica.leggy.queen.1080p.mp4,815302117,1334.6,,m7eafd50,"Blowjob, Cum On Face, Hardcore, Pussy Licking, Shaved Pussy, Small Tits"
wowgirls.13.01.12.ivana.and.mika.taste.it.1080p.mp4,680158521,985.1508,,xd7159b1,"Lesbian, Masturbation, Pussy Licking, Shaved Pussy, Small Tits"
wowgirls.13.01.12.guerlain.and.madonna.gentle.touch.1080p.mp4,793581447,985.6639,,w9177be2,"Blonde, Exclusive, Lesbian, Lingerie, Shaved Pussy, Softcore, WowGirls Hottest"
wowgirls.13.01.12.bianca.tight.backdoor.1080p.mp4,459978207,804.33856,,u8ef6a54,"Anal, Dildo, Masturbation, Shaved Pussy, Small Tits, Solo"
wowgirls.13.01.11.denisa.heaven.too.big.for.her.1080p.mp4,611138768,1098.7327,,waebfbdf,"Dildo, Masturbation, Redhead, Shaved Pussy, Solo"
wowgirls.13.01.10.monroe.an.exotic.blonde.1080p.mp4,703631275,555.6234,,z471c0bd,"Blonde, Outdoors, Shaved Pussy, Softcore, Solo"
wowgirls.13.01.09.alexis.crystal.and.milagres.secret.room.of.love.1080p.mp4,623339846,1256.6025,,yf030e8b,"Brunette, Lesbian, Masturbation, Pussy Licking, Shaved Pussy, Small Tits"
wowgirls.13.01.08.gloria.a.sensual.sweetheart.1080p.mp4,439249118,788.55615,,ua287c53,"Masturbation, Solo"
wowgirls.13.01.07.alexis.crystal.deeper.means.better.1080p.mp4,649688540,1297.2826,,lcc1ebde,"Blowjob, Cum In Mouth, Hardcore, Pussy Licking, Shaved Pussy"
wowgirls.13.01.06.jasmin.skinny.action.1080p.mp4,818120222,1213.414,,na631c84,"Brunette, Dildo, Masturbation, Shaved Pussy, Small Tits, Solo"
wowgirls.13.01.06.aprilia.sex.on.the.first.date.1080p.mp4,1216083121,1343.1752,,y5ed3869,"Blonde, Blowjob, Cum In Mouth, Hardcore, Shaved Pussy"
wowgirls.13.01.05.paula.shy.i.like.it.hard.1080p.mp4,733986681,1027.9603,,ufbfdafb,"Blowjob, Brunette, Hardcore, Pussy Licking, Shaved Pussy"
wowgirls.13.01.05.barbie.silk.babe.1080p.mp4,653780558,1105.7063,,zb633032,"Big Tits, Blonde, Masturbation, Shaved Pussy, Solo"
wowgirls.13.01.04.alyona.spreading.it.wide.1080p.mp4,562383206,789.6906,,n0088d6b,"Blonde, Masturbation, Outdoors, Shaved Pussy, Solo"
wowgirls.13.01.03.melanie.b.and.stephanie.you.make.me.feel.so.sweet.1080p.mp4,899488298,1105.9048,,m7ab09ef,"69, Blonde, Brunette, Dildo, Lesbian, Masturbation, Pussy Licking, Shaved Pussy, Small Tits"
wowgirls.13.01.01.nikita.eager.honey.1080p.mp4,528768616,1246.16,,s79b39c5,"Brunette, Lingerie, Masturbation, Shaved Pussy, Solo, Toys"
wowgirls.13.01.01.natasha.von.deep.delight.1080p.mp4,501460245,867.30145,,m8ae3a91,"Blonde, Dildo, Finger Licking, Masturbation, Shaved Pussy, Solo"
wowgirls.12.12.31.ivana.and.mika.lesbian.walk.1080p.mp4,954036126,1142.682,,u1aee79a,"Lesbian, Outdoors, Pussy Licking, Shaved Pussy, Small Tits"
wowgirls.12.12.31.guerlain.sunset.delight.1080p.mp4,569825455,767.2015,,ka482fba,"Outdoors, Softcore, Solo"
wowgirls.12.12.31.anjelica.and.ella.an.unexpected.visit.1080p.mp4,1555768305,1828.1947,,ra479b14,"Blonde, Blowjob, FFM, Handjob, Hardcore, Pussy Licking, Shaved Pussy, Small Tits, Threesome"
wowgirls.12.12.30.gloria.butterfly.panties.1080p.mp4,540431428,903.9047,,lab51e37,"Masturbation, Solo"
wowgirls.12.12.30.dream.july.fiery.blonde.1080p.mp4,796733585,1024.0247,,o9ce0e34,"Anal, Big Tits, Blonde, Dildo, Masturbation, Outdoors, Shaved Pussy, Solo"
wowgirls.12.12.30.candice.luca.beyond.your.dreams.1080p.mp4,486891347,1061.36,,p3555e8e,"Big Tits, Brunette, Shaved Pussy, Softcore, Solo"
wowgirls.12.12.29.gloria.hottest.day.1080p.mp4,317466927,661.211,,q2851384,"Masturbation, Solo"
wowgirls.12.12.29.gloria.and.stephanie.lick.my.petals.1080p.mp4,927694341,1347.2142,,t2852004,"69, Blonde, Lesbian, Masturbation, Pussy Licking, Shaved Pussy, Small Tits, Stockings"
wowgirls.12.12.28.stephanie.sunset.orgasm.1080p.mp4,424370421,879.13,,re9e71fb,"Blonde, Dildo, Masturbation, Outdoors, Shaved Pussy, Small Tits, Solo"
wowgirls.12.12.28.lollypop.girl.which.bang.1080p.mp4,2708288038,1736.0974,,r149a73f,"60 Frames, 69, Blowjob, Brunette, Hardcore, Masturbation, Outdoors, Pussy Licking, RED, Shaved Pussy, Small Tits, WowGirls Hottest"
wowgirls.12.12.27.cindy.make.me.cum.hard.1080p.mp4,1093836923,1541.54,,xe38bb1a,"Blonde, Blowjob, Hardcore, Pussy Licking, Shaved Pussy, Small Tits"
wowgirls.12.12.25.ivana.and.mika.dont.forget.me.1080p.mp4,679129198,1057.7234,,kb89b263,"Lesbian, Masturbation, Pussy Licking, Shaved Pussy, Small Tits"
wowgirls.12.12.25.irina.k.primary.pleasure.1080p.mp4,504770853,1045.757,,l02ebb82,"Finger Licking, Masturbation, Shaved Pussy, Solo, Stockings"
wowgirls.12.12.24.klara.and.paloma.stuff.my.ass.1080p.mp4,757311972,1568.3684,,z44e8929,"69, Anal, Brunette, Dildo, Lesbian, Masturbation, Pussy Licking, Redhead, Shaved Pussy"
wowgirls.12.12.23.eufrat.and.janice.eufrat.enjoys.girls.1080p.mp4,437859816,907.11,,pfb37b84,"Brunette, Dildo, Lesbian, Masturbation, Pussy Licking, Redhead, Shaved Pussy, Stockings"
wowgirls.12.12.22.angela.no.quarter.to.my.ass.1080p.mp4,1438655310,1382.3159,,nff68c0a,"Anal, Brunette, Dildo, Masturbation, Oil and Cream, Outdoors, Shaved Pussy, Small Tits, Solo"
wowgirls.12.12.21.natasha.von.burn.my.pussy.1080p.mp4,1085607571,1207.875,,z96e859c,"Blonde, Blowjob, Cum In Mouth, Hardcore, Shaved Pussy"
wowgirls.12.12.20.zaya.be.my.prince.1080p.mp4,1408401327,1623.7238,,n326e0de,"Blowjob, Brunette, Cum On Face, Hardcore, IR, Pussy Licking, Shaved Pussy, Small Tits"
wowgirls.12.12.20.penelope.penelope.likes.it.big.1080p.mp4,1364453411,1507.9271,,y239b6de,"Blowjob, Brunette, Cum On Face, Finger Licking, Hardcore, IR, Lingerie, Pussy Licking, Shaved Pussy, WowGirls Hottest"
wowgirls.12.12.19.dakota.and.mia.girls.make.love.720p.mp4,721760114,1076.069,,z32be8c1,"Blonde, Brunette, Lesbian, Masturbation, Outdoors, Pussy Licking, Shaved Pussy"
wowgirls.12.12.18.melanie.b.and.stephanie.a.lesbian.morning.1080p.mp4,673345414,1067.9352,,z9709ed9,"Blonde, Brunette, Lesbian, Masturbation, Pussy Licking, Shaved Pussy, Small Tits"
wowgirls.12.12.18.iwia.and.nikita.lick.me.gently.1080p.mp4,916244149,1549.8817,,s20a5461,"Brunette, Lesbian, Masturbation, Pussy Licking, Shaved Pussy, Small Tits"
wowgirls.12.12.18.grace.c.too.deep.1080p.mp4,344728323,766.56,,y488cff1,"Blonde, Dildo, Masturbation, Shaved Pussy, Solo, Stockings, WowGirls Hottest"
wowgirls.12.12.18.gloria.just.leave.your.hat.on.1080p.mp4,447136780,946.6474,,xcd43358,"Finger Licking, Masturbation, Pantyhose, Shaved Pussy, Solo"
wowgirls.12.12.17.britney.s.and.momoko.nasty.lickers.1080p.mp4,1177629580,1625.838,,m4fe949e,"69, Brunette, Dildo, Exclusive, Lesbian, Masturbation, Pussy Licking, Shaved Pussy, Small Tits, WowGirls Hottest"
wowgirls.12.12.17.anjelica.touch.me.hot.1080p.mp4,341227861,939.0426,,xf2e8dfa,"Masturbation, Shaved Pussy, Small Tits, Solo"
wowgirls.12.12.16.penelope.big.fun.1080p.mp4,657330984,1146.6805,,yea927d8,"Brunette, Dildo, Masturbation, Shaved Pussy, Solo"
wowgirls.12.12.15.lindsey.a.desirable.ass.1080p.mp4,1010115694,1411.1115,,n7f9714b,"Anal, Blowjob, Brunette, Finger Licking, Hardcore, Shaved Pussy"
wowgirls.12.12.15.dream.july.by.love.bewitched.1080p.mp4,817145050,1049.5485,,vbe5e459,"Big Tits, Blonde, Finger Licking, Masturbation, Shaved Pussy, Solo"
wowgirls.12.12.15.anjelica.hardcore.tricks.1080p.mp4,839875178,1560.409,,k91d957e,"Blowjob, Handjob, Hardcore, Lingerie, Pussy Licking, Shaved Pussy, Small Tits, Stockings"
wowgirls.12.12.14.melanie.b.seduced.by.herself.1080p.mp4,456544164,826.761,,u341e526,"Anal, Brunette, Finger Licking, Masturbation, Shaved Pussy, Solo"
wowgirls.12.12.14.cindy.i.want.to.get.laid.1080p.mp4,1147146177,1701.6333,,n0bdd74d,"Blonde, Blowjob, Hardcore, MMF, Pussy Licking, Shaved Pussy, Small Tits, Threesome"
wowgirls.12.12.13.dream.july.screaming.orgasm.1080p.mp4,589995581,793.92816,,vc82a914,"Big Tits, Blonde, Finger Licking, Masturbation, Shaved Pussy, Solo"
wowgirls.12.12.13.connie.curvy.beauty.1080p.mp4,680976602,965.43115,,z5311595,"Bathroom, Big Tits, Dildo, Masturbation, Solo"
wowgirls.12.12.12.lorena.and.penelope.lesbian.sweethearts.1080p.mp4,990739909,1427.361,,va4904d1,"Blonde, Brunette, Dildo, Lesbian, Masturbation, Pussy Licking, Shaved Pussy"
wowgirls.12.12.11.mia.balls.deep.1080p.mp4,1263317068,1224.3186,,m132495b,"Blowjob, Brunette, Finger Licking, Handjob, Hardcore, Shaved Pussy, Stockings"
wowgirls.12.12.11.lorena.and.penelope.please.my.muffin.1080p.mp4,993653857,1543.909,,r0e6cc0a,"Bathroom, Blonde, Brunette, Dildo, Lesbian, Lingerie, Masturbation, Pussy Licking, Shaved Pussy"
wowgirls.12.12.10.gloria.im.too.horny.today.1080p.mp4,603925030,966.03345,,w98cbb05,"Masturbation, Solo"
wowgirls.12.12.09.jasmin.alone.in.the.night.1080p.mp4,827161534,1069.8372,,s1ac177a,"Brunette, Dildo, Masturbation, Shaved Pussy, Small Tits, Solo"
wowgirls.12.12.09.britney.s.help.me.to.cum.1080p.mp4,703275165,1108.1754,,v205ab66,"Finger Licking, Masturbation, Shaved Pussy, Solo"
wowgirls.12.12.08.anjelica.and.natasha.von.love.is.for.two.1080p.mp4,1289296624,1620.8225,,n8fcb22f,"Blonde, Dildo, Lesbian, Lingerie, Masturbation, Pussy Licking, Shaved Pussy, Small Tits, WowGirls Hottest"
wowgirls.12.12.07.iwia.the.best.first.date.1080p.mp4,1430259416,2050.2148,,m5f08e6e,"69, Blowjob, Brunette, Hardcore, Pussy Licking, Shaved Pussy, Small Tits"
wowgirls.12.12.07.candice.luca.strip.fitness.master.class.1080p.mp4,573334592,1187.259,,y0861f3d,"Big Tits, Brunette, Masturbation, Pantyhose, Shaved Pussy, Solo, Sport and Fitness"
wowgirls.12.12.06.guerlain.and.madonna.you.make.me.breathe.1080p.mp4,750232611,1553.531,,nb656f5a,"Blonde, Lesbian, Outdoors, Shaved Pussy, Softcore"
wowgirls.12.12.05.guerlain.refreshing.my.hot.body.1080p.mp4,1551709476,920.4195,,y80ebf66,"Outdoors, Softcore, Solo"
wowgirls.12.12.04.jasmin.toy.hungry.1080p.mp4,676455222,1400.372,,tc23b575,"Brunette, Dildo, Masturbation, Shaved Pussy, Small Tits, Solo"
wowgirls.12.12.03.gloria.stroking.my.muffin.1080p.mp4,452876801,941.221,,l0a4546f,"Masturbation, Outdoors, Solo"
wowgirls.12.12.03.bianca.bikini.queen.1080p.mp4,582209720,1205.7891,,yd5128b8,"Anal, Brunette, Dildo, Masturbation, Outdoors, Pool, Shaved Pussy, Small Tits, Solo"
wowgirls.12.12.03.anjelica.mustown.girl.1080p.mp4,927347994,1774.6315,,ua534b12,"Anal, Blowjob, Handjob, Hardcore, Pussy Licking, Shaved Pussy, Small Tits, WowGirls Hottest"
wowgirls.12.12.02.connie.boobs.seduction.1080p.mp4,1168193092,1633.8656,,lc31da5a,"Big Tits, Blowjob, Creampie, Hardcore, Lingerie, Pussy Licking"
wowgirls.12.12.02.barbie.delirium.girl.1080p.mp4,525834235,1180.5127,,k95d5d67,"Big Tits, Masturbation, Shaved Pussy, Solo"
wowgirls.12.12.02.anjelica.you.belong.to.me.1080p.mp4,874852477,1810.878,,n8df0add,"69, Blowjob, Cum In Mouth, Hardcore, Pussy Licking, Shaved Pussy, Small Tits"
wowgirls.12.12.01.zoe.zoe.likes.it.hard.1080p.mp4,720903944,1493.832,,mc0c5ccb,"Blowjob, Creampie, Hardcore, IR, Pussy Licking, Rimming, Shaved Pussy, Small Tits"
wowgirls.12.11.30.elisa.a.and.irina.k.a.lesbian.kiss.1080p.mp4,518074133,1072.506,,q21f89b1,"Blonde, Lesbian, Masturbation, Shaved Pussy"
wowgirls.12.11.30.eden.and.frida.c.two.curious.girls.1080p.mp4,918057289,1414.4435,,td03b3d4,"Brunette, Hairy Pussy, Lesbian, Masturbation, Pussy Licking, Shaved Pussy"
wowgirls.12.11.29.guerlain.and.madonna.in.the.heart.of.passion.1080p.mp4,559302639,1158.002,,seea37bb,"Blonde, Lesbian, Outdoors, Pool, Shaved Pussy, Softcore"
wowgirls.12.11.29.grace.c.and.nikita.the.day.we.met.each.other.1080p.mp4,942474641,1956.165,,o66bfec3,"69, Blonde, Brunette, Lesbian, Masturbation, Pussy Licking, Shaved Pussy"
wowgirls.12.11.28.zoe.a.holiday.romance.1080p.mp4,1014271199,1348.0809,,oe53cf6f,"Blowjob, Cum In Mouth, Exclusive, Footjob, Hardcore, IR, Pussy Licking, Shaved Pussy, Small Tits, WowGirls Hottest"
wowgirls.12.11.28.monroe.cute.and.charming.1080p.mp4,649898596,1295.6627,,v55181cc,"Blonde, Masturbation, Shaved Pussy, Solo"
wowgirls.12.11.28.gloria.and.stephanie.let.me.taste.it.1080p.mp4,585309622,1212.732,,t1f1b3cb,"Bathroom, Hairy Pussy, Lesbian, Masturbation, Oil and Cream, Pussy Licking, Shaved Pussy, Small Tits"
wowgirls.12.11.27.cindy.and.silvie.perfect.pussy.surfers.1080p.mp4,948336312,1533.2317,,t5c71ac9,"Blonde, Brunette, Lesbian, Masturbation, Pussy Licking, Shaved Pussy, Small Tits"
wowgirls.12.11.26.madonna.wet.girl.game.1080p.mp4,809644844,703.8698,,y4349ed1,"Blonde, Outdoors, Shaved Pussy, Softcore, Solo"
wowgirls.12.11.25.monroe.discovering.a.new.world.1080p.mp4,558154247,1155.866,,z940c764,"Blonde, Masturbation, Shaved Pussy, Solo, Toys"
wowgirls.12.11.24.anjelica.enjoy.my.pussy.1080p.mp4,818962319,1282.9484,,w31b8854,"Blowjob, Hardcore, Pussy Licking, Shaved Pussy, Small Tits"
wowgirls.12.11.23.stephanie.slide.it.in.my.pussy.1080p.mp4,1588812688,1494.795,,ubc56130,"Blonde, Blowjob, Hardcore, Masturbation, Outdoors, Shaved Pussy, Small Tits"
wowgirls.12.11.23.gloria.and.stephanie.introduce.your.pussy.to.me.1080p.mp4,698132629,1051.7507,,q003a9ab,"Blonde, Exclusive, Lesbian, Masturbation, Pussy Licking, Shaved Pussy, Small Tits, WowGirls Hottest"
wowgirls.12.11.22.inez.start.your.day.right.1080p.mp4,1457154102,1547.9814,,z8d4b635,"Big Tits, Brunette, Dildo, Masturbation, Shaved Pussy, Solo"
wowgirls.12.11.21.melanie.b.and.stephanie.sharing.our.best.toy.1080p.mp4,1308393716,1224.525,,w10612bb,"Blonde, Brunette, Dildo, Lesbian, Masturbation, Outdoors, Pool, Pussy Licking, Shaved Pussy, Small Tits"
wowgirls.12.11.21.adria.riding.my.favourite.one.1080p.mp4,1131400797,1492.8914,,o0d9e527,"Big Tits, Brunette, Dildo, Masturbation, Shaved Pussy, Solo"
wowgirls.12.11.19.momoko.too.big.and.too.tight.1080p.mp4,1067842726,1410.8761,,pa50fd83,"69, Blowjob, Brunette, Creampie, Hardcore, IR, Pussy Licking, Shaved Pussy, Small Tits, Stockings, WowGirls Hottest"
wowgirls.12.11.19.bianca.i.love.my.dildo.1080p.mp4,445218094,922.296,,w4550a9b,"Brunette, Dildo, Masturbation, Outdoors, Pantyhose, Shaved Pussy, Small Tits, Solo"
wowgirls.12.11.18.lollypop.fuck.fantastic.girl.1080p.mp4,582522400,1205.719,,z671dde6,"Blowjob, Brunette, Handjob, Hardcore, Pussy Licking, Shaved Pussy, Small Tits"
wowgirls.12.11.18.eveline.a.taste.of.desire.1080p.mp4,692312986,1072.0376,,x15292f6,"69, Blowjob, Brunette, Footjob, Hardcore, Pussy Licking"
wowgirls.12.11.17.irina.k.a.mellow.girl.1080p.mp4,710841259,1143.2421,,qbfc8fee,"Masturbation, Pantyhose, Shaved Pussy, Solo"
wowgirls.12.11.17.angela.and.lindsey.i.want.it.in.my.ass.1080p.mp4,1418686267,1520.5208,,l7240606,"Anal, Brunette, Dildo, Lesbian, Masturbation, Outdoors, Pussy Licking, Shaved Pussy, Small Tits"
wowgirls.12.11.16.gloria.blameless.angel.1080p.mp4,468390588,970.408,,rcad509c,"Masturbation, Solo"
wowgirls.12.11.15.melanie.b.and.stephanie.state.of.the.art.massage.1080p.mp4,916551224,1127.77,,t7e5d3a7,"Blonde, Brunette, Dildo, Finger Licking, Lesbian, Masturbation, Outdoors, Pussy Licking, Shaved Pussy, Small Tits"
wowgirls.12.11.13.paloma.a.close.acquaintance.1080p.mp4,1483815218,1528.8715,,pcd4c688,"Blowjob, Brunette, Exclusive, Finger Licking, Hardcore, Pussy Licking, Shaved Pussy"
wowgirls.12.11.13.iwia.explore.my.gspot.1080p.mp4,842660867,1679.8782,,m320ad8e,"Blowjob, Brunette, Hardcore, Pussy Licking, Shaved Pussy, Small Tits"
wowgirls.12.11.12.dakota.and.mia.strapon.delight.1080p.mp4,619323960,1282.7161,,n16e890f,"Blonde, Brunette, Lesbian, Masturbation, Outdoors, Pussy Licking, Shaved Pussy, Toys"
wowgirls.12.11.11.monroe.blondie.belly.dancer.1080p.mp4,351738869,477.797,,w69d8c1e,"Blonde, Dance, Exclusive, Outdoors, Shaved Pussy, Softcore, Solo"
wowgirls.12.11.11.jasmin.sultry.jasmin.1080p.mp4,417658695,878.898,,r9a82b26,"Brunette, Shaved Pussy, Softcore, Solo"
wowgirls.12.11.10.gloria.and.melanie.b.the.day.i.kissed.a.girl.1080p.mp4,639830316,1329.505,,k0e11cd1,"Brunette, Lesbian, Masturbation, Pussy Licking, Shaved Pussy"
wowgirls.12.11.09.natasha.von.starving.for.sex.1080p.mp4,597193616,1235.905,,seae0340,"Blonde, Blowjob, Cum On Face, Finger Licking, Hardcore, Pussy Licking, Shaved Pussy"
wowgirls.12.11.08.gloria.a.flourishing.girl.1080p.mp4,419362108,942.77515,,z46adf52,"Finger Licking, Lingerie, Masturbation, Solo, Stockings"
wowgirls.12.11.07.gloria.gorgeous.lingerie.1080p.mp4,480921315,997.134,,tcf25263,"Lingerie, Masturbation, Solo, Stockings"
wowgirls.12.11.06.leila.a.mysterious.stranger.1080p.mp4,404862979,838.68097,,o0e78895,"Brunette, Finger Licking, Shaved Pussy, Softcore, Solo"
wowgirls.12.11.05.stephanie.deep.passion.1080p.mp4,510764118,1058.1329,,z27fcdd5,"Blonde, Dildo, Masturbation, Shaved Pussy, Small Tits, Solo"
wowgirls.12.11.05.anjelica.the.weakness.of.the.princess.1080p.mp4,1682251878,1848.9353,,l6d1fe27,"Anal, Blowjob, Hardcore, Pantyhose, Rimming, Shaved Pussy, Small Tits"
wowgirls.12.11.04.natasha.von.and.penelope.sensual.seduction.1080p.mp4,758475905,1570.3881,,tc1f8b37,"69, Anal, Blonde, Brunette, Dildo, Lesbian, Masturbation, Pussy Licking, Shaved Pussy"
wowgirls.12.11.02.guerlain.and.madonna.make.me.wet.1080p.mp4,709402424,1027.5991,,qba9fcac,"Blonde, Exclusive, Lesbian, Oil and Cream, Shaved Pussy, Softcore"
wowgirls.12.10.31.malena.morgan.lets.take.a.ride.1080p.mp4,390729647,808.91296,,veb2dbf1,"Brunette, Dildo, Masturbation, Shaved Pussy, Solo"
wowgirls.12.10.30.beata.beata.and.her.fist.1080p.mp4,440452295,916.1152,,p092eec4,"Hairy Pussy, Masturbation, Solo"
wowgirls.12.10.29.elisa.a.flying.butterfly.1080p.mp4,483928350,1001.871,,vba456d2,"Big Tits, Blonde, Shaved Pussy, Softcore, Solo"
wowgirls.12.10.28.penelope.a.wild.rose.1080p.mp4,777224960,1611.163,,s02fb398,"69, Blowjob, Brunette, Hardcore, IR, Pussy Licking, Shaved Pussy"
wowgirls.12.10.27.stephanie.cock.starved.stranger.1080p.mp4,782834052,1169.0087,,r63ecf12,"Blonde, Blowjob, Cum On Face, Hardcore, Shaved Pussy, Small Tits"
wowgirls.12.10.27.anjelica.and.zoe.threesome.adventure.1080p.mp4,994325472,2058.565,,pbece47f,"69, Blowjob, Cum On Face, FFM, Hardcore, Pussy Licking, Rimming, Shaved Pussy, Small Tits, Threesome, WowGirls Hottest"
wowgirls.12.10.26.adria.and.mia.now.i.have.a.cock.1080p.mp4,576865219,1194.806,,k7d521c4,"Big Tits, Brunette, Lesbian, Masturbation, Outdoors, Pussy Licking, Shaved Pussy, Toys"
wowgirls.12.10.25.dakota.and.mia.lets.try.our.new.toys.1080p.mp4,638511521,1321.958,,kf02f7be,"Blonde, Brunette, Dildo, Lesbian, Masturbation, Outdoors, Pussy Licking, Shaved Pussy"
wowgirls.12.10.24.irina.k.massaging.my.secret.spot.1080p.mp4,521713946,1081.283,,xafb0637,"Masturbation, Pantyhose, Shaved Pussy, Solo"
wowgirls.12.10.24.elisa.a.a.light.touch.1080p.mp4,404899711,867.6668,,ref5a2cb,"Big Tits, Lingerie, Shaved Pussy, Softcore, Solo"
wowgirls.12.10.23.irina.k.champs.fun.1080p.mp4,519228278,1075.385,,u0a9ab34,"Dildo, Finger Licking, Masturbation, Shaved Pussy, Solo"
wowgirls.12.10.21.klara.and.paloma.heaven.pleasure.1080p.mp4,1213430351,1268.9677,,l44120e5,"Brunette, Exclusive, Finger Licking, Lesbian, Masturbation, Pussy Licking, Redhead, Shaved Pussy"
wowgirls.12.10.20.melanie.b.and.stephanie.lesbo.queens.1080p.mp4,547826231,1134.805,,lf591586,"Blonde, Brunette, Lesbian, Masturbation, Pussy Licking, Shaved Pussy, Small Tits"
wowgirls.12.10.20.gloria.a.deep.cave.1080p.mp4,422322408,874.347,,w6dd7662,"Finger Licking, Masturbation, Outdoors, Solo"
wowgirls.12.10.19.anjelica.female.weakness.1080p.mp4,830887066,1718.903,,w623ca31,"Dildo, Masturbation, Shaved Pussy, Small Tits, Solo"
wowgirls.12.10.18.natasha.von.a.twilight.dream.1080p.mp4,1118453615,1325.1906,,w8bea256,"Anal, Blonde, Blowjob, Cum On Face, Hardcore, Pussy Licking, Shaved Pussy, WowGirls Hottest"
wowgirls.12.10.18.mia.and.romea.open.and.lick.it.720p.mp4,1026270331,1374.9357,,zb305908,"Brunette, Dildo, Lesbian, Masturbation, Outdoors, Pussy Licking, Shaved Pussy"
wowgirls.12.10.16.luiza.oil.me.up.and.fuck.me.hard.1080p.mp4,490076761,1014.433,,qa9568c2,"Blowjob, Brunette, Cum On Face, Handjob, Hardcore, Oil and Cream, Outdoors, Shaved Pussy"
wowgirls.12.10.15.gloria.dominating.herself.1080p.mp4,698074083,1041.6406,,x181418c,"Lingerie, Masturbation, Solo"
wowgirls.12.10.15.anjelica.an.eager.lady.1080p.mp4,761016487,1575.288,,kcececfe,"Blowjob, Cum In Mouth, Finger Licking, Hardcore, Masturbation, Pussy Licking, Shaved Pussy, Small Tits"
wowgirls.12.10.14.bianca.my.clit.is.so.nice.1080p.mp4,413686363,857.025,,sa63a9f6,"Brunette, Masturbation, Outdoors, Shaved Pussy, Small Tits, Solo"
wowgirls.12.10.13.britney.s.born.to.tease.1080p.mp4,413793868,857.304,,le6ff356,"Finger Licking, Shaved Pussy, Softcore, Solo"
wowgirls.12.10.12.gloria.teasing.my.hole.1080p.mp4,497205467,1029.642,,v62ddc91,"Masturbation, Solo"
wowgirls.12.10.12.caprice.paloma.and.stephanie.exotic.nymphos.1080p.mp4,2053594669,1402.9729,,y4dee3bf,"Blonde, Brunette, Dildo, Exclusive, FFF+, Lesbian, Masturbation, Outdoors, Pussy Licking, Redhead, Shaved Pussy, Small Tits, Threesome"
wowgirls.12.10.11.gloria.unto.the.last.drop.1080p.mp4,397767251,824.331,,ye44f7ec,"Masturbation, Outdoors, Pee, Shaved Pussy, Solo"
wowgirls.12.10.09.anjelica.lets.share.our.love.1080p.mp4,1277772723,1452.451,,u9180702,"Blowjob, Creampie, Hardcore, Lingerie, Pussy Licking, Shaved Pussy, Small Tits"
wowgirls.12.10.08.guerlain.a.true.story.1080p.mp4,523984107,1085.091,,k5a81c07,"Outdoors, Softcore, Solo"
wowgirls.12.10.06.momoko.make.me.cum.again.again.1080p.mp4,796826707,1655.908,,wc7bc63a,"Blowjob, Brunette, Cum In Mouth, Deepthroat, Hardcore, Pussy Licking, Shaved Pussy, Small Tits, Stockings"
wowgirls.12.10.06.dream.july.lost.in.dreams.1080p.mp4,875565802,843.9431,,u061658e,"Big Tits, Blonde, Masturbation, Outdoors, Shaved Pussy, Solo"
wowgirls.12.10.04.melanie.b.cumming.alone.1080p.mp4,479439738,1001.082,,o2cd47a2,"Brunette, Dildo, Masturbation, Shaved Pussy, Solo"
wowgirls.12.10.03.natasha.von.a.burning.passion.1080p.mp4,468361669,979.696,,rfa9b128,"Anal, Blonde, Dildo, Masturbation, Shaved Pussy, Solo"
wowgirls.12.10.03.gloria.and.jasmin.lesbian.workout.1080p.mp4,1092590717,1099.2314,,o460d6b6,"Dildo, Exclusive, Lesbian, Masturbation, Shaved Pussy, Small Tits"
wowgirls.12.09.30.jasmin.pink.like.my.pussy.1080p.mp4,585259476,1224.806,,u3492286,"Brunette, Dildo, Masturbation, Shaved Pussy, Small Tits, Solo"
wowgirls.12.09.30.anjelica.and.zoe.cock.addicts.1080p.mp4,1178597850,1560.8259,,tbfd5f76,"Blowjob, Brunette, Creampie, FFM, Hardcore, Pussy Licking, Rimming, Shaved Pussy, Small Tits, Threesome, WowGirls Hottest"
wowgirls.12.09.29.angela.lindsey.and.luiza.wild.games.1080p.mp4,761915484,1576.82,,kcc70081,"Anal, Blowjob, Brunette, Cum On Face, Deepthroat, Finger Licking, Group, Hardcore, Outdoors, Pussy Licking, Shaved Pussy, Small Tits"
wowgirls.12.09.28.gloria.girls.behaving.naughty.1080p.mp4,411053261,860.972,,w7c5e972,"Finger Licking, Masturbation, Solo, Stockings"
wowgirls.12.09.28.anjelica.burn.my.passion.1080p.mp4,789182827,1636.96,,r16834ba,"Blowjob, Handjob, Hardcore, Pantyhose, Pussy Licking, Shaved Pussy, Small Tits"
wowgirls.12.09.27.stephanie.fruity.chick.1080p.mp4,999953327,1044.3175,,xd9eb10c,"Blonde, Masturbation, Shaved Pussy, Small Tits, Solo"
wowgirls.12.09.26.britney.s.waiting.for.my.boy.1080p.mp4,296503085,614.35297,,p580f157,"Dildo, Softcore, Solo"
wowgirls.12.09.25.inez.teasing.boobs.1080p.mp4,418602191,874.951,,l542310e,"Big Tits, Brunette, Masturbation, Outdoors, Shaved Pussy, Solo"
wowgirls.12.09.24.monroe.a.date.with.herself.1080p.mp4,649912882,1102.3346,,z032c309,"Anal, Blonde, Exclusive, Masturbation, Shaved Pussy, Solo, Toys, WowGirls Hottest"
wowgirls.12.09.23.guerlain.a.perfect.beauty.1080p.mp4,384775190,802.505,,pfd8293a,"Outdoors, Softcore, Solo"
wowgirls.12.09.21.penelope.big.gets.bigger.1080p.mp4,1075981211,1251.4395,,xa99b063,"Blowjob, Brunette, Hardcore, IR, Shaved Pussy, WowGirls Hottest"
wowgirls.12.09.20.angela.and.lindsey.no.rules.party.1080p.mp4,681529426,1424.637,,w55fa794,"Anal, Brunette, Dildo, Lesbian, Masturbation, Pussy Licking, Shaved Pussy, Small Tits"
wowgirls.12.09.19.anjelica.deeper.than.ever.1080p.mp4,554518554,1147.298,,ne88aeb0,"Dildo, Finger Licking, Masturbation, Shaved Pussy, Small Tits, Solo"
wowgirls.12.09.18.luiza.paloma.and.rea.hearts.of.three.1080p.mp4,1508933889,1394.6602,,v9fef8b8,"Blonde, Brunette, Exclusive, FFF+, Finger Licking, Lesbian, Masturbation, Pussy Licking, Shaved Pussy, Threesome"
wowgirls.12.09.16.irina.k.going.insane.1080p.mp4,337476979,706.49,,pa67e1ed,"Masturbation, Shaved Pussy, Solo"
wowgirls.12.09.15.mia.it.flows.from.me.1080p.mp4,247443550,516.76,,x898a993,"Brunette, Finger Licking, Masturbation, Outdoors, Pee, Shaved Pussy, Solo"
wowgirls.12.09.15.lorena.it.tastes.like.a.real.one.1080p.mp4,874321912,1180.1542,,xdb6ed79,"Blonde, Dildo, Lingerie, Masturbation, Shaved Pussy, Solo"
wowgirls.12.09.15.britney.s.and.zoe.two.girls.one.mission.1080p.mp4,632377439,1321.494,,vebacf7b,"Lesbian, Masturbation, Shaved Pussy, Small Tits"
wowgirls.12.09.13.gloria.sharing.the.fingering.with.you.1080p.mp4,354717585,741.784,,xbc9d55c,"Masturbation, Shaved Pussy, Solo"
wowgirls.12.09.12.stephanie.in.chains.of.love.1080p.mp4,732052697,1138.7762,,r1158d13,"Blowjob, Cum On Face, Footjob, Hardcore, Masturbation, Oil and Cream, Pussy Licking, Shaved Pussy, Small Tits"
wowgirls.12.09.12.gloria.burning.passion.1080p.mp4,392862480,821.429,,zadd23bc,"Masturbation, Outdoors, Shaved Pussy, Solo"
wowgirls.12.09.09.monroe.i.do.it.everywhere.1080p.mp4,441087809,915.354,,x143f30b,"Blonde, Masturbation, Outdoors, Shaved Pussy, Solo"
wowgirls.12.09.09.jasmin.dildo.addict.1080p.mp4,950361092,1286.0848,,u3946686,"Brunette, Dildo, Masturbation, Shaved Pussy, Small Tits, Solo"
wowgirls.12.09.08.olympia.and.zaya.sharing.a.taste.one.1080p.mp4,762443556,1581.836,,v117dd19,"69, Blowjob, Brunette, Cum On Face, FFM, Handjob, Hardcore, IR, Masturbation, Pussy Licking, Shaved Pussy, Small Tits, Threesome"
wowgirls.12.09.07.olympia.a.fresh.ass.1080p.mp4,801550410,1673.88,,p31c185f,"Anal, Blowjob, Brunette, Cum In Mouth, Cum On Face, IR, Masturbation, Shaved Pussy, Small Tits, Squirt"
wowgirls.12.09.06.irina.k.mirror.mirror.tell.me.true.1080p.mp4,511395092,856.42224,,w0118e93,"Lingerie, Masturbation, Shaved Pussy, Solo"
wowgirls.12.09.04.monroe.petite.blondie.1080p.mp4,443326400,921.205,,l74aaa1d,"Blonde, Outdoors, Shaved Pussy, Softcore, Solo"
wowgirls.12.09.03.natasha.von.nonstop.hardcore.1080p.mp4,640848533,1074.3232,,l78bec83,"Blonde, Blowjob, Hardcore, Lingerie, Pussy Licking, Shaved Pussy, WowGirls Hottest"
wowgirls.12.09.03.leila.a.latin.goddess.1080p.mp4,483823742,1007.39703,,qdd505b0,"Brunette, Shaved Pussy, Softcore, Solo"
wowgirls.12.09.03.gloria.exploring.the.pink.1080p.mp4,425825808,883.96,,y7857c6e,"Finger Licking, Pantyhose, Softcore, Solo"
wowgirls.12.08.31.bianca.sunny.pussy.1080p.mp4,447701524,936.275,,q1fe3220,"Brunette, Dildo, Masturbation, Outdoors, Shaved Pussy, Small Tits, Solo"
wowgirls.12.08.31.alyona.klara.and.paloma.strapon.adventure.1080p.mp4,1176454278,1002.9019,,o6d21528,"Blonde, Brunette, Exclusive, FFF+, Lesbian, Masturbation, Pussy Licking, Redhead, Shaved Pussy, Threesome, Toys"
wowgirls.12.08.30.anjelica.and.dream.july.erotic.massage.delights.1080p.mp4,846288968,1766.04,,za830867,"Anal, Big Tits, Brunette, Lesbian, Masturbation, Oil and Cream, Shaved Pussy, Small Tits"
wowgirls.12.08.29.ella.harder.than.ever.before.1080p.mp4,808886228,1691.132,,z1dfdbec,"Blonde, Blowjob, Creampie, Hardcore, IR, Pussy Licking, Shaved Pussy, Small Tits"
wowgirls.12.08.28.stephanie.flexi.skinny.1080p.mp4,216594177,254.79256,,t9a51b9a,"Blonde, Oil and Cream, Outdoors, Pee, Shaved Pussy, Small Tits, Softcore, Solo, Sport and Fitness, WowGirls Hottest"
wowgirls.12.08.27.irina.k.locked.in.a.room.1080p.mp4,513421746,1071.577,,zc6fcd0c,"Lingerie, Masturbation, Shaved Pussy, Solo, Stockings"
wowgirls.12.08.26.andrea.in.chains.of.passion.1080p.mp4,675396155,1412.168,,l0cb5575,"Blowjob, Brunette, Hardcore, Pussy Licking, Shaved Pussy"
wowgirls.12.08.25.mia.touches.that.arouse.1080p.mp4,1574841306,1569.5529,,zc623069,"69, Blowjob, Brunette, Hardcore, Pussy Licking, Shaved Pussy"
wowgirls.12.08.23.melanie.b.my.asshole.is.so.sensitive.1080p.mp4,400377101,835.639,,p5c6a615,"Anal, Brunette, Masturbation, Shaved Pussy, Solo"
wowgirls.12.08.23.gloria.ms.purple.stockings.1080p.mp4,444969766,931.375,,t1f5dd33,"Masturbation, Shaved Pussy, Solo, Stockings"
wowgirls.12.08.22.stephanie.beyond.the.reality.1080p.mp4,350196370,732.636,,yea58836,"Blonde, Dildo, Masturbation, Outdoors, Shaved Pussy, Small Tits, Solo"
wowgirls.12.08.22.caprice.and.stephanie.stretch.my.kitty.1080p.mp4,1106114116,1232.7706,,ud1ec1b0,"Blonde, Dildo, Lesbian, Masturbation, Pussy Licking, Redhead, Shaved Pussy, Small Tits"
wowgirls.12.08.21.ivana.and.mia.sharing.a.pleasure.1080p.mp4,567672383,1186.33,,u5482e4a,"Brunette, Dildo, Lesbian, Masturbation, Shaved Pussy, Small Tits"
wowgirls.12.08.20.monroe.super.cute.blondie.1080p.mp4,471817689,977.885,,vb9879db,"Blonde, Masturbation, Outdoors, Pool, Shaved Pussy, Solo"
wowgirls.12.08.19.paloma.and.stephanie.fingering.addicts.1080p.mp4,1177598280,1230.2975,,ufe78d7c,"Blonde, Brunette, Dildo, FFM, Masturbation, Shaved Pussy, Small Tits, Threesome"
wowgirls.12.08.19.gloria.the.fifth.element.1080p.mp4,1132763785,952.36646,,t6d38829,"Lingerie, Masturbation, Shaved Pussy, Solo"
wowgirls.12.08.18.natasha.forest.fairy.1080p.mp4,360983436,749.772,,xa94abb9,"Anal, Masturbation, Outdoors, Redhead, Shaved Pussy, Solo"
wowgirls.12.08.18.mia.and.romea.let.me.lick.it.1080p.mp4,558680784,1164.922,,q5a76179,"Brunette, Lesbian, Masturbation, Outdoors, Pussy Licking, Shaved Pussy"
wowgirls.12.08.17.leila.ms.weirdness.1080p.mp4,445193888,991.1252,,n981dc92,"Brunette, Shaved Pussy, Softcore, Solo"
wowgirls.12.08.16.monroe.morning.fantasies.1080p.mp4,537920648,1116.671,,qf1f8651,"Bathroom, Blonde, Masturbation, Oil and Cream, Shaved Pussy, Solo, Toys"
wowgirls.12.08.16.gloria.one.mysterious.night.1080p.mp4,494397014,1031.244,,n8e8d0d9,"Masturbation, Shaved Pussy, Solo"
wowgirls.12.08.16.bianca.give.me.some.cum.1080p.mp4,1198870422,1513.0449,,ze840ab4,"Blowjob, Brunette, Hardcore, Outdoors, Pussy Licking, Shaved Pussy, Small Tits, Stockings"
wowgirls.12.08.14.ella.a.faithless.girlfriend.1080p.mp4,807120949,1678.292,,s4f720a8,"69, Blonde, Blowjob, Hardcore, IR, Pussy Licking, Shaved Pussy, Small Tits"
wowgirls.12.08.13.melanie.b.and.stephanie.horny.visagiste.1080p.mp4,1309318830,1434.8,,rfc0c05a,"69, Blonde, Brunette, Dildo, Lesbian, Lingerie, Masturbation, Pussy Licking, Shaved Pussy, Small Tits"
wowgirls.12.08.11.stephanie.me.my.hard.toy.1080p.mp4,824962172,1005.27264,,qb03847d,"Blonde, Dildo, Masturbation, Shaved Pussy, Small Tits, Solo"
wowgirls.12.08.09.jasmin.ass.play.1080p.mp4,579113919,1210.967,,p2258922,"Anal, Brunette, Dildo, Masturbation, Shaved Pussy, Small Tits, Solo"
wowgirls.12.08.08.gloria.i.want.it.all.the.time.1080p.mp4,424963173,889.161,,l3bc91e9,"Masturbation, Shaved Pussy, Solo"
wowgirls.12.08.07.maria.mia.and.monica.a.bad.company.1080p.mp4,449025795,933.883,,x5b3fac1,"Brunette, Dildo, FFF+, Lesbian, Masturbation, Outdoors, Shaved Pussy, Threesome"
wowgirls.12.08.07.lorena.and.penelope.squeezing.cocktails.1080p.mp4,2140989692,2238.7056,,md8dd5ea,"Anal, Blonde, Blowjob, Brunette, FFM, Hardcore, Masturbation, Pussy Licking, Shaved Pussy, Threesome, WowGirls Hottest"
wowgirls.12.08.06.britney.s.selfserved.720p.mp4,748117755,1473.469,,la32073d,"Dildo, Masturbation, Shaved Pussy, Solo, Stockings"
wowgirls.12.08.05.zoe.open.air.1080p.mp4,538579846,1124.38,,p03674af,"Outdoors, Shaved Pussy, Small Tits, Softcore, Solo"
wowgirls.12.08.04.bianca.anal.sex.is.good.1080p.mp4,729517864,1523.902,,pfdf9032,"Anal, Blowjob, Creampie, Hardcore, Shaved Pussy, Small Tits"
wowgirls.12.08.04.anjelica.and.zaya.taste.my.clit.1080p.mp4,1505734472,1698.7023,,n5c96b47,"69, Brunette, Dildo, Lesbian, Lingerie, Masturbation, Pussy Licking, Shaved Pussy, Small Tits"
wowgirls.12.08.03.dream.july.cumhungry.blondie.nymph.1080p.mp4,693997071,1446.998,,s2074a15,"Big Tits, Blonde, Blowjob, Cum In Mouth, Masturbation, Oil and Cream, POV, Shaved Pussy"
wowgirls.12.08.02.monroe.smooth.pussy.1080p.mp4,921608828,1148.9001,,n1874865,"Bathroom, Blonde, Exclusive, Shaved Pussy, Shaving, Softcore, Solo"
wowgirls.12.07.31.gloria.balthus.model.1080p.mp4,510982076,1062.382,,y887b778,"Softcore, Solo"
wowgirls.12.07.31.elisa.a.and.irina.k.pussy.talk.1080p.mp4,538078048,1123.544,,t898771d,"Blonde, Lesbian, Masturbation, Shaved Pussy"
wowgirls.12.07.30.ella.happy.ending.1080p.mp4,1430974569,1740.1266,,sf0dbf9a,"Blonde, Blowjob, Cum In Mouth, Exclusive, Hardcore, IR, Pussy Licking, Shaved Pussy, Small Tits, WowGirls Hottest"
wowgirls.12.07.30.anjelica.and.zoe.a.slow.seduction.1080p.mp4,654670215,1355.395,,tddb2d42,"69, Lesbian, Masturbation, Pussy Licking, Shaved Pussy, Small Tits"
wowgirls.12.07.29.jasmin.cum.alone.1080p.mp4,567452181,1175.278,,q514f6e5,"Brunette, Dildo, Masturbation, Shaved Pussy, Small Tits, Solo"
wowgirls.12.07.27.madonna.a.hot.splash.1080p.mp4,2446433400,970.0357,,ndfa64fb,"Blonde, Outdoors, Shaved Pussy, Softcore, Solo"
wowgirls.12.07.27.angela.i.just.cant.stop.dildoing.1080p.mp4,467769160,994.417,,q82cbbdd,"Anal, Brunette, Dildo, Masturbation, Outdoors, Shaved Pussy, Small Tits, Solo"
wowgirls.12.07.26.dream.july.bikini.minx.1080p.mp4,527797902,1103.389,,occce6b9,"Big Tits, Blonde, Masturbation, Outdoors, Pool, Shaved Pussy, Solo"
wowgirls.12.07.24.luiza.surprise.1080p.mp4,515931065,1068.002,,pbebcc7d,"Blowjob, Brunette, Cum On Face, Hardcore, Shaved Pussy, Squirt"
wowgirls.12.07.23.caprice.black.dildo.attack.1080p.mp4,262333326,543.834,,v7913935,"Dildo, Masturbation, Outdoors, Redhead, Shaved Pussy, Solo"
wowgirls.12.07.22.melanie.b.charming.nymph.in.stretch.jeans.1080p.mp4,996753091,1163.3955,,s22bc962,"Brunette, Dildo, Masturbation, Outdoors, Shaved Pussy, Solo"
wowgirls.12.07.21.irina.k.a.forbidden.fruit.1080p.mp4,460204605,952.923,,k64060cb,"Masturbation, Shaved Pussy, Solo"
wowgirls.12.07.20.angela.a.scream.of.orgasm.1080p.mp4,1231520508,1318.3594,,z1200cc0,"Blowjob, Brunette, Cum On Face, Footjob, Hardcore, Shaved Pussy, Small Tits"
wowgirls.12.07.20.alyona.getting.wild.dirty.1080p.mp4,374279196,785.438,,l712d671,"Blonde, Dildo, Masturbation, Outdoors, Shaved Pussy, Solo"
wowgirls.12.07.19.gloria.wet.pleasure.1080p.mp4,530086252,1098.002,,xea4ef7e,"Bathroom, Hairy Pussy, Oil and Cream, Softcore, Solo"
wowgirls.12.07.18.hayden.and.riley.reid.on.the.top.of.pleasure.1080p.mp4,1008708521,2038.0387,,t40cb94b,"69, Lesbian, Lingerie, Masturbation, Outdoors, Pussy Licking, Redhead, Shaved Pussy, Small Tits, WowGirls Hottest"
wowgirls.12.07.17.anjelica.intimate.caresses.1080p.mp4,776386162,1608.655,,mc45a5f8,"Blowjob, Cum On Face, Hardcore, Pantyhose, Pussy Licking, Shaved Pussy, Small Tits"
wowgirls.12.07.16.inez.amaze.me.1080p.mp4,446542286,924.363,,u71e24f1,"Big Tits, Brunette, Dildo, Masturbation, Outdoors, Shaved Pussy, Solo"
wowgirls.12.07.16.guerlain.filthy.runner.1080p.mp4,505324905,667.7362,,z729d6e0,"Finger Licking, Outdoors, Softcore, Solo, WowGirls Hottest"
wowgirls.12.07.15.alyona.a.few.drops.of.happiness.1080p.mp4,187764086,394.716,,tf9556f9,"Blonde, Masturbation, Outdoors, Pee, Shaved Pussy, Solo"
wowgirls.12.07.14.beata.fucking.a.head.1080p.mp4,951738295,1059.5962,,y82c27ff,"Blowjob, Cum In Mouth, Deepthroat, Hairy Pussy, Masturbation, Outdoors, Rimming, WowGirls Hottest"
wowgirls.12.07.12.britney.s.and.zoe.you.make.me.feel.so.horny.1080p.mp4,1715207758,1821.6287,,vd3840cd,"Exclusive, Lesbian, Masturbation, Pussy Licking, Shaved Pussy, Small Tits, WowGirls Hottest"
wowgirls.12.07.12.anjelica.always.horny.1080p.mp4,454061553,940.478,,k12c4d12,"Dildo, Masturbation, Shaved Pussy, Small Tits, Solo"
wowgirls.12.07.09.regina.a.hot.vacation.1080p.mp4,475571534,985.594,,k72fb710,"Blonde, Masturbation, Outdoors, Pool, Shaved Pussy, Solo"
wowgirls.12.07.09.jasmin.madam.fashion.1080p.mp4,579162248,1217.7705,,o311e1d7,"Brunette, Dildo, Masturbation, Shaved Pussy, Small Tits, Solo"
wowgirls.12.07.08.klara.searing.anal.1080p.mp4,560725835,1173.327,,n3a90ea1,"Anal, Blowjob, Cum On Face, Hardcore, Redhead, Shaved Pussy"
wowgirls.12.07.07.anjelica.save.me.1080p.mp4,1683085012,1504.8367,,s98b34d0,"Blowjob, Cum In Mouth, Hardcore, Lingerie, Pussy Licking, Shaved Pussy, Small Tits"
wowgirls.12.07.06.regina.touching.the.sun.1080p.mp4,590881306,926.4255,,zb927515,"Blonde, Dildo, Masturbation, Outdoors, Shaved Pussy, Solo"
wowgirls.12.07.06.ivana.ivana.in.the.mood.1080p.mp4,344118645,716.219,,pf4c16c4,"Dildo, Masturbation, Shaved Pussy, Small Tits, Solo, Stockings"
wowgirls.12.07.06.anjelica.a.dildo.lover.1080p.mp4,450021930,932.002,,o3543d08,"Dildo, Lingerie, Masturbation, Shaved Pussy, Small Tits, Solo"
wowgirls.12.07.05.natasha.von.and.penelope.unleashed.passion.1080p.mp4,801881091,1659.669,,s11bb1d4,"Blonde, Brunette, Dildo, Lesbian, Masturbation, Pussy Licking, Shaved Pussy"
wowgirls.12.07.04.alyona.deep.limits.1080p.mp4,1162011553,1202.9562,,y5e932bb,"Anal, Blonde, Blowjob, Cum On Face, Deepthroat, Hardcore, Outdoors, Rimming, Shaved Pussy, WowGirls Hottest"
wowgirls.12.07.02.regina.and.ulyana.no.place.for.men.1080p.mp4,677945052,1404.482,,kbf0170b,"Blonde, Lesbian, Masturbation, Pussy Licking, Shaved Pussy, Small Tits"
wowgirls.12.07.02.monroe.belly.button.pierced.sweetie.1080p.mp4,529955591,1100.208,,u6f88537,"Blonde, Hairy Pussy, Masturbation, Outdoors, Solo, Stockings"
wowgirls.12.07.01.lorena.and.penelope.big.brother.1080p.mp4,1190642294,1246.6787,,t5e7cd9d,"Blonde, Brunette, Dildo, Lesbian, Lingerie, Masturbation, Pussy Licking, Shaved Pussy"
wowgirls.12.06.30.gloria.top.chick.1080p.mp4,564454080,1171.052,,s308b416,"Finger Licking, Masturbation, Outdoors, Solo"
wowgirls.12.06.30.britney.s.obsession.1080p.mp4,804495476,1665.939,,mdad2a70,"Shaved Pussy, Softcore, Solo"
wowgirls.12.06.28.charlotte.and.paloma.double.play.1080p.mp4,1459038319,1449.1342,,zc780201,"Blowjob, Brunette, Exclusive, FFM, Hardcore, Shaved Pussy, Threesome"
wowgirls.12.06.28.adria.big.real.1080p.mp4,549972879,1139.287,,s7a9ad5d,"Big Tits, Brunette, Masturbation, Oil and Cream, Outdoors, Shaved Pussy, Solo"
wowgirls.12.06.26.olympia.messy.games.1080p.mp4,786811556,1627.9039,,k64d2f2b,"Blowjob, Brunette, Cum In Mouth, Fetish, Hardcore, IR, Pussy Licking, Shaved Pussy"
wowgirls.12.06.25.zoe.shy.but.horny.1080p.mp4,748394041,1563.376,,wcde7341,"Blowjob, Cum In Mouth, Cum On Face, Deepthroat, Handjob, IR, MMF, Pussy Licking, Rimming, Shaved Pussy, Small Tits, Threesome"
wowgirls.12.06.24.adria.and.lily.playing.with.fruits.1080p.mp4,506632859,1050.368,,od2d8091,"Big Tits, Brunette, Lesbian, Masturbation, Pussy Licking, Shaved Pussy, Toys"
wowgirls.12.06.22.regina.and.ulyana.sauna.delight.1080p.mp4,463399739,708.1854,,rd4792e1,"Blonde, Lesbian, Masturbation, Oil and Cream, Shaved Pussy"
wowgirls.12.06.22.gloria.intriguing.beauty.1080p.mp4,468999023,972.15,,uff54c20,"Masturbation, Shaved Pussy, Solo"
wowgirls.12.06.22.anjelica.rosy.clit.1080p.mp4,639208552,1323.026,,mc28301f,"Finger Licking, Masturbation, Pantyhose, Shaved Pussy, Small Tits, Solo"
wowgirls.12.06.21.gloria.and.melanie.b.melanie.seduced.gloria.1080p.mp4,477990609,989.93604,,sd731c6d,"Brunette, Lesbian, Masturbation, Pussy Licking, Shaved Pussy"
wowgirls.12.06.19.hanna.la.piscine.1080p.mp4,1947767554,1018.8684,,u3bda471,"Anal, Blowjob, Brunette, Cum On Face, Hardcore, Outdoors, Pool, Shaved Pussy"
wowgirls.12.06.18.melanie.b.and.stephanie.sexual.freedom.1080p.mp4,510385316,1057.692,,za316b59,"Blonde, Brunette, Lesbian, Masturbation, Pussy Licking, Shaved Pussy, Small Tits, Toys"
wowgirls.12.06.16.leila.charming.mysterious.1080p.mp4,742684353,1106.3612,,k774d7dd,"Brunette, Shaved Pussy, Softcore, Solo"
wowgirls.12.06.14.anjelica.cockstarved.beauty.1080p.mp4,659665476,1369.861,,t9114a22,"Blowjob, Handjob, Hardcore, Pussy Licking, Rimming, Shaved Pussy, Small Tits"
wowgirls.12.06.14.adria.and.mia.3d.party.1080p.mp4,1060982534,1329.1334,,y237e162,"Big Tits, Brunette, Dildo, Lesbian, Masturbation, Pussy Licking, Shaved Pussy"
wowgirls.12.06.13.riley.reid.feel.my.sex.drive.1080p.mp4,1090937425,2259.928,,v935361f,"Blonde, Blowjob, Hardcore, Pussy Licking, Shaved Pussy, Small Tits, Squirt, Stockings"
wowgirls.12.06.12.rea.and.stephanie.in.the.heart.of.love.1080p.mp4,662863743,1372.485,,m3923896,"Blonde, Dildo, Lesbian, Masturbation, Pussy Licking, Shaved Pussy, Small Tits"
wowgirls.12.06.11.ella.and.momoko.lesbo.connection.1080p.mp4,690322270,1441.82,,r100e734,"Blonde, Brunette, Dildo, Lesbian, Masturbation, Pussy Licking, Shaved Pussy, Small Tits"
wowgirls.12.06.11.caprice.fucking.a.curly.girl.1080p.mp4,1163892667,1266.3467,,v2a42e99,"Blowjob, Finger Licking, Hardcore, Redhead, Shaved Pussy, WowGirls Hottest"
wowgirls.12.06.10.eleanor.mia.and.natasha.we.cum.together.1080p.mp4,389887769,814.416,,p97a4bc1,"Blonde, Brunette, Dildo, FFF+, Masturbation, Redhead, Shaved Pussy"
wowgirls.12.06.09.monroe.a.splash.of.pleasure.1080p.mp4,443053495,917.559,,nbded7a7,"Bathroom, Blonde, Shaved Pussy, Softcore, Solo"
wowgirls.12.06.08.olympia.and.zaya.drill.my.pussy.1080p.mp4,740521062,1532.61,,xa22b57c,"Brunette, Dildo, Lesbian, Masturbation, Pussy Licking, Shaved Pussy, Small Tits"
wowgirls.12.06.07.paloma.mouth.as.twat.1080p.mp4,566503900,1183.056,,u79024d4,"Blowjob, Brunette, Cum On Face, Hardcore, MMF, Rimming, Shaved Pussy, Threesome"
wowgirls.12.06.06.caprice.hardcore.meeting.1080p.mp4,598173305,1238.018,,zf2a8be2,"Blowjob, Hardcore, Redhead, Shaved Pussy"
wowgirls.12.06.05.penelope.uneasy.silence.1080p.mp4,1327287092,1531.4722,,u25a7474,"Blowjob, Brunette, Finger Licking, Hardcore, Lingerie, Shaved Pussy"
wowgirls.12.06.04.riley.reid.stylish.nymph.1080p.mp4,134733811,293.95425,,m0e948bf,"Blonde, Outdoors, Private, Shaved Pussy, Small Tits, Softcore, Solo, Stockings"
wowgirls.12.06.03.inez.leisure.delights.1080p.mp4,614356298,1275.983,,r3fb0962,"Big Tits, Brunette, Masturbation, Shaved Pussy, Solo"
wowgirls.12.06.03.britney.s.dreamy.chick.1080p.mp4,472075189,978.094,,xb603eb6,"Masturbation, Shaved Pussy, Small Tits, Solo"
wowgirls.12.06.02.guerlain.and.madonna.foam.party.1080p.mp4,887000515,818.89813,,q069ecc1,"Bathroom, Blonde, Exclusive, Lesbian, Shaved Pussy, Softcore"
wowgirls.12.05.31.inez.a.rappers.girl.1080p.mp4,587232732,737.3497,,td5b9699,"Big Tits, Brunette, Dildo, Exclusive, Masturbation, Shaved Pussy, Solo, Stockings"
wowgirls.12.05.31.gloria.perfect.bliss.1080p.mp4,471960865,977.629,,mf8e271d,"Shaved Pussy, Softcore, Solo"
wowgirls.12.05.30.gloria.play.with.me.1080p.mp4,400958959,829.37,,vce42953,"Hairy Pussy, Softcore, Solo"
wowgirls.12.05.29.ella.banging.myself.1080p.mp4,532781326,1112.514,,n86a41d0,"Blonde, Dildo, Masturbation, Shaved Pussy, Small Tits, Solo"
wowgirls.12.05.28.anjelica.and.momoko.blind.passion.1080p.mp4,1711801333,1959.5243,,k50a0de2,"Blowjob, Brunette, FFM, Hardcore, Pussy Licking, Rimming, Shaved Pussy, Small Tits, Threesome, WowGirls Hottest"
wowgirls.12.05.26.zaya.realise.your.dreams.1080p.mp4,810990248,1678.919,,wc4485d0,"69, Blowjob, Brunette, Cum In Mouth, Hardcore, IR, Pussy Licking, Shaved Pussy"
wowgirls.12.05.25.regina.and.ulyana.russian.tourists.1080p.mp4,1518183527,1640.6724,,y9c3a104,"Blonde, Lesbian, Masturbation, Outdoors, Pussy Licking, Shaved Pussy"
wowgirls.12.05.25.jasmin.maestros.inspiration.1080p.mp4,441976741,942.12604,,u08fb506,"Brunette, Masturbation, Shaved Pussy, Small Tits, Solo"
wowgirls.12.05.22.luiza.an.extreme.game.1080p.mp4,376816825,796.676,,n94e36f3,"Brunette, Dildo, Masturbation, Outdoors, Shaved Pussy, Solo"
wowgirls.12.05.21.mia.a.perfect.meeting.1080p.mp4,485761213,1015.223,,nf52f727,"Blowjob, Brunette, Hardcore, Shaved Pussy"
wowgirls.12.05.19.zoe.chocolate.icecream.1080p.mp4,1368194622,1874.3391,,qb124c06,"Blowjob, Brunette, Exclusive, Hardcore, IR, Pussy Licking, Shaved Pussy, Small Tits, WowGirls Hottest"
wowgirls.12.05.19.monroe.enjoy.me.1080p.mp4,371443403,785.04297,,kcdf6567,"Blonde, Finger Licking, Fuck Me, Masturbation, Shaved Pussy, Solo"
wowgirls.12.05.18.guerlain.and.madonna.at.the.crack.of.dawn.1080p.mp4,257885390,540.096,,rcb9098c,"Blonde, Lesbian, Shaved Pussy, Softcore"
wowgirls.12.05.16.zaya.my.favorite.place.1080p.mp4,953212132,1179.8453,,y31d228b,"Brunette, Dildo, Masturbation, Shaved Pussy, Small Tits, Solo"
wowgirls.12.05.14.momoko.show.me.your.big.one.1080p.mp4,838247213,1759.027,,oa13a4a2,"Blowjob, Brunette, Creampie, Hardcore, IR, Shaved Pussy, Small Tits"
wowgirls.12.05.13.momoko.things.change.1080p.mp4,1794266569,2051.9707,,mc9a42e3,"69, Blowjob, Brunette, Handjob, Hardcore, IR, Pussy Licking, Rimming, Shaved Pussy, Small Tits, Stockings, WowGirls Hottest"
wowgirls.12.05.13.inez.sunny.morning.delights.1080p.mp4,447728454,944.75,,q1a314eb,"Bathroom, Big Tits, Brunette, Shaved Pussy, Softcore, Solo"
wowgirls.12.05.12.elisa.a.blondie.diva.in.red.1080p.mp4,395767632,826.816,,u6eda642,"Big Tits, Blonde, Masturbation, Shaved Pussy, Solo"
wowgirls.12.05.10.alyona.and.charlotte.blonde.boy.1080p.mp4,910337457,1215.1699,,m54f0d43,"Blonde, Lesbian, Lingerie, Masturbation, Pussy Licking, Shaved Pussy, Toys"
wowgirls.12.05.09.angela.lindsey.and.luiza.hungry.princesses.1080p.mp4,655176967,1368.119,,xbd45a34,"Anal, Blowjob, Brunette, Cum On Face, Group, Hardcore, Outdoors, Redhead, Shaved Pussy, Small Tits, Squirt, WowGirls Hottest"
wowgirls.12.05.08.natasha.von.feel.a.big.one.1080p.mp4,687866033,1437.292,,kbfd98b6,"Blonde, Blowjob, Cum On Face, Hardcore, IR, Shaved Pussy"
wowgirls.12.05.07.elisa.a.unleashed.fantasies.1080p.mp4,429654846,807.07294,,kb8333cf,"Big Tits, Blonde, Masturbation, Shaved Pussy, Solo"
wowgirls.12.05.05.klara.like.a.sweet.dream.1080p.mp4,462776296,958.914,,s16713e0,"Dildo, Masturbation, Redhead, Shaved Pussy, Solo"
wowgirls.12.05.05.ivana.a.long.ascent.1080p.mp4,396208308,820.872,,ybe1ddcb,"Masturbation, Outdoors, Shaved Pussy, Small Tits, Solo"
wowgirls.12.05.04.momoko.tight.snatch.hunter.1080p.mp4,1277015024,1733.8108,,w7730ae3,"Blowjob, Brunette, Cum In Mouth, Hardcore, IR, Pussy Licking, Shaved Pussy, Small Tits, Stockings"
wowgirls.12.05.04.elisa.a.night.butterfly.1080p.mp4,535376717,1108.544,,za24d115,"Big Tits, Blonde, Shaved Pussy, Softcore, Solo"
wowgirls.12.05.02.luiza.just.get.enough.1080p.mp4,624668383,1293.676,,w7558d22,"Blowjob, Brunette, Deepthroat, Hardcore, Shaved Pussy"
wowgirls.12.05.01.momoko.and.zoe.how.to.seduce.a.girl.1080p.mp4,774637563,1248.5156,,o8c26ff2,"69, Brunette, Lesbian, Masturbation, Pussy Licking, Shaved Pussy, Small Tits, WowGirls Hottest"
wowgirls.12.05.01.ella.momoko.and.zoe.mama.mia.1080p.mp4,999249723,1449.9701,,u5bbeb57,"Blonde, Brunette, FFF+, Lesbian, Masturbation, Pussy Licking, Shaved Pussy, Small Tits, Threesome, WowGirls Hottest"
wowgirls.12.04.28.caprice.and.stephanie.mutual.love.1080p.mp4,529019993,1100.37,,yedac2e0,"Blonde, Lesbian, Masturbation, Outdoors, Pussy Licking, Redhead, Shaved Pussy, Small Tits"
wowgirls.12.04.27.zaya.deep.workout.1080p.mp4,1347885709,1592.0571,,oe1c84ec,"Blowjob, Brunette, Hardcore, IR, Pussy Licking, Shaved Pussy, Small Tits"
wowgirls.12.04.27.mia.and.natasha.a.lesbian.acquaintance.720p.mp4,1338901717,1521.3022,,qf631100,"Brunette, Dildo, Lesbian, Masturbation, Outdoors, Pussy Licking, Redhead, Shaved Pussy, Toys"
wowgirls.12.04.27.hanna.super.squirt.1080p.mp4,545470226,1137.847,,vdc1bd81,"Blowjob, Brunette, Cum In Mouth, Hardcore, Outdoors, Pussy Licking, Shaved Pussy, Squirt"
wowgirls.12.04.26.klara.take.me.right.here.1080p.mp4,426857468,883.751,,r7735a7e,"Blowjob, Hardcore, Pussy Licking, Redhead, Shaving, Squirt"
wowgirls.12.04.26.gloria.your.horny.teacher.1080p.mp4,456001951,944.216,,k356f656,"Shaved Pussy, Softcore, Solo"
wowgirls.12.04.24.anjelica.and.momoko.passion.shy.1080p.mp4,1064497082,1362.6279,,kc893cf2,"Brunette, Lesbian, Masturbation, Pussy Licking, Shaved Pussy, Small Tits, Stockings, WowGirls Hottest"
wowgirls.12.04.23.anjelica.spring.flower.1080p.mp4,537663926,1112.7461,,sa2beed3,"Brunette, Dildo, Masturbation, Shaved Pussy, Small Tits, Solo"
wowgirls.12.04.22.lorena.and.penelope.flawless.couple.1080p.mp4,643063757,1328.3671,,r9072f35,"Blonde, Brunette, Dildo, Lesbian, Masturbation, Pussy Licking, Shaved Pussy"
wowgirls.12.04.21.momoko.sunny.brunette.1080p.mp4,631949452,1308.142,,r38c8d69,"Brunette, Finger Licking, Masturbation, Shaved Pussy, Small Tits, Solo"
wowgirls.12.04.21.britney.s.and.zoe.first.girlgirl.date.1080p.mp4,1159001424,1510.319,,x34c9d5d,"4K, Exclusive, Lesbian, Masturbation, Pussy Licking, Shaved Pussy, Small Tits, Stockings, WowGirls Hottest"
wowgirls.12.04.18.anjelica.a.romantic.date.1080p.mp4,1326857641,1614.7131,,p4328ad5,"Anal, Blowjob, Hardcore, Shaved Pussy, Small Tits, WowGirls Hottest"
wowgirls.12.04.17.melanie.b.and.stephanie.together.all.the.time.1080p.mp4,666333837,1379.033,,xd57d940,"Blonde, Brunette, Lesbian, Masturbation, Pussy Licking, Shaved Pussy, Small Tits"
wowgirls.12.04.16.zoe.make.me.satisfied.1080p.mp4,518515054,1073.714,,k23f02e0,"Dildo, Masturbation, Shaved Pussy, Small Tits, Solo"
wowgirls.12.04.16.gloria.an.ardent.chick.1080p.mp4,357489570,740.322,,y4855d8d,"Finger Licking, Masturbation, Solo"
wowgirls.12.04.15.rea.join.me.1080p.mp4,671247514,957.92365,,y8832ca4,"Blonde, Masturbation, Shaved Pussy, Solo"
wowgirls.12.04.13.luiza.teasing.my.kitty.1080p.mp4,429157584,888.395,,n30ee9db,"Brunette, Masturbation, Shaved Pussy, Solo, Stockings"
wowgirls.12.04.12.klara.and.paloma.lets.come.together.1080p.mp4,1365635276,1306.5719,,xf5ff9ae,"Blowjob, Brunette, Cum In Mouth, Cum On Face, Deepthroat, Exclusive, Group, Hardcore, Redhead, Rimming, Shaved Pussy, Squirt, WowGirls Hottest"
wowgirls.12.04.10.melanie.b.petite.minx.1080p.mp4,423641718,876.994,,wb35b93f,"Brunette, Dildo, Masturbation, Outdoors, Shaved Pussy, Solo, Stockings"
wowgirls.12.04.09.paloma.make.me.wild.1080p.mp4,505461810,1046.361,,p0e91090,"Blowjob, Brunette, Cum On Face, Hardcore, Shaved Pussy"
wowgirls.12.04.09.monroe.vision.1080p.mp4,718508625,1100.2992,,w1a06fca,"Blonde, Dildo, Exclusive, Masturbation, Shaved Pussy, Solo, WowGirls Hottest"
wowgirls.12.04.07.lorena.and.penelope.real.love.1080p.mp4,457199919,946.422,,lf86aeb1,"Blonde, Brunette, Lesbian, Masturbation, Pussy Licking, Shaved Pussy"
wowgirls.12.04.07.anjelica.and.penelope.sharing.is.caring.1080p.mp4,1568075808,1827.6659,,ma772cd8,"69, Anal, Blowjob, Brunette, Cum In Mouth, FFM, Hardcore, Pussy Licking, Shaved Pussy, Small Tits, Threesome, WowGirls Hottest"
wowgirls.12.04.05.bianca.my.wet.pussy.is.hungry.1080p.mp4,926402645,992.5916,,z4bd60f2,"Dildo, Masturbation, Redhead, Shaved Pussy, Small Tits, Solo"
wowgirls.12.04.04.bianca.pampering.my.kitty.1080p.mp4,547852513,1141.818,,u871bd06,"Dildo, Masturbation, Outdoors, Pool, Redhead, Shaved Pussy, Small Tits, Solo"
wowgirls.12.04.03.mia.and.natasha.kiss.my.wet.kitty.1080p.mp4,344736075,714.66296,,z1a8237d,"Brunette, Lesbian, Masturbation, Outdoors, Pussy Licking, Redhead, Shaved Pussy"
wowgirls.12.04.01.gloria.at.the.mercy.of.the.orgasm.1080p.mp4,567717450,1176.16,,za702c1a,"Masturbation, Solo"
wowgirls.12.04.01.beata.born.to.please.2.1080p.mp4,1038381806,1031.6858,,qccfe718,"Blowjob, Cum In Mouth, Hairy Pussy, Handjob, Rimming, WowGirls Hottest"
wowgirls.12.03.31.hayden.the.strip.on.the.top.1080p.mp4,173734224,356.89212,,xb3220ca,"Outdoors, Redhead, Shaved Pussy, Softcore, Solo"
wowgirls.12.03.31.gloria.and.melanie.b.unused.pussies.1080p.mp4,957213193,1259.2413,,s27e63ca,"Bathroom, Brunette, Exclusive, Lesbian, Masturbation, Oil and Cream, Pussy Licking, Shaved Pussy, WowGirls Hottest"
wowgirls.12.03.30.monroe.lustful.honey.1080p.mp4,983272710,1350.7511,,pd53f33b,"Blonde, Masturbation, Oil and Cream, Shaved Pussy, Solo"
wowgirls.12.03.29.adria.a.mysterious.nymph.1080p.mp4,713697991,991.82587,,qa447c39,"Big Tits, Brunette, Dildo, Masturbation, Shaved Pussy, Solo"
wowgirls.12.03.28.madonna.you.me.together.1080p.mp4,576243012,837.67017,,y80a4510,"Blonde, Shaved Pussy, Softcore, Solo"
wowgirls.12.03.27.beata.a.prickly.flower.1080p.mp4,952976722,1095.0957,,q3846718,"Anal, Dildo, Hairy Pussy, Masturbation, Outdoors, Solo"
wowgirls.12.03.25.caprice.moist.fingers.1080p.mp4,546835202,935.5346,,qc905aa4,"Masturbation, Redhead, Shaved Pussy, Solo"
wowgirls.12.03.24.natasha.wild.diva.720p.mp4,547681287,835.50226,,m1d6c5f9,"Outdoors, Pee, Redhead, Shaved Pussy, Softcore, Solo"
wowgirls.12.03.23.zaya.a.liberated.hottie.1080p.mp4,464423798,961.538,,qe58a989,"Brunette, Masturbation, Pantyhose, Pee, Shaved Pussy, Small Tits, Solo"
wowgirls.12.03.22.lorena.and.penelope.double.cheese.1080p.mp4,1116595037,1504.2119,,u78a5c2a,"Blonde, Blowjob, Brunette, Cum On Face, FFM, Hardcore, Masturbation, Pussy Licking, Shaved Pussy, Threesome, WowGirls Hottest"
wowgirls.12.03.19.regina.and.ulyana.a.common.joy.1080p.mp4,738451519,1295.2957,,m53721be,"Blonde, Dildo, Lesbian, Masturbation, Pussy Licking, Shaved Pussy"
wowgirls.12.03.19.leila.touch.me.1080p.mp4,810732829,808.1407,,m88cc243,"Brunette, Shaved Pussy, Small Tits, Softcore, Solo"
wowgirls.12.03.16.mia.dj.mia.1080p.mp4,650406709,838.9381,,y675700d,"Blowjob, Brunette, Hardcore, Shaved Pussy, WowGirls Hottest"
wowgirls.12.03.15.alyona.a.gentle.penetration.1080p.mp4,592925353,1237.252,,v024c82b,"Blonde, Blowjob, Cum On Face, Hardcore, Pussy Licking, Shaved Pussy"
wowgirls.12.03.13.irina.k.you.made.her.hot.1080p.mp4,586857681,1068.067,,q3a73a66,"Blonde, Masturbation, Shaved Pussy, Solo, WowGirls Hottest"
wowgirls.12.03.12.mia.and.natasha.lost.in.the.paradise.720p.mp4,988850539,1171.7689,,zdaa3d89,"Brunette, Lesbian, Masturbation, Outdoors, Pussy Licking, Redhead, Shaved Pussy"
wowgirls.12.03.10.gloria.gloria.longstocking.1080p.mp4,554538574,1148.621,,qa8acccd,"Shaved Pussy, Softcore, Solo"
wowgirls.12.03.10.charlotte.lets.try.a.huge.one.1080p.mp4,364918585,778.82,,vd3ea5d7,"Dildo, Masturbation, Shaved Pussy, Small Tits, Solo"
wowgirls.12.03.07.natasha.von.when.you.find.the.one.1080p.mp4,938191959,1111.2838,,ka5e58ff,"Blonde, Blowjob, Creampie, Hardcore, Masturbation, Pussy Licking, Rimming, Shaved Pussy, Squirt, WowGirls Hottest"
wowgirls.12.03.06.bianca.an.opening.flower.1080p.mp4,1196764559,1553.3868,,oe6c1fc9,"Blowjob, Hardcore, Outdoors, Pussy Licking, Redhead, Shaved Pussy, Small Tits"
wowgirls.12.03.04.ivana.and.mia.love.to.spread.1080p.mp4,1023593135,1234.233,,p01adcae,"69, Brunette, Lesbian, Masturbation, Pussy Licking, Shaved Pussy, Small Tits, Toys"
wowgirls.12.03.03.andrea.a.sense.of.freedom.1080p.mp4,389864900,807.45,,x3548eaa,"Brunette, Dildo, Masturbation, Outdoors, Shaved Pussy, Solo"
wowgirls.12.03.02.alyona.and.paloma.lesbian.delights.1080p.mp4,1068078821,1188.8894,,y7697e45,"Blonde, Brunette, Lesbian, Masturbation, Pussy Licking, Shaved Pussy"
wowgirls.12.03.01.malena.morgan.big.deal.1080p.mp4,491548387,730.39636,,s40d3220,"Brunette, Dildo, Lingerie, Masturbation, Shaved Pussy, Solo, WowGirls Hottest"
wowgirls.12.03.01.angela.and.lindsey.a.threesome.date.1080p.mp4,799373166,1666.751,,sfe1a5eb,"Anal, Blowjob, Brunette, Cum On Face, FFM, Hardcore, Outdoors, Shaved Pussy, Small Tits"
wowgirls.12.02.29.gloria.gushing.for.love.1080p.mp4,482298703,999.154,,wfc33ad5,"Softcore, Solo"
wowgirls.12.02.27.stephanie.passion.knows.no.bounds.1080p.mp4,829628083,1414.9802,,o171d389,"Blonde, Blowjob, Hardcore, Shaved Pussy, Small Tits, Stockings"
wowgirls.12.02.27.andrea.cant.hide.a.passion.1080p.mp4,469788546,984.363,,k73c0e42,"Brunette, Dildo, Finger Licking, Masturbation, Shaved Pussy, Solo"
wowgirls.12.02.26.jessie.rogers.a.fit.toy.1080p.mp4,520620915,991.5256,,paf51c5e,"Blonde, Dildo, Lingerie, Masturbation, Shaved Pussy, Small Tits, Solo"
wowgirls.12.02.21.regina.an.irrepressible.libido.1080p.mp4,573649400,1187.491,,la36859f,"Blonde, Dildo, Masturbation, Outdoors, Shaved Pussy, Solo"
wowgirls.12.02.21.ivana.sudden.desire.1080p.mp4,327147162,677.813,,s4093154,"Anal, Masturbation, Shaved Pussy, Small Tits, Solo"
wowgirls.12.02.21.caprice.wow.dance.1080p.mp4,581415992,690.3897,,q2fb1ddd,"Dance, Outdoors, Redhead, Shaved Pussy, Softcore, Solo"
wowgirls.12.02.20.ivana.and.natasha.lesbian.joy.1080p.mp4,635269995,1190.674,,wf0f024c,"Lesbian, Masturbation, Outdoors, Redhead, Shaved Pussy, Small Tits"
wowgirls.12.02.15.paloma.and.rea.natural.goddesses.1080p.mp4,1390815162,1861.8933,,u4ea4c31,"Blonde, Brunette, Dildo, Exclusive, Lesbian, Masturbation, Pussy Licking, Shaved Pussy, WowGirls Hottest"
wowgirls.12.02.14.lorena.make.my.vagina.wet.1080p.mp4,778784110,1611.813,,s40b195a,"Blonde, Blowjob, Hardcore, Pussy Licking, Shaved Pussy, Stockings"
wowgirls.12.02.12.bianca.and.paloma.toys.are.fun.1080p.mp4,1470941251,1834.3325,,z4414a4e,"Blowjob, Brunette, Exclusive, FFM, Hardcore, Shaved Pussy, Small Tits, Threesome"
wowgirls.12.02.10.gloria.i.love.touching.my.petals.1080p.mp4,497757834,1030.339,,yee0f11e,"Blonde, Masturbation, Solo"
wowgirls.12.02.09.penelope.toy.hungry.nymph.1080p.mp4,389661549,806.359,,s02b0101,"Brunette, Dildo, Masturbation, Shaved Pussy, Solo"
wowgirls.12.02.09.jasmin.unreal.cucumber.1080p.mp4,788935865,1027.4932,,p82dae1f,"Brunette, Exclusive, Masturbation, Shaved Pussy, Small Tits, Solo, Toys, WowGirls Hottest"
wowgirls.12.02.08.gloria.swing.me.higher.1080p.mp4,1752268779,997.66504,,v4302ee5,"Finger Licking, Masturbation, Outdoors, Pantyhose, Solo"
wowgirls.12.02.06.stephanie.the.top.player.1080p.mp4,343527364,711.459,,y1d8e2c6,"Blonde, Finger Licking, Masturbation, Outdoors, Shaved Pussy, Small Tits, Solo"
wowgirls.12.02.05.natasha.von.love.at.first.sight.1080p.mp4,673429465,1393.777,,sda6e20e,"69, Blonde, Blowjob, Hardcore, Pussy Licking, Rimming, Shaved Pussy"
wowgirls.12.02.05.jessie.rogers.and.malena.morgan.kitties.left.alone.1080p.mp4,644297260,1021.1868,,z81654c5,"Blonde, Brunette, Dildo, Lesbian, Lingerie, Masturbation, Pussy Licking, Shaved Pussy, Small Tits, WowGirls Hottest"
wowgirls.12.02.04.monroe.juicy.pussy.1080p.mp4,675497668,1397.446,,od2a3110,"Blonde, Masturbation, Oil and Cream, Shaved Pussy, Solo"
wowgirls.12.02.03.inez.busty.champ.1080p.mp4,544141178,1126.5391,,q57a3805,"Big Tits, Brunette, Masturbation, Pantyhose, Shaved Pussy, Solo"
wowgirls.12.02.02.angela.and.paloma.dream.of.any.single.man.1080p.mp4,2030776830,1609.1742,,u7eb2e38,"Anal, Blowjob, Brunette, Cum On Face, Exclusive, FFM, Hardcore, Outdoors, Pussy Licking, Shaved Pussy, Small Tits, Squirt, Threesome"
wowgirls.12.01.31.eleanor.and.mia.spice.nymphs.1080p.mp4,521091438,1079.124,,s54163f0,"Blonde, Brunette, Lesbian, Masturbation, Pussy Licking, Shaved Pussy"
wowgirls.12.01.30.anjelica.spoil.the.beauty.1080p.mp4,660255414,1366.146,,pa1564f0,"Blowjob, Hardcore, Oil and Cream, Pussy Licking, Shaved Pussy, Small Tits"
wowgirls.12.01.29.adria.busty.couldnt.get.used.to.the.boredom.1080p.mp4,571963828,1184.426,,va523d94,"Big Tits, Brunette, Masturbation, Shaved Pussy, Solo, Toys"
wowgirls.12.01.27.guerlain.and.madonna.naked.hug.1080p.mp4,784052192,935.1008,,se2b1fc4,"Blonde, Exclusive, Finger Licking, Lesbian, Outdoors, Shaved Pussy, Softcore, WowGirls Hottest"
wowgirls.12.01.24.jessie.rogers.thinking.of.tomorrow.1080p.mp4,612734847,1052.4181,,za748a64,"Blonde, Dildo, Masturbation, Shaved Pussy, Small Tits, Solo"
wowgirls.12.01.23.jasmin.kinky.brunette.1080p.mp4,416548420,872.907,,t57c7df7,"Brunette, Dildo, Masturbation, Shaved Pussy, Small Tits, Solo"
wowgirls.12.01.22.ivana.a.sudden.desire.1080p.mp4,285438038,591.273,,s9717d19,"Masturbation, Outdoors, Shaved Pussy, Small Tits, Solo"
wowgirls.12.01.22.gloria.cutie.in.seethrough.lingerie.1080p.mp4,381927386,790.802,,o64df432,"Masturbation, Solo, Stockings"
wowgirls.12.01.21.paloma.palomas.dream.1080p.mp4,1687838144,1403.1685,,yc260b19,"Blowjob, Brunette, Cum In Mouth, Cum On Face, Exclusive, Hardcore, MMF, Outdoors, Shaved Pussy, Threesome"
wowgirls.12.01.21.ivana.and.natasha.its.gonna.be.a.hot.date.1080p.mp4,647405619,1340.256,,pf73cdde,"Dildo, Lesbian, Masturbation, Redhead, Shaved Pussy, Small Tits"
wowgirls.12.01.17.dream.july.juicy.blondie.1080p.mp4,1066994833,1477.576,,ldd3ea4b,"Big Tits, Blonde, Oil and Cream, Shaved Pussy, Softcore"
wowgirls.12.01.16.guerlain.and.madonna.showing.our.passion.1080p.mp4,275394090,570.351,,y6882d5d,"Blonde, Lesbian, Shaved Pussy, Softcore"
wowgirls.12.01.14.ivana.that.track.makes.me.wild.1080p.mp4,418627857,784.532,,m745f191,"Masturbation, Shaved Pussy, Small Tits, Solo"
wowgirls.12.01.12.paloma.surrendered.to.please.1080p.mp4,1613876540,1566.7318,,k45b468e,"Blowjob, Brunette, Exclusive, Hardcore, Pussy Licking, Rimming, Shaved Pussy"
wowgirls.12.01.10.lorena.an.arousal.story.1080p.mp4,542126649,1122.499,,k029614e,"Blonde, Dildo, Masturbation, Shaved Pussy, Solo"
wowgirls.12.01.08.lily.lilys.weakness.1080p.mp4,482859034,1000.339,,n32963c3,"Brunette, Dildo, Masturbation, Shaved Pussy, Solo"
wowgirls.12.01.07.inez.i.got.all.you.need.1080p.mp4,733842445,886.6191,,k75aeb89,"Big Tits, Brunette, Exclusive, Masturbation, Outdoors, Shaved Pussy, Solo"
wowgirls.12.01.07.gloria.my.dirty.dreams.1080p.mp4,576807993,1194.434,,u3fc5245,"Masturbation, Solo"
wowgirls.12.01.06.beata.i.miss.your.hard.cock.1080p.mp4,668866072,933.5677,,n70ba901,"Anal, Dildo, Hairy Pussy, Masturbation, Outdoors, Solo"
wowgirls.12.01.04.bianca.trying.not.to.scream.1080p.mp4,446199775,923.666,,t9174f6a,"Dildo, Masturbation, Redhead, Shaved Pussy, Small Tits, Solo"
wowgirls.12.01.03.paloma.and.rea.juicy.kiss.1080p.mp4,621001160,1285.689,,mdf7f658,"69, Blonde, Brunette, Dildo, Lesbian, Masturbation, Pussy Licking, Shaved Pussy"
wowgirls.12.01.03.luiza.and.paloma.lovely.threesome.1080p.mp4,1508423205,1482.2141,,s7d709c1,"Anal, Blowjob, Brunette, Exclusive, FFM, Hardcore, Outdoors, Pussy Licking, Shaved Pussy, Squirt, Threesome, WowGirls Hottest"
wowgirls.11.12.31.guerlain.erotic.splash.1080p.mp4,405335516,839.424,,rb7d4c43,"Bathroom, Brunette, Softcore, Solo"
wowgirls.11.12.30.adria.and.mia.heaven.is.here.1080p.mp4,969137347,1316.949,,t4011e99,"Big Tits, Brunette, Dildo, Lesbian, Masturbation, Pussy Licking, Shaved Pussy"
wowgirls.11.12.28.gloria.disco.girl.1080p.mp4,375807295,778.07806,,w87a8888,"Masturbation, Outdoors, Shaved Pussy, Solo"
wowgirls.11.12.27.nadin.sunny.hardcore.1080p.mp4,721598433,1493.832,,ld806f49,"Blonde, Blowjob, Hardcore, Outdoors, Shaved Pussy, Small Tits"
wowgirls.11.12.26.dream.july.and.monroe.massage.for.a.princess.1080p.mp4,1270766459,1484.3162,,w6f6a4ae,"69, Big Tits, Blonde, Exclusive, Lesbian, Masturbation, Oil and Cream, Outdoors, Shaved Pussy, WowGirls Hottest"
wowgirls.11.12.24.natasha.von.wet.inside.outside.1080p.mp4,668381835,1384.025,,y7eef8e4,"Blonde, Dildo, Finger Licking, Masturbation, Oil and Cream, Shaved Pussy, Solo"
wowgirls.11.12.22.bianca.sunset.love.1080p.mp4,1268961453,1506.0378,,z0c25dd6,"Blowjob, Brunette, Hardcore, Outdoors, Pantyhose, Pussy Licking, Shaved Pussy, Small Tits"
wowgirls.11.12.19.angela.and.lindsey.having.a.hot.walk.1080p.mp4,862473970,1785.661,,ybdd27b2,"Anal, Brunette, Dildo, Lesbian, Masturbation, Outdoors, Pussy Licking, Redhead, Shaved Pussy, Small Tits"
wowgirls.11.12.18.madonna.talented.photographer.1080p.mp4,365004320,755.229,,p228d6d5,"Blonde, Outdoors, Shaved Pussy, Softcore, Solo"
wowgirls.11.12.18.gloria.frolics.on.the.roof.1080p.mp4,411199955,852.12604,,qf37b5b9,"Finger Licking, Masturbation, Outdoors, Solo"
wowgirls.11.12.18.caprice.wet.yoga.1080p.mp4,812888659,1138.8376,,ydfbec1f,"Dildo, Masturbation, Outdoors, Redhead, Shaved Pussy, Solo, Sport and Fitness"
wowgirls.11.12.16.ivana.leave.me.alone.1080p.mp4,380024670,786.924,,y4d3bb5d,"Anal, Masturbation, Shaved Pussy, Small Tits, Solo"
wowgirls.11.12.16.dream.july.fast.cock.for.tight.pussy.1080p.mp4,663303502,1372.694,,kdd91caa,"Big Tits, Blonde, Blowjob, Cum On Face, Finger Licking, Hardcore, Pantyhose, Pussy Licking, Shaved Pussy"
wowgirls.11.12.15.malena.morgan.horny.popstar.1080p.mp4,487840477,1010.184,,x60cc95a,"Dildo, Finger Licking, Masturbation, Redhead, Shaved Pussy, Solo"
wowgirls.11.12.13.stephanie.stephanie.loves.it.doggy.style.1080p.mp4,887946949,1049.4835,,xbb5a4a7,"Blonde, Blowjob, Cum On Face, Hardcore, Pussy Licking, Shaved Pussy, Small Tits"
wowgirls.11.12.09.alyona.playing.by.the.pool.1080p.mp4,477926549,990.308,,q06ff089,"Blonde, Finger Licking, Masturbation, Outdoors, Shaved Pussy, Solo"
wowgirls.11.12.08.melanie.b.and.stephanie.naughty.lovers.1080p.mp4,682671034,1412.33,,l18ee8a0,"Brunette, Dildo, Lesbian, Masturbation, Pool, Shaved Pussy, Small Tits, Toys"
wowgirls.11.12.08.bianca.sex.drives.1080p.mp4,1015585365,1188.0869,,p4118dcd,"Anal, Dildo, Masturbation, Outdoors, Redhead, Shaved Pussy, Solo"
wowgirls.11.12.03.ulyana.tasty.lips.1080p.mp4,432182638,906.646,,x2af3b4e,"Blonde, Dildo, Masturbation, Outdoors, Shaved Pussy, Small Tits, Solo"
wowgirls.11.12.02.elisse.and.stephanie.blondies.cant.stop.cumming.1080p.mp4,557237217,1154.101,,l7bb593e,"Anal, Blonde, Dildo, Lesbian, Masturbation, Outdoors, Pantyhose, Pee, Pussy Licking, Shaved Pussy, Small Tits"
wowgirls.11.12.01.melanie.b.my.stream.is.sexy.1080p.mp4,288583361,533.4329,,nbb11364,"Brunette, Oil and Cream, Outdoors, Pee, Shaved Pussy, Softcore, Solo"
wowgirls.11.11.30.melanie.b.another.chance.to.get.wet.1080p.mp4,442099657,915.33,,q70a78c2,"Brunette, Dildo, Masturbation, Outdoors, Shaved Pussy, Solo"
wowgirls.11.11.30.gloria.on.the.blades.edge.1080p.mp4,366829755,759.966,,ubcce105,"Bathroom, Hairy Pussy, Oil and Cream, Pee, Shaved Pussy, Shaving, Softcore, Solo"
wowgirls.11.11.27.stephanie.hot.makeup.1080p.mp4,437427437,819.54803,,z42788bd,"Blonde, Masturbation, Shaved Pussy, Small Tits, Solo"
wowgirls.11.11.25.andrea.my.macho.take.me.away.1080p.mp4,1132212102,1307.4309,,xdc95731,"Blowjob, Brunette, Hardcore, Shaved Pussy"
wowgirls.11.11.24.jasmin.modern.chick.1080p.mp4,507040504,1049.4495,,o8def1e0,"Brunette, Dildo, Masturbation, Shaved Pussy, Small Tits, Solo"
wowgirls.11.11.23.mia.and.natasha.lesbian.orgasm.contest.1080p.mp4,511114319,1058.1329,,tc954c49,"Brunette, Lesbian, Outdoors, Redhead, Shaved Pussy"
wowgirls.11.11.21.vasilisa.losing.my.mind.1080p.mp4,423425487,876.483,,pf5223ed,"Brunette, Masturbation, Outdoors, Shaved Pussy, Small Tits, Solo"
wowgirls.11.11.20.malena.morgan.its.gonna.be.hot.1080p.mp4,396936286,821.638,,ob4a49cd,"Dildo, Finger Licking, Masturbation, Redhead, Shaved Pussy, Solo"
wowgirls.11.11.20.gloria.i.miss.you.1080p.mp4,836156097,986.6874,,z09fca2a,"Finger Licking, Shaved Pussy, Softcore, Solo"
wowgirls.11.11.19.beata.too.big.1080p.mp4,1205907232,1296.2616,,z5677e5f,"Blowjob, Cum In Mouth, Cum On Face, Footjob, Hairy Pussy, Handjob, Hardcore, Redhead"
wowgirls.11.11.18.stephanie.wet.blondie.1080p.mp4,609055915,1260.495,,wa0f5941,"Blonde, Masturbation, Outdoors, Shaved Pussy, Small Tits, Solo"
wowgirls.11.11.17.caprice.the.energy.of.life.1080p.mp4,562814563,1166.083,,yf0b22e5,"Outdoors, Redhead, Shaved Pussy, Softcore, Solo"
wowgirls.11.11.15.guerlain.and.madonna.summer.rain.1080p.mp4,2470808815,909.4419,,nfcfa01a,"Blonde, Brunette, Exclusive, Lesbian, Outdoors, Shaved Pussy, Softcore, WowGirls Hottest"
wowgirls.11.11.14.ivana.my.favourite.place.1080p.mp4,530772567,1098.652,,v61ccc0a,"Bathroom, Dildo, Masturbation, Oil and Cream, Shaved Pussy, Small Tits, Solo"
wowgirls.11.11.13.lorena.and.penelope.horny.trio.1080p.mp4,832748662,1723.64,,qa232a82,"Blonde, Blowjob, Brunette, Creampie, FFM, Hardcore, Pantyhose, Pussy Licking, Shaved Pussy, Threesome, WowGirls Hottest"
wowgirls.11.11.13.bianca.like.a.beautiful.toy.1080p.mp4,981812896,1638.8372,,o40b2955,"Blowjob, Handjob, Hardcore, Lingerie, Redhead, Shaved Pussy, Small Tits"
wowgirls.11.11.12.caprice.caprice.goes.hardcore.1080p.mp4,688376596,1425.008,,z879cb81,"Blowjob, Hardcore, Outdoors, Redhead, Shaved Pussy"
wowgirls.11.11.11.charlotte.blackout.1080p.mp4,825027317,1005.2042,,v04edfb6,"Dildo, Masturbation, Shaved Pussy, Solo"
wowgirls.11.11.10.monroe.morning.orgasm.1080p.mp4,951851857,1518.5854,,u6ca8b31,"Blonde, Masturbation, Shaved Pussy, Solo"
wowgirls.11.11.09.natasha.a.little.can.go.a.long.way.1080p.mp4,486543638,1007.212,,r04ce87a,"Anal, Dildo, Masturbation, Outdoors, Shaved Pussy, Solo"
wowgirls.11.11.09.monroe.fucking.a.red.umbrella.1080p.mp4,797291903,1223.956,,wff3e2a8,"Blonde, Exclusive, Masturbation, Shaved Pussy, Solo, Toys"
wowgirls.11.11.09.melanie.b.my.secret.desire.1080p.mp4,528678929,1094.728,,m42cfc60,"Brunette, Dildo, Finger Licking, Masturbation, Outdoors, Pantyhose, Shaved Pussy, Solo"
wowgirls.11.11.08.adria.mia.and.romea.brunettes.attack.romea.1080p.mp4,532968032,1103.807,,xa55feb6,"Big Tits, Brunette, Dildo, FFF+, Lesbian, Masturbation, Outdoors, Pussy Licking, Redhead, Shaved Pussy, Threesome"
wowgirls.11.11.07.alyona.dreams.come.true.1080p.mp4,1874137144,1573.839,,qabcfef6,"Blonde, Blowjob, Hardcore, Outdoors, Pussy Licking, Shaved Pussy, WowGirls Hottest"
wowgirls.11.11.05.gloria.simple.perfection.1080p.mp4,393630114,815.252,,ud7ba603,"Blonde, Shaved Pussy, Softcore, Solo, Stockings"
wowgirls.11.11.05.angela.and.luiza.dos.buenas.1080p.mp4,1117212972,1470.8026,,sfcac871,"Anal, Brunette, Dildo, Lesbian, Lingerie, Masturbation, Pussy Licking, Shaved Pussy, Small Tits"
wowgirls.11.11.04.guerlain.gorgeous.in.red.1080p.mp4,515036122,1067.119,,l21a8099,"Outdoors, Softcore, Solo"
wowgirls.11.11.01.klara.the.woman.in.the.middle.1080p.mp4,1492186136,1344.9436,,m52b2c71,"Anal, Blowjob, Cum On Face, Deepthroat, Hardcore, MMF, Redhead, Shaved Pussy, Threesome, WowGirls Hottest"
wowgirls.11.10.31.hanna.and.klara.kiss.my.wet.lips.1080p.mp4,647883868,1341.277,,r322dab7,"Brunette, Dildo, Lesbian, Masturbation, Outdoors, Pussy Licking, Redhead, Shaved Pussy"
wowgirls.11.10.30.dakota.mia.and.romea.free.time.frolics.1080p.mp4,636092972,1316.757,,kf4477fc,"69, Blonde, Brunette, FFF+, Lesbian, Masturbation, Outdoors, Pussy Licking, Shaved Pussy, Threesome"
wowgirls.11.10.30.bianca.a.sunset.love.1080p.mp4,946588901,1144.777,,yeae39c6,"Blowjob, Hardcore, Redhead, Shaved Pussy, Small Tits, WowGirls Hottest"
wowgirls.11.10.29.melanie.b.glamour.girl.1080p.mp4,478082036,989.797,,sb2b7fdb,"Brunette, Dildo, Finger Licking, Masturbation, Shaved Pussy, Solo"
wowgirls.11.10.29.ivana.wet.lips.720p.mp4,500664627,884.36896,,k70f9f22,"Anal, Blonde, Finger Licking, Masturbation, Outdoors, Shaved Pussy, Small Tits, Solo"
wowgirls.11.10.29.gloria.explosive.girl.1080p.mp4,449448790,930.934,,t8facdba,"Hairy Pussy, Softcore, Solo"
wowgirls.11.10.28.vasilisa.moaning.girl.1080p.mp4,558493733,1156.028,,q87e867e,"Blowjob, Brunette, Hardcore, Outdoors, Shaved Pussy, Small Tits, Squirt"
wowgirls.11.10.28.inez.a.girl.to.die.for.1080p.mp4,727992482,1043.0753,,re243679,"Big Tits, Brunette, Exclusive, Masturbation, Outdoors, Shaved Pussy, Solo"
wowgirls.11.10.27.penelope.penelope.goes.anal.1080p.mp4,887357713,1837.441,,nf7ce2b4,"Anal, Blowjob, Brunette, Hardcore, Pussy Licking, Shaved Pussy"
wowgirls.11.10.26.ivana.and.natasha.huge.enough.for.both.of.us.1080p.mp4,470864853,974.68097,,p82669e8,"Dildo, Lesbian, Outdoors, Redhead, Shaved Pussy"
wowgirls.11.10.24.stephanie.pampering.a.boy.1080p.mp4,674304212,1395.542,,s2f3a8eb,"Blonde, Blowjob, Hardcore, Shaved Pussy, Small Tits, WowGirls Hottest"
wowgirls.11.10.24.paloma.falling.in.love.from.a.first.fuck.1080p.mp4,2123729918,1559.2577,,pea74df2,"Blowjob, Brunette, Cum In Mouth, Cum On Face, Exclusive, Hardcore, Outdoors, Shaved Pussy, Squirt"
wowgirls.11.10.24.jasmin.it.makes.me.feel.so.horny.1080p.mp4,604169677,1250.835,,q58cb78f,"Brunette, Dildo, Masturbation, Pantyhose, Shaved Pussy, Small Tits, Solo"
wowgirls.11.10.23.eleanor.mia.and.nadin.midnight.fun.1080p.mp4,600585768,1243.382,,n989fc00,"Blonde, Brunette, FFF+, Lesbian, Masturbation, Outdoors, Pussy Licking, Shaved Pussy, Small Tits, Stockings, Threesome"
wowgirls.11.10.22.guerlain.look.at.my.eyes.1080p.mp4,1050191538,779.0116,,n0c001f9,"Outdoors, Softcore, Solo, WowGirls Hottest"
wowgirls.11.10.19.melanie.b.and.stephanie.girly.passion.1080p.mp4,1529754217,1270.9363,,y6cbf80a,"Blonde, Brunette, Dildo, Finger Licking, Lesbian, Masturbation, Outdoors, Pussy Licking, Shaved Pussy, Small Tits"
wowgirls.11.10.17.nadin.nadin.loves.hardcore.1080p.mp4,559406550,1158.443,,m915bb26,"Blonde, Blowjob, Hardcore, Pussy Licking, Shaved Pussy, Small Tits, Squirt"
wowgirls.11.10.15.monroe.wanna.see.me.cum.1080p.mp4,547805418,1133.342,,led1c843,"Dildo, Masturbation, Shaved Pussy, Solo"
wowgirls.11.10.14.monroe.sleazy.dreams.1080p.mp4,726020574,1290.923,,l559ce07,"Anal, Blonde, Exclusive, Masturbation, Shaved Pussy, Solo"
wowgirls.11.10.14.eleanor.tasty.toy.720p.mp4,457129496,907.50226,,o08c9478,"Blonde, Dildo, Masturbation, Shaved Pussy, Small Tits, Solo"
wowgirls.11.10.13.gloria.and.jasmin.close.acquaintance.1080p.mp4,569198068,1178.18,,tb34a26e,"Bathroom, Blonde, Brunette, Dildo, Lesbian, Masturbation, Shaved Pussy, Small Tits"
wowgirls.11.10.08.jasmin.captains.girl.1080p.mp4,1015402903,1291.2566,,m568e4c8,"Brunette, Dildo, Masturbation, Shaved Pussy, Small Tits, Solo"
wowgirls.11.10.08.ivana.and.natasha.romantic.lesbo.adventure.1080p.mp4,647935745,1346.223,,p6eecc55,"Blonde, Lesbian, Outdoors, Redhead, Shaved Pussy"
wowgirls.11.10.07.gloria.nimble.fingers.1080p.mp4,362881783,751.421,,r32e7135,"Masturbation, Outdoors, Shaved Pussy, Solo"
wowgirls.11.10.05.beata.and.klara.delicious.girls.1080p.mp4,1143524272,1415.5808,,r170a93e,"Anal, Dildo, Hairy Pussy, Lesbian, Masturbation, Pussy Licking, Redhead, Shaved Pussy, WowGirls Hottest"
wowgirls.11.10.03.hanna.and.klara.final.fantasy.1080p.mp4,1464290309,1396.2281,,m11951a2,"Blowjob, Cum On Face, Deepthroat, FFM, Hardcore, Pantyhose, Pussy Licking, Redhead, Rimming, Squirt, Threesome"
wowgirls.11.10.01.luiza.and.paloma.common.fantasy.1080p.mp4,1954388554,1829.4609,,t41d3a30,"Anal, Blowjob, Brunette, Cum In Mouth, Exclusive, FFM, Hardcore, Shaved Pussy, Squirt, Threesome, WowGirls Hottest"
wowgirls.11.10.01.gloria.unattainable.ideal.1080p.mp4,391574280,810.678,,me3e2982,"Finger Licking, Shaved Pussy, Softcore, Solo"
wowgirls.11.10.01.gloria.and.ivana.ivanas.shooting.experience.1080p.mp4,443604762,918.53503,,wa03a014,"Blonde, Hairy Pussy, Masturbation, Shaved Pussy, Small Tits"
wowgirls.11.09.29.lorena.and.penelope.dripping.wet.1080p.mp4,1162376263,1477.0089,,uecd6a0a,"Blonde, Brunette, Dildo, Lesbian, Masturbation, Pussy Licking, Shaved Pussy"
wowgirls.11.09.29.gloria.hidden.hobby.1080p.mp4,740133781,1532.215,,meb3866a,"Hairy Pussy, Softcore, Solo"
wowgirls.11.09.29.dakota.and.mia.lesbian.satisfaction.1080p.mp4,695369582,1440.008,,w40a9d63,"Blonde, Brunette, Dildo, Lesbian, Masturbation, Pussy Licking, Shaved Pussy, Stockings"
wowgirls.11.09.27.stephanie.easy.tease.1080p.mp4,1053829978,1272.0708,,v68b9b1b,"Blonde, Blowjob, Hardcore, Oil and Cream, Outdoors, Shaved Pussy, Small Tits, WowGirls Hottest"
wowgirls.11.09.26.elisse.and.stephanie.another.chance.to.play.hot.1080p.mp4,705004040,1459.374,,y9fdd21c,"Anal, Blonde, Dildo, Lesbian, Masturbation, Outdoors, Pussy Licking, Shaved Pussy, Small Tits"
wowgirls.11.09.25.lorena.skinny.in.pink.1080p.mp4,770306545,1253.16,,rbec2436,"Blonde, Dildo, Finger Licking, Lingerie, Masturbation, Shaved Pussy, Solo, WowGirls Hottest"
wowgirls.11.09.25.ivana.and.natasha.let.the.girls.cum.1080p.mp4,643867939,1331.9661,,m757866e,"Dildo, Lesbian, Outdoors, Redhead, Shaved Pussy"
wowgirls.11.09.25.gloria.the.polka.dot.princess.1080p.mp4,408521743,846.251,,w8888762,"Hairy Pussy, Softcore, Solo"
wowgirls.11.09.24.inez.hot.summer.evening.1080p.mp4,388957210,806.522,,qf1c7d62,"Big Tits, Brunette, Masturbation, Outdoors, Shaved Pussy, Solo"
wowgirls.11.09.23.alyona.and.charlotte.we.enjoy.licking.1080p.mp4,987304093,1088.6208,,o0adca76,"Blonde, Lesbian, Masturbation, Outdoors, Pussy Licking, Shaved Pussy"
wowgirls.11.09.19.inez.an.overblown.beauty.1080p.mp4,397023343,822.89197,,y4b11914,"Big Tits, Masturbation, Outdoors, Redhead, Shaved Pussy, Solo"
wowgirls.11.09.19.dream.july.and.gloria.lart.du.massage.erotique.1080p.mp4,738146884,1528.778,,za248c35,"Big Tits, Blonde, Lesbian, Masturbation, Oil and Cream, Outdoors, Shaved Pussy"
wowgirls.11.09.19.angela.his.art.is.deep.1080p.mp4,1285070010,1465.5308,,tdc3f11b,"Anal, Blowjob, Brunette, Creampie, Deepthroat, Handjob, Hardcore, Shaved Pussy, Small Tits, Stockings"
wowgirls.11.09.17.melanie.b.fine.thigh.high.1080p.mp4,622915169,1086.6522,,p7367995,"Brunette, Dildo, Masturbation, Outdoors, Shaved Pussy, Solo, Stockings"
wowgirls.11.09.15.natasha.von.best.fucking.skills.1080p.mp4,1464090673,1658.1565,,saaf6e37,"Blonde, Blowjob, Hardcore, Pussy Licking, Rimming, Shaved Pussy"
wowgirls.11.09.15.gloria.fuck.me.720p.mp4,401641859,839.7689,,q7a91eae,"Finger Licking, Fuck Me, Hairy Pussy, Softcore, Solo"
wowgirls.11.09.13.klara.black.fury.foreplay.1080p.mp4,950505258,876.1753,,l6db3585,"Dildo, Masturbation, Oil and Cream, Redhead, Shaved Pussy, Solo, Stockings"
wowgirls.11.09.12.natasha.testing.of.a.huge.toy.1080p.mp4,485814804,1005.61,,ree0043e,"Dildo, Masturbation, Outdoors, Redhead, Shaved Pussy, Solo"
wowgirls.11.09.11.elisse.and.stephanie.morning.kitchen.720p.mp4,705857642,1224.169,,n718fa60,"Blonde, Cum On Face, FFM, Hardcore, Shaved Pussy, Small Tits, Threesome"
wowgirls.11.09.10.klara.juicy.nymph.1080p.mp4,1493670229,1271.7037,,m49eb9ad,"Blowjob, Cum In Mouth, Deepthroat, Hardcore, Redhead, Shaved Pussy, Stockings, WowGirls Hottest"
wowgirls.11.09.08.hanna.finger.myself.1080p.mp4,984372062,1090.4226,,q49f6ba8,"Brunette, Finger Licking, Masturbation, Outdoors, Shaved Pussy, Solo"
wowgirls.11.09.07.gloria.alone.horny.1080p.mp4,651735260,1051.8423,,kfc3378f,"Finger Licking, Masturbation, Shaved Pussy, Solo, Stockings"
wowgirls.11.09.07.eleanor.elisse.and.nadin.lesbian.kingdom.720p.mp4,1075439504,1201.7356,,za564d50,"69, Blonde, FFF+, Lesbian, Masturbation, Outdoors, Pussy Licking, Shaved Pussy, Small Tits, Threesome"
wowgirls.11.09.06.paloma.and.stephanie.the.art.of.mff.1080p.mp4,1669431071,1459.3912,,t0cbb83e,"Blonde, Blowjob, Brunette, Exclusive, FFM, Hardcore, Masturbation, Pussy Licking, Shaved Pussy, Small Tits, Threesome"
wowgirls.11.09.04.elisse.and.stephanie.my.private.bungalow.720p.mp4,1121056717,1360.7019,,w34c4a15,"Blonde, Blowjob, FFM, Hardcore, Outdoors, Pussy Licking, Shaved Pussy, Small Tits, Threesome"
wowgirls.11.09.03.madonna.a.rocking.girl.1080p.mp4,1746747100,908.07385,,ke9a152c,"Blonde, Outdoors, Shaved Pussy, Softcore, Solo"
wowgirls.11.08.30.gloria.narcissistic.fay.720p.mp4,468509386,898.8253,,x93d001a,"Hairy Pussy, Pantyhose, Softcore, Solo"
wowgirls.11.08.30.eleanor.mia.and.natasha.natural.born.nymphos.720p.mp4,1886206461,866.49896,,n6356850,"60 Frames, Blonde, Brunette, Exclusive, FFF+, Lesbian, Oil and Cream, Outdoors, Redhead, Shaved Pussy, Small Tits, Softcore, Threesome"
wowgirls.11.08.29.luiza.a.desired.gate.1080p.mp4,1260126349,1383.0483,,zfff86f9,"Blowjob, Brunette, Cum On Face, Hardcore, Outdoors, Shaved Pussy, Squirt, WowGirls Hottest"
wowgirls.11.08.28.stasha.dont.be.shy.stasha.720p.mp4,576740975,884.7816,,o910677d,"Bathroom, Blonde, Exclusive, Finger Licking, Oil and Cream, Shaved Pussy, Small Tits, Softcore, Solo"
wowgirls.11.08.27.penelope.getting.satisfied.to.distraction.1080p.mp4,945373878,1420.1187,,t4656c9a,"Brunette, Dildo, Finger Licking, Lingerie, Masturbation, Shaved Pussy, Solo"
wowgirls.11.08.27.inez.nifty.senorita.1080p.mp4,410257288,848.991,,pcb8a13f,"Big Tits, Masturbation, Outdoors, Redhead, Shaved Pussy, Solo"
wowgirls.11.08.27.gloria.twilight.fantasies.1080p.mp4,462317350,957.12604,,w3f61019,"Hairy Pussy, Masturbation, Solo"
wowgirls.11.08.24.paloma.pleasuring.herself.1080p.mp4,1369225582,1238.7041,,uf3df35c,"Brunette, Dildo, Exclusive, Masturbation, Outdoors, Pool, Shaved Pussy, Solo"
wowgirls.11.08.23.stasha.first.time.nude.720p.mp4,1136014784,1055.2351,,od242e22,"Blonde, Exclusive, Oil and Cream, Shaved Pussy, Small Tits, Softcore, Solo"
wowgirls.11.08.22.ivana.visit.to.library.1080p.mp4,949938284,1101.9008,,x9325016,"Dildo, Masturbation, Shaved Pussy, Small Tits, Solo"
wowgirls.11.08.21.ivana.and.mia.the.day.we.became.bi.720p.mp4,1177197481,1389.7667,,o96aa4e5,"69, Brunette, Lesbian, Masturbation, Shaved Pussy, Small Tits"
wowgirls.11.08.19.mika.let.me.cum.720p.mp4,1332237605,862.7953,,lb5899ed,"Finger Licking, Masturbation, Outdoors, Shaved Pussy, Small Tits, Solo"
wowgirls.11.08.19.lorena.and.natasha.von.close.fight.1080p.mp4,1230960027,1917.5156,,l65660e2,"Blonde, Blowjob, Cum In Mouth, Cum On Face, FFM, Hardcore, Lingerie, Pussy Licking, Shaved Pussy, Threesome, WowGirls Hottest"
wowgirls.11.08.17.ivana.and.natasha.between.us.girls.720p.mp4,675715799,1331.7667,,k1c57643,"Blonde, Exclusive, Lesbian, Masturbation, Redhead, Shaved Pussy, Small Tits"
wowgirls.11.08.15.natasha.in.the.wild.1080p.mp4,425602656,883.426,,sf2e4d84,"Masturbation, Outdoors, Redhead, Shaved Pussy, Solo"
wowgirls.11.08.15.mia.and.natasha.out.of.town.720p.mp4,982278117,1218.2671,,kdc9bfe9,"Brunette, Dildo, Exclusive, Lesbian, Masturbation, Pussy Licking, Redhead, Shaved Pussy, Small Tits"
wowgirls.11.08.14.natasha.von.the.right.time.1080p.mp4,883523668,1222.7549,,q6ed645d,"Blonde, Blowjob, Hardcore, Pussy Licking, Shaved Pussy"
wowgirls.11.08.14.jasmin.pleasure.booth.1080p.mp4,460137051,952.854,,z6d781c3,"Bathroom, Brunette, Dildo, Masturbation, Shaved Pussy, Small Tits, Solo"
wowgirls.11.08.13.gloria.on.the.flying.carpet.720p.mp4,393976868,1047.3253,,p9ab616e,"Hairy Pussy, Softcore, Solo"
wowgirls.11.08.12.gloria.rubbing.my.pussy.1080p.mp4,903044174,916.58234,,mf54ac75,"Shaved Pussy, Softcore, Solo"
wowgirls.11.08.12.gloria.look.inside.my.pussy.1080p.mp4,425984768,891.53,,qd84da68,"Bathroom, Masturbation, Solo"
wowgirls.11.08.11.jasmin.northern.light.1080p.mp4,907258698,1076.442,,m3ee673b,"Brunette, Dildo, Lingerie, Masturbation, Shaved Pussy, Small Tits, Solo, WowGirls Hottest"
wowgirls.11.08.09.inez.strip.in.private.bungalow.1080p.mp4,486275822,1014.828,,q80a20a8,"Big Tits, Brunette, Masturbation, Outdoors, Shaved Pussy, Solo"
wowgirls.11.08.07.alyona.endless.shower.1080p.mp4,291361697,345.41174,,q37507ab,"Blonde, Outdoors, Pee, Shaved Pussy, Softcore, Solo, WowGirls Hottest"
wowgirls.11.08.05.mia.a.man.who.wasnt.there.1080p.mp4,1058685945,1290.289,,p348027a,"Blowjob, Brunette, Hardcore, Shaved Pussy"
wowgirls.11.08.05.gloria.nympho.in.red.1080p.mp4,480634155,995.184,,ndda97c9,"Pantyhose, Shaved Pussy, Softcore, Solo"
wowgirls.11.08.04.adria.all.i.got.is.yours.1080p.mp4,522454314,1091.965,,x4e5bbbf,"Anal, Big Tits, Brunette, Dildo, Masturbation, Shaved Pussy, Solo"
wowgirls.11.08.02.natasha.pleasure.time.1080p.mp4,331767466,686.869,,x6a22f8a,"Dildo, Finger Licking, Masturbation, Redhead, Shaved Pussy, Solo"
wowgirls.11.08.02.gloria.doing.nothing.is.something.1080p.mp4,889344651,1006.1051,,sef6c00a,"Shaved Pussy, Softcore, Solo"
wowgirls.11.07.29.adria.restless.adria.1080p.mp4,508359120,1053.303,,l38c700f,"Big Tits, Brunette, Dildo, Masturbation, Shaved Pussy, Solo"
wowgirls.11.07.28.ivana.and.mia.the.final.game.1080p.mp4,477874673,988.729,,r1942c80,"69, Brunette, Lesbian, Masturbation, Shaved Pussy, Small Tits"
wowgirls.11.07.27.gloria.petite.pussy.lips.1080p.mp4,701164388,929.3301,,n3864243,"Shaved Pussy, Softcore, Solo"
wowgirls.11.07.26.eleanor.elisse.and.stephanie.morning.exercises.1080p.mp4,265991002,550.127,,nee2ca63,"Blonde, FFF+, Lesbian, Oil and Cream, Outdoors, Shaved Pussy, Small Tits, Softcore, Sport and Fitness, Threesome"
wowgirls.11.07.23.mia.and.monica.lesbo.workout.on.the.roof.1080p.mp4,180797835,374.63,,kc01b09c,"69, Brunette, Lesbian, Masturbation, Outdoors, Pussy Licking, Shaved Pussy"
wowgirls.11.07.19.elisse.nadin.and.stephanie.riding.a.strong.cock.720p.mp4,962974978,1509.7023,,t572bd12,"Blonde, Blowjob, Group, Hardcore, Outdoors, Pussy Licking, Shaved Pussy, Small Tits"
wowgirls.11.07.18.nadin.and.stephanie.threesome.in.the.wild.720p.mp4,1393265376,1561.9022,,t35a2673,"Blonde, Blowjob, FFM, Hardcore, Outdoors, Pussy Licking, Shaved Pussy, Small Tits, Threesome"
wowgirls.11.07.15.maria.creamed.satisfied.1080p.mp4,258028932,535.22,,sa70b2f4,"Bathroom, Brunette, Oil and Cream, Shaved Pussy, Softcore, Solo"
wowgirls.11.07.13.gloria.the.voodoo.queen.1080p.mp4,417921266,865.106,,o11f2325,"Bathroom, Oil and Cream, Pee, Shaved Pussy, Softcore, Solo"
wowgirls.11.07.12.ivana.wet.fingers.in.two.holes.1080p.mp4,449520945,930.3303,,scd22479,"Anal, Masturbation, Shaved Pussy, Solo"
wowgirls.11.07.08.penelope.stylish.toy.inside.me.1080p.mp4,595982616,1233.212,,r6cca9f6,"Brunette, Dildo, Masturbation, Shaved Pussy, Solo"
wowgirls.11.07.07.stasha.your.new.angel.1080p.mp4,339701130,703.425,,vb0f006b,"Blonde, Outdoors, Shaved Pussy, Small Tits, Softcore, Solo"
wowgirls.11.07.05.gloria.prelude.to.fingering.720p.mp4,430819101,960.4356,,n5eba035,"Hairy Pussy, Softcore, Solo, Stockings"
wowgirls.11.07.04.adria.dildoying.on.the.waves.1080p.mp4,572426423,1186.5865,,uc8f8705,"Anal, Big Tits, Brunette, Dildo, Masturbation, Outdoors, Pool, Shaved Pussy, Solo"
wowgirls.11.06.28.gloria.beautiful.shower.1080p.mp4,428538634,487.82803,,z3b53f93,"Outdoors, Pee, Shaved Pussy, Softcore, Solo, WowGirls Hottest"
wowgirls.11.06.27.lorena.and.penelope.one.pink.for.two.shaved.1080p.mp4,614545543,1271.919,,u2b46c6c,"69, Blonde, Brunette, Dildo, Lesbian, Masturbation, Pussy Licking, Shaved Pussy"
wowgirls.11.06.22.lorena.and.natasha.von.lesbian.caresses.1.1080p.mp4,663939827,1374.2743,,xe6d46f3,"Blonde, Dildo, Lesbian, Masturbation, Pussy Licking, Shaved Pussy"
wowgirls.11.06.19.lorena.and.natasha.von.one.for.two.hungry.mouths.1080p.mp4,284476991,594.477,,la1e4dc2,"Blonde, Blowjob, Cum On Face, FFM, Hardcore, Shaved Pussy, Threesome"
wowgirls.11.06.16.lorena.and.penelope.tight.pussy.driller.1080p.mp4,659476432,1367.516,,z0e4d0d4,"Blonde, Brunette, Dildo, Lesbian, Masturbation, Pussy Licking, Shaved Pussy"
wowgirls.11.06.15.nadin.playground.for.adults.1080p.mp4,617465676,1287.941,,q2148975,"Blonde, Blowjob, Hardcore, Outdoors, Shaved Pussy"
wowgirls.11.06.14.ivana.seductive.wet.fingering.1080p.mp4,452180851,945.493,,u1753d61,"Anal, Masturbation, Outdoors, Shaved Pussy, Solo"
wowgirls.11.06.14.eleanor.and.nadin.lesbo.revenge.match.1080p.mp4,564607596,1178.227,,y304d0dc,"Blonde, Lesbian, Masturbation, Pussy Licking, Shaved Pussy, Small Tits, Toys"
wowgirls.11.06.10.lorena.fuck.me.lorena.1080p.mp4,554041037,1148.203,,nb4687d2,"Anal, Blonde, Dildo, Fuck Me"
wowgirls.11.06.09.lorena.lorena.wanna.cum.here.1080p.mp4,555910908,1160.278,,l6951793,"Blonde, Dildo, Finger Licking, Masturbation, Shaved Pussy, Solo"
wowgirls.11.06.09.gloria.sweetest.girl.1080p.mp4,529173625,1097.352,,q885eb10,"Hairy Pussy, Softcore, Solo, Stockings"
wowgirls.11.05.30.lorena.and.natasha.von.shaved.pussy.crash.test.1080p.mp4,802878800,1665.381,,xc91e7b2,"69, Dildo, Masturbation, Pussy Licking, Shaved Pussy"
wowgirls.11.05.10.mika.im.moaning.im.cumming.1080p.mp4,500710944,1047.405,,s5615fb3,"Masturbation, Outdoors, Shaved Pussy, Small Tits, Solo"
wowgirls.11.05.09.eleanor.nadin.and.stephanie.out.of.control.1080p.mp4,658769659,1376.525,,q725579b,"Blonde, Dildo, FFF+, Lesbian, Masturbation, Outdoors, Pussy Licking, Shaved Pussy, Small Tits, Threesome"
wowgirls.11.05.04.jasmin.my.glass.ribbed.friend.1080p.mp4,507218084,1051.097,,xaa64147,"Brunette, Masturbation, Solo"
wowgirls.11.04.30.inez.mysterious.eastern.beauty.1080p.mp4,413922187,860.438,,ufc1da74,"Big Tits, Brunette, Masturbation, Outdoors, Pantyhose, Shaved Pussy, Solo, Toys"
wowgirls.11.04.29.inez.busty.mademoiselle.1080p.mp4,441302183,922.412,,td8d405c,"Big Tits, Masturbation, Outdoors, Pool, Shaved Pussy, Solo"
wowgirls.11.04.26.lucky.pussy.enjoys.a.date.720p.mp4,795165638,1168.1356,,l92b4523,"Blonde, Brunette, Group, Hardcore, Outdoors, Pussy Licking, Shaved Pussy, Small Tits"
wowgirls.11.04.21.dakota.and.mia.the.toy.that.saved.us.720p.mp4,908470609,1098.302,,z256ab28,"Blonde, Brunette, Dildo, Lesbian, Masturbation, Outdoors, Pussy Licking, Shaved Pussy"
wowgirls.11.04.18.inez.juicy.boobies.1080p.mp4,496363999,1037.049,,x35d8e13,"Big Tits, Dildo, Masturbation, Outdoors, Redhead, Shaved Pussy, Solo"
wowgirls.11.04.17.eleanor.and.nadin.girly.love.720p.mp4,667431454,1296.4022,,p2fb1a6d,"Blonde, Lesbian, Masturbation, Pussy Licking, Shaved Pussy, Small Tits"
wowgirls.11.04.16.elisse.and.stephanie.master.stroke.1080p.mp4,728355592,1521.928,,k3b6d34f,"Blonde, Blowjob, FFM, Hardcore, Pussy Licking, Shaved Pussy, Small Tits, Threesome"
wowgirls.11.04.14.adria.dakota.mia.and.romea.colourful.lesbo.orgy.1080p.mp4,506849822,1057.111,,pc4acfd8,"Big Tits, Blonde, Brunette, Dildo, FFF+, Group, Lesbian, Masturbation, Outdoors, Pussy Licking, Redhead, Shaved Pussy"
wowgirls.11.04.11.dakota.mia.and.romea.choose.your.best.one.1080p.mp4,654586113,1367.446,,vedc7dde,"Blonde, Brunette, Dildo, FFF+, Finger Licking, Masturbation, Outdoors, Redhead, Threesome"
wowgirls.11.04.09.inez.busty.inez.needs.an.orgasm.1080p.mp4,567010205,1174.256,,p31a713d,"Big Tits, Dildo, Masturbation, Outdoors, Redhead, Shaved Pussy, Solo"
wowgirls.11.04.08.eleanor.big.enough.to.be.happy.1080p.mp4,441375080,921.53,,ya8a441b,"Blonde, Dildo, Masturbation, Outdoors, Shaved Pussy, Solo"
wowgirls.11.03.15.natasha.red.knob.1080p.mp4,441259679,921.994,,md0b2638,"Finger Licking, Masturbation, Outdoors, Redhead, Shaved Pussy, Solo"
wowgirls.11.03.11.ivana.gspot.stimulation.1080p.mp4,276504601,577.22504,,l2955e2f,"Dildo, Masturbation, Shaved Pussy, Solo"
wowgirls.11.03.09.elisse.and.nadin.outdoors.and.in.heat.1080p.mp4,695659943,1450.829,,nc0394f9,"Blonde, Blowjob, FFM, Hardcore, Outdoors, Pussy Licking, Shaved Pussy, Threesome"
wowgirls.11.03.07.lily.and.mia.first.time.anal.action.1080p.mp4,558340641,1167.708,,z85d6458,"Anal, Brunette, Lesbian, Masturbation, Outdoors, Shaved Pussy, Toys"
wowgirls.11.03.04.nadin.and.stephanie.threesome.in.the.park.1080p.mp4,653107203,1364.079,,nd44deb1,"Blonde, Blowjob, FFM, Hardcore, Outdoors, Pussy Licking, Shaved Pussy, Small Tits, Threesome"
wowgirls.11.03.01.maria.princess.bedroom.1080p.mp4,299729471,626.474,,z1d5a41a,"Brunette, Masturbation, Shaved Pussy, Solo"
wowgirls.11.02.25.monica.big.red.toy.1080p.mp4,386017828,806.661,,sf4eca6f,"Brunette, Dildo, Masturbation, Oil and Cream, Outdoors, Shaved Pussy, Solo"
wowgirls.11.02.23.adria.and.mia.peaceful.mood.1080p.mp4,648172526,1354.2109,,vf817b57,"Big Tits, Dildo, Lesbian, Masturbation, Outdoors, Pussy Licking, Shaved Pussy"
wowgirls.11.02.20.nadin.perfect.cock.for.nadin.1080p.mp4,587296353,1225.735,,q533b4c8,"Blonde, Blowjob, Hardcore, Shaved Pussy"
wowgirls.11.02.18.megana.sunny.day.1080p.mp4,504927012,1056.601,,m4fcee62,"Blonde, Dildo, Masturbation, Outdoors, Shaved Pussy, Solo"
wowgirls.11.02.17.nadin.and.stephanie.two.blondes.get.drilled.1080p.mp4,787929575,1638.678,,r0acb83e,"Blonde, Blowjob, Hardcore, Outdoors, Pussy Licking, Shaved Pussy, Small Tits, Threesome"
wowgirls.11.02.16.mia.nadin.and.stephanie.pussy.love.1080p.mp4,624949988,1304.357,,r0aeb76a,"Blonde, Brunette, FFF+, Lesbian, Masturbation, Outdoors, Pantyhose, Pussy Licking, Shaved Pussy, Small Tits, Threesome"
wowgirls.11.02.16.adria.interview.with.adria.1080p.mp4,452295047,945.331,,n8c9da43,"Big Tits, Brunette, Dildo, Interview, Masturbation, Shaved Pussy, Solo"
wowgirls.11.02.09.natasha.huge.glass.toy.1080p.mp4,468552893,977.049,,ma7da5c1,"Dildo, Masturbation, Redhead, Shaved Pussy, Solo"
wowgirls.11.02.06.elisse.hit.by.sword.dildo.1080p.mp4,412625932,862.969,,kde7698d,"Blonde, Dildo, Masturbation, Outdoors, Shaved Pussy, Small Tits, Solo"
wowgirls.11.02.05.ivana.and.mia.two.in.the.tub.1080p.mp4,549417813,1146.299,,q2f7456d,"Bathroom, Brunette, Finger Licking, Lesbian, Masturbation, Shaved Pussy, Small Tits, Toys"
wowgirls.11.02.02.nadin.and.stephanie.pleasant.orgy.at.sunset.1080p.mp4,661962129,1380.798,,u72fbfb8,"Blonde, Blowjob, FFM, Hardcore, Outdoors, Pussy Licking, Shaved Pussy, Small Tits, Threesome"
wowgirls.11.01.31.natasha.anal.pleasure.1080p.mp4,476908657,989.704,,v5d5be18,"Anal, Dildo, Masturbation, Redhead, Shaved Pussy, Solo"
wowgirls.11.01.30.stasha.sweet.pussy.1080p.mp4,235019720,489.337,,ydbaf8da,"Blonde, Outdoors, Shaved Pussy, Small Tits, Softcore, Solo"
wowgirls.11.01.28.nadin.and.stephanie.cumming.on.the.swings.1080p.mp4,542585368,1131.02,,qcad7846,"Blonde, Blowjob, FFM, Fetish, Hardcore, Outdoors, Shaved Pussy, Small Tits, Squirt, Threesome"
wowgirls.11.01.25.adria.and.lily.lesbian.passions.1080p.mp4,540199309,1128.652,,oe3e6fda,"Big Tits, Brunette, Lesbian, Masturbation, Outdoors, Pussy Licking, Shaved Pussy"
wowgirls.11.01.20.ivana.and.mia.quiet.pleasures.720p.mp4,289210730,882.35803,,m6313b2b,"Brunette, Lesbian, Masturbation, Outdoors, Shaved Pussy, Small Tits"
wowgirls.11.01.15.ivana.invisible.lover.720p.mp4,313984117,975.029,,s0e12641,"Anal, Masturbation, Shaved Pussy, Small Tits, Solo"
wowgirls.11.01.14.elisse.and.stephanie.first.anal.experience.720p.mp4,373679559,1136.57,,z5272910,"Anal, Blonde, Dildo, Lesbian, Masturbation, Pussy Licking, Shaved Pussy, Small Tits"
wowgirls.11.01.12.mia.and.romea.tasty.treats.720p.mp4,333729417,1032.08,,mcd6e67c,"69, Brunette, Lesbian, Masturbation, Outdoors, Pussy Licking, Redhead, Shaved Pussy"
wowgirls.11.01.10.elisse.nadin.and.stephanie.foursome.anal.orgy.720p.mp4,465989376,1406.7109,,lc5b9509,"Anal, Blonde, Blowjob, Cum In Mouth, Cum On Face, Group, Hardcore, Outdoors, Shaved Pussy, Small Tits"
wowgirls.11.01.05.mia.toying.720p.mp4,314732087,965.602,,t9276932,"Brunette, Dildo, Masturbation, Outdoors, Shaved Pussy, Solo"
wowgirls.11.01.04.inez.perfect.boobs.720p.mp4,314656395,957.12604,,u2475416,"Big Tits, Masturbation, Outdoors, Shaved Pussy, Solo"
wowgirls.11.01.02.adria.maria.and.monica.triad.720p.mp4,109562663,362.951,,lb038e63,"Big Tits, Brunette, FFF+, Lesbian, Outdoors, Shaved Pussy, Softcore, Threesome"
wowgirls.10.12.29.stephanie.getting.off.with.stephanie.720p.mp4,417921615,1262.0287,,z84cdd47,"Blonde, Hardcore, Outdoors, POV, Shaved Pussy, Small Tits"
wowgirls.10.12.27.maria.and.natasha.dancing.duet.720p.mp4,221787229,688.1,,o976e60e,"Brunette, Dance, Masturbation, Outdoors, Redhead, Shaved Pussy, Small Tits"
wowgirls.10.12.25.mika.newbie.720p.mp4,302771970,921.228,,v807db88,"Masturbation, Outdoors, Shaved Pussy, Small Tits, Solo"
wowgirls.10.12.23.inez.puffy.nipples.got.hard.720p.mp4,306638213,968.50397,,y47b49ce,"Big Tits, Dildo, Masturbation, Shaved Pussy, Solo"
wowgirls.10.12.23.dakota.make.a.wish.720p.mp4,408972144,1242.964,,s35d3816,"Blonde, Dildo, Masturbation, Outdoors, Shaved Pussy, Solo"
wowgirls.10.12.22.beata.masturbation.on.the.green.glade.720p.mp4,205589946,624.129,,p67bb347,"Masturbation, Outdoors, Pee, Shaved Pussy, Solo, Toys"
wowgirls.10.12.18.lily.breathless.720p.mp4,275620120,895.408,,rc5f9ddf,"Big Tits, Brunette, Masturbation, Outdoors, Shaved Pussy, Solo"
wowgirls.10.12.18.elisse.and.stephanie.amazing.threesome.experience.720p.mp4,388202628,1172.608,,r07b2c0a,"Blonde, Cum On Face, FFM, Hardcore, Shaved Pussy, Small Tits, Threesome"
wowgirls.10.12.17.amazing.five.720p.mp4,370902573,1120.757,,m2970fa4,"Blonde, Brunette, FFF+, Lesbian, Masturbation, Pussy Licking, Shaved Pussy, Small Tits"
wowgirls.10.12.14.dakota.and.mia.keep.off.the.grass.720p.mp4,397438389,1205.417,,mf7ffe6b,"Blonde, Brunette, Lesbian, Masturbation, Outdoors, Pussy Licking, Shaved Pussy, Toys"
wowgirls.10.12.14.beata.hayloft.720p.mp4,188687294,574.16,,md9affd7,"Anal, Masturbation, Outdoors, Shaved Pussy, Solo, Toys"
wowgirls.10.12.06.maria.and.monica.strong.desire.720p.mp4,452904173,1370.7708,,qbaa9335,"Brunette, Dildo, Lesbian, Masturbation, Outdoors, Shaved Pussy"
wowgirls.10.12.05.adria.and.romea.first.girly.date.720p.mp4,320680592,980.95,,xfc72d04,"Big Tits, Brunette, Lesbian, Masturbation, Outdoors, Pussy Licking, Redhead, Shaved Pussy"
wowgirls.10.12.01.adria.maria.and.monica.siesta.1080p.mp4,498205137,1033.079,,w3715d2f,"Big Tits, Brunette, Dildo, FFF+, Lesbian, Masturbation, Outdoors, Shaved Pussy, Threesome"
wowgirls.10.11.30.mia.beyond.the.limit.1080p.mp4,527253692,1121.291,,k54dc05f,"Anal, Brunette, Dildo, Masturbation, Shaved Pussy, Solo, Toys"
wowgirls.10.11.29.megana.and.mia.lets.train.your.ass.hole.1080p.mp4,388344636,811.026,,x1e35258,"Anal, Blonde, Brunette, Lesbian, Masturbation, Outdoors, Shaved Pussy, Toys"
wowgirls.10.11.28.maria.and.mia.sugar.girls.720p.mp4,179765361,570.491,,qe6c5110,"Brunette, Lesbian, Masturbation, Shaved Pussy"
wowgirls.10.11.23.maria.sentimental.720p.mp4,349527352,1151.686,,q30484bc,"Masturbation, Outdoors, Shaved Pussy, Solo, Toys"
wowgirls.10.11.21.beata.and.natasha.friendship.720p.mp4,480059088,1522.3,,n83ec38a,"Lesbian, Redhead, Shaved Pussy, Toys"
wowgirls.10.11.18.adria.alone.at.the.pool.720p.mp4,278835829,846.1128,,w63f39ab,"Big Tits, Brunette, Masturbation, Outdoors, Shaved Pussy, Solo"
wowgirls.10.11.15.natasha.golden.shower.720p.mp4,196197464,626.10297,,o0f50b98,"Bathroom, Masturbation, Pee, Redhead, Solo"
wowgirls.10.11.12.adria.boobs.are.in.the.gym.720p.mp4,153171479,471.34198,,v1b6b9c1,"Big Tits, Brunette, Shaved Pussy, Softcore, Solo, Sport and Fitness"
wowgirls.10.11.12.adria.and.megana.warmup.720p.mp4,327099363,991.631,,p055c23e,"Big Tits, Blonde, Brunette, Masturbation, Outdoors, Shaved Pussy, Toys"
wowgirls.10.11.10.lily.and.megana.true.story.720p.mp4,406813849,1284.737,,p7213b79,"Blonde, Brunette, Lesbian, Masturbation, Shaved Pussy, Toys"
wowgirls.10.11.09.ivana.garage.girl.720p.mp4,325540556,986.10504,,qb80e4ac,"Masturbation, Shaved Pussy, Solo"
wowgirls.10.10.30.adria.good.time.720p.mp4,306321341,1027.042,,sb32a9b3,"Anal, Big Tits, Brunette, Dildo, Masturbation, Shaved Pussy, Solo"
wowgirls.10.10.26.adria.and.lily.wet.bathing.720p.mp4,277957845,858.744,,rc7c258d,"Bathroom, Big Tits, Brunette, Dildo, Lesbian, Masturbation, Shaved Pussy"
wowgirls.10.10.25.ivana.midday.heat.720p.mp4,242483295,750.956,,w2573499,"Anal, Masturbation, Outdoors, Shaved Pussy, Solo"
wowgirls.10.10.15.adria.and.maria.chemistry.720p.mp4,372503284,1153.358,,nd0015a6,"Big Tits, Brunette, Lesbian, Masturbation, Outdoors, Shaved Pussy"
wowgirls.10.10.12.beata.fancy.jerker.720p.mp4,210683919,668.084,,q6388896,"Anal, Masturbation, Shaved Pussy, Solo, Toys"
wowgirls.10.10.11.maria.and.monica.girly.playground.720p.mp4,382443054,1171.191,,pa4488b5,"Brunette, Lesbian, Masturbation, Outdoors, Shaved Pussy"
wowgirls.10.10.09.ivana.playing.in.the.backyard.720p.mp4,310433087,942.01,,s988d80e,"Anal, Masturbation, Outdoors, Shaved Pussy, Solo"
wowgirls.10.09.29.ivana.away.from.my.boyfriend.720p.mp4,317137925,964.97504,,n2c06097,"Dildo, Masturbation, Outdoors, Shaved Pussy, Solo"
wowgirls.10.09.24.ivana.behind.closed.curtains.720p.mp4,311592867,975.029,,u00c9154,"Brunette, Masturbation, Shaved Pussy, Solo"
wowgirls.10.09.20.adria.maria.and.monica.threefold.delight.720p.mp4,369512985,1120.363,,kfccaafa,"Big Tits, Brunette, Dildo, FFF+, Lesbian, Masturbation, Outdoors, Shaved Pussy, Threesome"
wowgirls.10.09.15.adria.watermelon.720p.mp4,443369491,1409.66,,vf8c9e53,"Big Tits, Brunette, Masturbation, Shaved Pussy, Solo, Toys"
wowgirls.10.09.14.megana.passion.moments.720p.mp4,362363861,1230.077,,ma688253,"Anal, Blonde, Masturbation, Shaved Pussy, Solo, Toys"
wowgirls.10.09.12.monica.alone.in.the.light.720p.mp4,298502815,1062.545,,x2a416ec,"Brunette, Masturbation, Outdoors, Shaved Pussy, Solo, Toys"
wowgirls.10.09.08.maria.and.monica.give.me.your.hand.720p.mp4,343675505,1053.396,,ka2b52bf,"Brunette, Lesbian, Masturbation, Oil and Cream, Outdoors, Shaved Pussy, Toys"
wowgirls.10.09.07.lily.and.mia.double.trouble.720p.mp4,353300290,1110.726,,x779e4fd,"Anal, Lesbian, Masturbation, Outdoors, Shaved Pussy, Toys"
wowgirls.10.09.06.maria.while.im.alone.720p.mp4,374407963,1235.58,,p5c4f629,"Dildo, Finger Licking, Masturbation, Shaved Pussy, Solo"
wowgirls.10.08.31.mia.interview.with.mia.720p.mp4,198675967,653.64197,,ve5e8ac1,"Brunette, Interview, Masturbation, Shaved Pussy, Solo"
wowgirls.10.08.29.lily.hidden.emotions.1080p.mp4,237664667,492.332,,ze06da5b,"Brunette, Masturbation, Oil and Cream, Shaved Pussy, Solo"
wowgirls.10.08.27.adria.la.siesta.1080p.mp4,345613364,716.196,,z978b6c8,"Big Tits, Brunette, Masturbation, Shaved Pussy, Solo"
wowgirls.10.07.19.beata.home.alone.720p.mp4,223901763,755.926,,x49afbc2,"Masturbation, Shaved Pussy, Solo, Toys"
wowgirls.10.07.18.beata.and.natasha.depths.of.domination.720p.mp4,527929695,1628.369,,ueec0a5a,"Dildo, Fetish, Lesbian, Redhead, Shaved Pussy"
wowgirls.10.05.09.natasha.coffee.break.720p.mp4,284997448,915.029,,w0df69ad,"Anal, Blowjob, Brunette, Hardcore, Redhead, Shaved Pussy, Small Tits"
wowgirls.10.01.03.natasha.natashas.hardcore.fuck.1080p.mp4,380952415,813.325,,u6cbf97c,"Blowjob, Finger Licking, Hardcore, Redhead, Shaved Pussy, Small Tits"
wowgirls.09.11.25.ivana.and.natasha.girls.jerk.off.better.1080p.mp4,226077661,468.021,,u07e96b3,"Lesbian, Redhead, Shaved Pussy"
wowgirls.09.08.16.natasha.fucked.hard.from.behind.720p.mp4,300846161,991.538,,n74ba62e,"Blowjob, Hardcore, Redhead, Shaved Pussy"
wowgirls.09.07.20.ivana.and.natasha.double.jerkoff.720p.mp4,180485491,551.033,,q4fcc859,"Blonde, Lesbian, Redhead, Shaved Pussy"
wowgirls.09.03.19.natasha.fucking.on.the.bench.1080p.mp4,304873253,631.466,,y4d08f0c,"Blowjob, Brunette, Hardcore, Outdoors, Shaved Pussy, Small Tits"
wowgirls.09.03.10.natasha.skinny.girl.gets.fucked.hard.720p.mp4,425444544,1367.609,,v9c0f31f,"Blowjob, Deepthroat, Hairy Pussy, Hardcore, Redhead"
wowgirls.09.01.25.natasha.kama.sutra.girl.720p.mp4,322449067,1044.921,,u29a9952,"Anal, Blowjob, Hardcore, Redhead, Shaved Pussy, Small Tits"
wowgirls.08.12.14.natasha.hardcore.scene.on.the.bed.1080p.mp4,456453572,973.194,,o73d4ff1,"Blowjob, Hairy Pussy, Hardcore, Redhead"
wowgirls.08.11.09.natasha.hot.brunette.gives.blowjob.and.fucks.1080p.mp4,507726776,1081.655,,w9e1b223,"Blowjob, Hardcore, Redhead, Shaved Pussy, Small Tits"
wowgirls.08.09.21.natasha.adventure.on.table.1080p.mp4,498486431,1051.562,,m818c119,"Anal, Blowjob, Hairy Pussy, Hardcore, Redhead"
wowgirls.08.09.10.natasha.usefull.furniture.1080p.mp4,472263085,998.644,,yeb2e97d,"Blowjob, Deepthroat, Hairy Pussy, Handjob, Hardcore, Lingerie, Small Tits"
wowgirls.08.08.08.natasha.she.is.too.shy.with.this.huge.toy.1080p.mp4,529218341,1128.443,,q76de497,"Blowjob, Hardcore, Redhead, Shaved Pussy, Small Tits"
wowgirls.08.07.21.natasha.sporty.girl.gets.fuck.1080p.mp4,359097229,766.816,,y167a5b5,"Blowjob, Brunette, Hardcore, Shaved Pussy, Small Tits"
